<?xml version="1.0" encoding="utf-8"?>
<gpx xmlns="http://www.topografix.com/GPX/1/1" version="1.1" creator="https://mapy.com/">
	<trk>
		<name>Bílé Karpaty</name>
		<trkseg>
			<trkpt lat="49.113171" lon="18.327608">
				<ele>270.000000</ele>
			</trkpt>
			<trkpt lat="49.113265" lon="18.327654">
				<ele>270.000000</ele>
			</trkpt>
			<trkpt lat="49.113377" lon="18.327698">
				<ele>270.000000</ele>
			</trkpt>
			<trkpt lat="49.113400" lon="18.327770">
				<ele>270.000000</ele>
			</trkpt>
			<trkpt lat="49.113594" lon="18.327851">
				<ele>270.000000</ele>
			</trkpt>
			<trkpt lat="49.113689" lon="18.327887">
				<ele>270.000000</ele>
			</trkpt>
			<trkpt lat="49.113676" lon="18.327941">
				<ele>270.000000</ele>
			</trkpt>
			<trkpt lat="49.113676" lon="18.327950">
				<ele>270.000000</ele>
			</trkpt>
			<trkpt lat="49.113659" lon="18.328021">
				<ele>270.000000</ele>
			</trkpt>
			<trkpt lat="49.113653" lon="18.328084">
				<ele>270.000000</ele>
			</trkpt>
			<trkpt lat="49.113630" lon="18.328183">
				<ele>270.000000</ele>
			</trkpt>
			<trkpt lat="49.113988" lon="18.328300">
				<ele>270.000000</ele>
			</trkpt>
			<trkpt lat="49.114088" lon="18.328309">
				<ele>270.000000</ele>
			</trkpt>
			<trkpt lat="49.114188" lon="18.328309">
				<ele>270.000000</ele>
			</trkpt>
			<trkpt lat="49.114224" lon="18.328317">
				<ele>270.000000</ele>
			</trkpt>
			<trkpt lat="49.114241" lon="18.328354">
				<ele>270.000000</ele>
			</trkpt>
			<trkpt lat="49.114265" lon="18.328371">
				<ele>270.000000</ele>
			</trkpt>
			<trkpt lat="49.115299" lon="18.328696">
				<ele>270.000000</ele>
			</trkpt>
			<trkpt lat="49.115429" lon="18.328749">
				<ele>270.000000</ele>
			</trkpt>
			<trkpt lat="49.115623" lon="18.328839">
				<ele>270.000000</ele>
			</trkpt>
			<trkpt lat="49.115670" lon="18.328866">
				<ele>270.000000</ele>
			</trkpt>
			<trkpt lat="49.115723" lon="18.328910">
				<ele>270.000000</ele>
			</trkpt>
			<trkpt lat="49.116076" lon="18.329117">
				<ele>270.000000</ele>
			</trkpt>
			<trkpt lat="49.116135" lon="18.329153">
				<ele>270.000000</ele>
			</trkpt>
			<trkpt lat="49.116269" lon="18.329252">
				<ele>270.000000</ele>
			</trkpt>
			<trkpt lat="49.116452" lon="18.329378">
				<ele>270.000000</ele>
			</trkpt>
			<trkpt lat="49.116887" lon="18.329746">
				<ele>270.000000</ele>
			</trkpt>
			<trkpt lat="49.117023" lon="18.329827">
				<ele>270.000000</ele>
			</trkpt>
			<trkpt lat="49.117087" lon="18.329872">
				<ele>270.000000</ele>
			</trkpt>
			<trkpt lat="49.117193" lon="18.329925">
				<ele>270.000000</ele>
			</trkpt>
			<trkpt lat="49.117240" lon="18.329944">
				<ele>270.000000</ele>
			</trkpt>
			<trkpt lat="49.117299" lon="18.329971">
				<ele>270.000000</ele>
			</trkpt>
			<trkpt lat="49.117369" lon="18.329988">
				<ele>270.000000</ele>
			</trkpt>
			<trkpt lat="49.117428" lon="18.329998">
				<ele>270.000000</ele>
			</trkpt>
			<trkpt lat="49.117463" lon="18.329998">
				<ele>270.000000</ele>
			</trkpt>
			<trkpt lat="49.117528" lon="18.330007">
				<ele>270.000000</ele>
			</trkpt>
			<trkpt lat="49.117569" lon="18.329998">
				<ele>270.000000</ele>
			</trkpt>
			<trkpt lat="49.117675" lon="18.329988">
				<ele>270.000000</ele>
			</trkpt>
			<trkpt lat="49.117769" lon="18.329971">
				<ele>270.000000</ele>
			</trkpt>
			<trkpt lat="49.117839" lon="18.329944">
				<ele>270.000000</ele>
			</trkpt>
			<trkpt lat="49.117910" lon="18.329917">
				<ele>270.000000</ele>
			</trkpt>
			<trkpt lat="49.117992" lon="18.329881">
				<ele>270.000000</ele>
			</trkpt>
			<trkpt lat="49.118034" lon="18.329854">
				<ele>270.000000</ele>
			</trkpt>
			<trkpt lat="49.118087" lon="18.329818">
				<ele>270.000000</ele>
			</trkpt>
			<trkpt lat="49.118140" lon="18.329782">
				<ele>270.000000</ele>
			</trkpt>
			<trkpt lat="49.118187" lon="18.329738">
				<ele>270.000000</ele>
			</trkpt>
			<trkpt lat="49.118228" lon="18.329701">
				<ele>270.000000</ele>
			</trkpt>
			<trkpt lat="49.118274" lon="18.329648">
				<ele>270.000000</ele>
			</trkpt>
			<trkpt lat="49.118345" lon="18.329575">
				<ele>270.000000</ele>
			</trkpt>
			<trkpt lat="49.118445" lon="18.329441">
				<ele>270.000000</ele>
			</trkpt>
			<trkpt lat="49.118627" lon="18.329180">
				<ele>270.000000</ele>
			</trkpt>
			<trkpt lat="49.118651" lon="18.329153">
				<ele>270.000000</ele>
			</trkpt>
			<trkpt lat="49.118669" lon="18.329109">
				<ele>270.000000</ele>
			</trkpt>
			<trkpt lat="49.118674" lon="18.329072">
				<ele>270.000000</ele>
			</trkpt>
			<trkpt lat="49.118680" lon="18.329027">
				<ele>270.000000</ele>
			</trkpt>
			<trkpt lat="49.118674" lon="18.329000">
				<ele>270.000000</ele>
			</trkpt>
			<trkpt lat="49.118686" lon="18.328983">
				<ele>270.000000</ele>
			</trkpt>
			<trkpt lat="49.118733" lon="18.328929">
				<ele>270.000000</ele>
			</trkpt>
			<trkpt lat="49.118792" lon="18.328866">
				<ele>270.000000</ele>
			</trkpt>
			<trkpt lat="49.118798" lon="18.328857">
				<ele>270.000000</ele>
			</trkpt>
			<trkpt lat="49.118833" lon="18.328866">
				<ele>270.000000</ele>
			</trkpt>
			<trkpt lat="49.118863" lon="18.328839">
				<ele>270.000000</ele>
			</trkpt>
			<trkpt lat="49.120168" lon="18.327025">
				<ele>270.000000</ele>
			</trkpt>
			<trkpt lat="49.120291" lon="18.326845">
				<ele>270.000000</ele>
			</trkpt>
			<trkpt lat="49.120685" lon="18.326270">
				<ele>270.000000</ele>
			</trkpt>
			<trkpt lat="49.120832" lon="18.326054">
				<ele>270.000000</ele>
			</trkpt>
			<trkpt lat="49.120844" lon="18.326036">
				<ele>270.000000</ele>
			</trkpt>
			<trkpt lat="49.120844" lon="18.325983">
				<ele>270.000000</ele>
			</trkpt>
			<trkpt lat="49.120785" lon="18.325811">
				<ele>270.000000</ele>
			</trkpt>
			<trkpt lat="49.120808" lon="18.325784">
				<ele>270.000000</ele>
			</trkpt>
			<trkpt lat="49.120838" lon="18.325757">
				<ele>270.000000</ele>
			</trkpt>
			<trkpt lat="49.120861" lon="18.325740">
				<ele>270.000000</ele>
			</trkpt>
			<trkpt lat="49.120891" lon="18.325713">
				<ele>270.000000</ele>
			</trkpt>
			<trkpt lat="49.120450" lon="18.324329">
				<ele>270.000000</ele>
			</trkpt>
			<trkpt lat="49.120438" lon="18.324275">
				<ele>270.000000</ele>
			</trkpt>
			<trkpt lat="49.120421" lon="18.324231">
				<ele>270.000000</ele>
			</trkpt>
			<trkpt lat="49.120403" lon="18.324176">
				<ele>270.000000</ele>
			</trkpt>
			<trkpt lat="49.120009" lon="18.323027">
				<ele>270.000000</ele>
			</trkpt>
			<trkpt lat="49.119815" lon="18.322488">
				<ele>270.000000</ele>
			</trkpt>
			<trkpt lat="49.119557" lon="18.321759">
				<ele>270.000000</ele>
			</trkpt>
			<trkpt lat="49.119404" lon="18.321329">
				<ele>270.000000</ele>
			</trkpt>
			<trkpt lat="49.119386" lon="18.321302">
				<ele>270.000000</ele>
			</trkpt>
			<trkpt lat="49.119368" lon="18.321256">
				<ele>270.000000</ele>
			</trkpt>
			<trkpt lat="49.119362" lon="18.321230">
				<ele>270.000000</ele>
			</trkpt>
			<trkpt lat="49.119339" lon="18.321149">
				<ele>270.000000</ele>
			</trkpt>
			<trkpt lat="49.119068" lon="18.320224">
				<ele>270.000000</ele>
			</trkpt>
			<trkpt lat="49.119056" lon="18.320188">
				<ele>270.000000</ele>
			</trkpt>
			<trkpt lat="49.119045" lon="18.320143">
				<ele>270.000000</ele>
			</trkpt>
			<trkpt lat="49.119033" lon="18.320107">
				<ele>270.000000</ele>
			</trkpt>
			<trkpt lat="49.119021" lon="18.320063">
				<ele>270.000000</ele>
			</trkpt>
			<trkpt lat="49.118998" lon="18.319990">
				<ele>270.000000</ele>
			</trkpt>
			<trkpt lat="49.118956" lon="18.319838">
				<ele>270.000000</ele>
			</trkpt>
			<trkpt lat="49.118657" lon="18.318805">
				<ele>270.000000</ele>
			</trkpt>
			<trkpt lat="49.118580" lon="18.318535">
				<ele>270.000000</ele>
			</trkpt>
			<trkpt lat="49.118280" lon="18.317475">
				<ele>270.000000</ele>
			</trkpt>
			<trkpt lat="49.118122" lon="18.316901">
				<ele>270.000000</ele>
			</trkpt>
			<trkpt lat="49.118028" lon="18.316559">
				<ele>270.000000</ele>
			</trkpt>
			<trkpt lat="49.117786" lon="18.315696">
				<ele>270.000000</ele>
			</trkpt>
			<trkpt lat="49.117698" lon="18.315373">
				<ele>270.000000</ele>
			</trkpt>
			<trkpt lat="49.117681" lon="18.315301">
				<ele>270.000000</ele>
			</trkpt>
			<trkpt lat="49.117616" lon="18.315086">
				<ele>270.000000</ele>
			</trkpt>
			<trkpt lat="49.117581" lon="18.314914">
				<ele>270.000000</ele>
			</trkpt>
			<trkpt lat="49.117569" lon="18.314843">
				<ele>270.000000</ele>
			</trkpt>
			<trkpt lat="49.117563" lon="18.314771">
				<ele>270.000000</ele>
			</trkpt>
			<trkpt lat="49.117575" lon="18.314700">
				<ele>270.000000</ele>
			</trkpt>
			<trkpt lat="49.117592" lon="18.314627">
				<ele>270.000000</ele>
			</trkpt>
			<trkpt lat="49.117610" lon="18.314583">
				<ele>270.000000</ele>
			</trkpt>
			<trkpt lat="49.117622" lon="18.314555">
				<ele>270.000000</ele>
			</trkpt>
			<trkpt lat="49.117616" lon="18.314538">
				<ele>270.000000</ele>
			</trkpt>
			<trkpt lat="49.117610" lon="18.314501">
				<ele>270.000000</ele>
			</trkpt>
			<trkpt lat="49.117599" lon="18.314465">
				<ele>270.000000</ele>
			</trkpt>
			<trkpt lat="49.117581" lon="18.314421">
				<ele>270.000000</ele>
			</trkpt>
			<trkpt lat="49.117569" lon="18.314385">
				<ele>270.000000</ele>
			</trkpt>
			<trkpt lat="49.117558" lon="18.314340">
				<ele>270.000000</ele>
			</trkpt>
			<trkpt lat="49.117546" lon="18.314285">
				<ele>270.000000</ele>
			</trkpt>
			<trkpt lat="49.117522" lon="18.314285">
				<ele>270.000000</ele>
			</trkpt>
			<trkpt lat="49.117487" lon="18.314277">
				<ele>270.000000</ele>
			</trkpt>
			<trkpt lat="49.117434" lon="18.314241">
				<ele>270.000000</ele>
			</trkpt>
			<trkpt lat="49.117387" lon="18.314196">
				<ele>270.000000</ele>
			</trkpt>
			<trkpt lat="49.117369" lon="18.314169">
				<ele>270.000000</ele>
			</trkpt>
			<trkpt lat="49.117316" lon="18.314071">
				<ele>270.000000</ele>
			</trkpt>
			<trkpt lat="49.117157" lon="18.313541">
				<ele>270.000000</ele>
			</trkpt>
			<trkpt lat="49.117146" lon="18.313496">
				<ele>270.000000</ele>
			</trkpt>
			<trkpt lat="49.117004" lon="18.312993">
				<ele>270.000000</ele>
			</trkpt>
			<trkpt lat="49.116993" lon="18.312930">
				<ele>270.000000</ele>
			</trkpt>
			<trkpt lat="49.116951" lon="18.312759">
				<ele>270.000000</ele>
			</trkpt>
			<trkpt lat="49.116940" lon="18.312714">
				<ele>270.000000</ele>
			</trkpt>
			<trkpt lat="49.116898" lon="18.312427">
				<ele>270.000000</ele>
			</trkpt>
			<trkpt lat="49.116887" lon="18.312031">
				<ele>270.000000</ele>
			</trkpt>
			<trkpt lat="49.116852" lon="18.312031">
				<ele>270.000000</ele>
			</trkpt>
			<trkpt lat="49.116781" lon="18.312031">
				<ele>270.000000</ele>
			</trkpt>
			<trkpt lat="49.116569" lon="18.310872">
				<ele>270.000000</ele>
			</trkpt>
			<trkpt lat="49.116329" lon="18.309597">
				<ele>270.000000</ele>
			</trkpt>
			<trkpt lat="49.116299" lon="18.309408">
				<ele>270.000000</ele>
			</trkpt>
			<trkpt lat="49.116258" lon="18.309408">
				<ele>270.000000</ele>
			</trkpt>
			<trkpt lat="49.116187" lon="18.309014">
				<ele>270.000000</ele>
			</trkpt>
			<trkpt lat="49.116129" lon="18.308698">
				<ele>270.000000</ele>
			</trkpt>
			<trkpt lat="49.116076" lon="18.308411">
				<ele>270.000000</ele>
			</trkpt>
			<trkpt lat="49.115834" lon="18.307109">
				<ele>270.000000</ele>
			</trkpt>
			<trkpt lat="49.115711" lon="18.306444">
				<ele>270.000000</ele>
			</trkpt>
			<trkpt lat="49.115670" lon="18.306219">
				<ele>270.000000</ele>
			</trkpt>
			<trkpt lat="49.115658" lon="18.306111">
				<ele>270.000000</ele>
			</trkpt>
			<trkpt lat="49.115653" lon="18.306039">
				<ele>270.000000</ele>
			</trkpt>
			<trkpt lat="49.115647" lon="18.305995">
				<ele>270.000000</ele>
			</trkpt>
			<trkpt lat="49.115647" lon="18.305949">
				<ele>270.000000</ele>
			</trkpt>
			<trkpt lat="49.115653" lon="18.305851">
				<ele>270.000000</ele>
			</trkpt>
			<trkpt lat="49.115681" lon="18.305708">
				<ele>270.000000</ele>
			</trkpt>
			<trkpt lat="49.115723" lon="18.305473">
				<ele>270.000000</ele>
			</trkpt>
			<trkpt lat="49.115729" lon="18.305446">
				<ele>270.000000</ele>
			</trkpt>
			<trkpt lat="49.115858" lon="18.304387">
				<ele>271.000000</ele>
			</trkpt>
			<trkpt lat="49.115917" lon="18.303848">
				<ele>272.000000</ele>
			</trkpt>
			<trkpt lat="49.115911" lon="18.303578">
				<ele>273.000000</ele>
			</trkpt>
			<trkpt lat="49.115893" lon="18.303327">
				<ele>273.000000</ele>
			</trkpt>
			<trkpt lat="49.115840" lon="18.302698">
				<ele>275.000000</ele>
			</trkpt>
			<trkpt lat="49.115834" lon="18.302500">
				<ele>276.000000</ele>
			</trkpt>
			<trkpt lat="49.115852" lon="18.302293">
				<ele>276.000000</ele>
			</trkpt>
			<trkpt lat="49.115882" lon="18.302132">
				<ele>277.000000</ele>
			</trkpt>
			<trkpt lat="49.115911" lon="18.301987">
				<ele>277.000000</ele>
			</trkpt>
			<trkpt lat="49.115952" lon="18.301827">
				<ele>277.000000</ele>
			</trkpt>
			<trkpt lat="49.115999" lon="18.301710">
				<ele>278.000000</ele>
			</trkpt>
			<trkpt lat="49.116040" lon="18.301574">
				<ele>278.000000</ele>
			</trkpt>
			<trkpt lat="49.116158" lon="18.301081">
				<ele>280.000000</ele>
			</trkpt>
			<trkpt lat="49.116288" lon="18.300704">
				<ele>280.000000</ele>
			</trkpt>
			<trkpt lat="49.116617" lon="18.300029">
				<ele>282.000000</ele>
			</trkpt>
			<trkpt lat="49.116546" lon="18.299814">
				<ele>284.000000</ele>
			</trkpt>
			<trkpt lat="49.116517" lon="18.299733">
				<ele>284.000000</ele>
			</trkpt>
			<trkpt lat="49.116458" lon="18.299635">
				<ele>285.000000</ele>
			</trkpt>
			<trkpt lat="49.116223" lon="18.299329">
				<ele>288.000000</ele>
			</trkpt>
			<trkpt lat="49.116164" lon="18.299221">
				<ele>288.000000</ele>
			</trkpt>
			<trkpt lat="49.116117" lon="18.299131">
				<ele>289.000000</ele>
			</trkpt>
			<trkpt lat="49.116046" lon="18.298987">
				<ele>290.000000</ele>
			</trkpt>
			<trkpt lat="49.116005" lon="18.298924">
				<ele>291.000000</ele>
			</trkpt>
			<trkpt lat="49.115952" lon="18.298861">
				<ele>292.000000</ele>
			</trkpt>
			<trkpt lat="49.115899" lon="18.298763">
				<ele>294.000000</ele>
			</trkpt>
			<trkpt lat="49.115829" lon="18.298601">
				<ele>296.000000</ele>
			</trkpt>
			<trkpt lat="49.115946" lon="18.298198">
				<ele>298.000000</ele>
			</trkpt>
			<trkpt lat="49.116099" lon="18.297819">
				<ele>300.000000</ele>
			</trkpt>
			<trkpt lat="49.116393" lon="18.297227">
				<ele>302.000000</ele>
			</trkpt>
			<trkpt lat="49.116652" lon="18.296571">
				<ele>304.000000</ele>
			</trkpt>
			<trkpt lat="49.116711" lon="18.296364">
				<ele>304.000000</ele>
			</trkpt>
			<trkpt lat="49.116787" lon="18.296041">
				<ele>305.000000</ele>
			</trkpt>
			<trkpt lat="49.116822" lon="18.295817">
				<ele>306.000000</ele>
			</trkpt>
			<trkpt lat="49.116887" lon="18.294819">
				<ele>309.000000</ele>
			</trkpt>
			<trkpt lat="49.116887" lon="18.294613">
				<ele>309.000000</ele>
			</trkpt>
			<trkpt lat="49.116905" lon="18.294379">
				<ele>310.000000</ele>
			</trkpt>
			<trkpt lat="49.116934" lon="18.294083">
				<ele>318.000000</ele>
			</trkpt>
			<trkpt lat="49.116993" lon="18.293634">
				<ele>316.000000</ele>
			</trkpt>
			<trkpt lat="49.117093" lon="18.292825">
				<ele>314.000000</ele>
			</trkpt>
			<trkpt lat="49.117110" lon="18.292682">
				<ele>313.000000</ele>
			</trkpt>
			<trkpt lat="49.117122" lon="18.292519">
				<ele>311.000000</ele>
			</trkpt>
			<trkpt lat="49.117099" lon="18.292376">
				<ele>310.000000</ele>
			</trkpt>
			<trkpt lat="49.117069" lon="18.292250">
				<ele>311.000000</ele>
			</trkpt>
			<trkpt lat="49.117051" lon="18.292188">
				<ele>311.000000</ele>
			</trkpt>
			<trkpt lat="49.116898" lon="18.291622">
				<ele>315.000000</ele>
			</trkpt>
			<trkpt lat="49.116846" lon="18.291361">
				<ele>316.000000</ele>
			</trkpt>
			<trkpt lat="49.116775" lon="18.291001">
				<ele>319.000000</ele>
			</trkpt>
			<trkpt lat="49.116746" lon="18.290651">
				<ele>320.000000</ele>
			</trkpt>
			<trkpt lat="49.116540" lon="18.289565">
				<ele>324.000000</ele>
			</trkpt>
			<trkpt lat="49.116540" lon="18.289213">
				<ele>326.000000</ele>
			</trkpt>
			<trkpt lat="49.116552" lon="18.288513">
				<ele>328.000000</ele>
			</trkpt>
			<trkpt lat="49.116528" lon="18.288307">
				<ele>329.000000</ele>
			</trkpt>
			<trkpt lat="49.116364" lon="18.287732">
				<ele>332.000000</ele>
			</trkpt>
			<trkpt lat="49.116152" lon="18.287229">
				<ele>337.000000</ele>
			</trkpt>
			<trkpt lat="49.115911" lon="18.286645">
				<ele>344.000000</ele>
			</trkpt>
			<trkpt lat="49.115717" lon="18.286187">
				<ele>349.000000</ele>
			</trkpt>
			<trkpt lat="49.115611" lon="18.286106">
				<ele>351.000000</ele>
			</trkpt>
			<trkpt lat="49.115429" lon="18.285818">
				<ele>354.000000</ele>
			</trkpt>
			<trkpt lat="49.115335" lon="18.285424">
				<ele>357.000000</ele>
			</trkpt>
			<trkpt lat="49.115288" lon="18.284282">
				<ele>366.000000</ele>
			</trkpt>
			<trkpt lat="49.115641" lon="18.283204">
				<ele>382.000000</ele>
			</trkpt>
			<trkpt lat="49.115364" lon="18.282513">
				<ele>393.000000</ele>
			</trkpt>
			<trkpt lat="49.115370" lon="18.282118">
				<ele>399.000000</ele>
			</trkpt>
			<trkpt lat="49.115605" lon="18.281273">
				<ele>412.000000</ele>
			</trkpt>
			<trkpt lat="49.115605" lon="18.280887">
				<ele>416.000000</ele>
			</trkpt>
			<trkpt lat="49.115482" lon="18.280339">
				<ele>422.000000</ele>
			</trkpt>
			<trkpt lat="49.115411" lon="18.279494">
				<ele>430.000000</ele>
			</trkpt>
			<trkpt lat="49.115394" lon="18.278613">
				<ele>433.000000</ele>
			</trkpt>
			<trkpt lat="49.115547" lon="18.277887">
				<ele>436.000000</ele>
			</trkpt>
			<trkpt lat="49.115582" lon="18.276682">
				<ele>440.000000</ele>
			</trkpt>
			<trkpt lat="49.115734" lon="18.275147">
				<ele>444.000000</ele>
			</trkpt>
			<trkpt lat="49.115634" lon="18.274617">
				<ele>446.000000</ele>
			</trkpt>
			<trkpt lat="49.115376" lon="18.274042">
				<ele>449.000000</ele>
			</trkpt>
			<trkpt lat="49.114635" lon="18.272927">
				<ele>465.000000</ele>
			</trkpt>
			<trkpt lat="49.113888" lon="18.270610">
				<ele>487.000000</ele>
			</trkpt>
			<trkpt lat="49.113729" lon="18.269900">
				<ele>490.000000</ele>
			</trkpt>
			<trkpt lat="49.113412" lon="18.268436">
				<ele>484.000000</ele>
			</trkpt>
			<trkpt lat="49.112553" lon="18.266334">
				<ele>468.000000</ele>
			</trkpt>
			<trkpt lat="49.112424" lon="18.265759">
				<ele>465.000000</ele>
			</trkpt>
			<trkpt lat="49.112336" lon="18.265319">
				<ele>462.000000</ele>
			</trkpt>
			<trkpt lat="49.112324" lon="18.264843">
				<ele>459.000000</ele>
			</trkpt>
			<trkpt lat="49.112448" lon="18.263855">
				<ele>452.000000</ele>
			</trkpt>
			<trkpt lat="49.112189" lon="18.263334">
				<ele>447.000000</ele>
			</trkpt>
			<trkpt lat="49.112007" lon="18.262642">
				<ele>440.000000</ele>
			</trkpt>
			<trkpt lat="49.111760" lon="18.262327">
				<ele>437.000000</ele>
			</trkpt>
			<trkpt lat="49.111636" lon="18.261690">
				<ele>434.000000</ele>
			</trkpt>
			<trkpt lat="49.111636" lon="18.261447">
				<ele>432.000000</ele>
			</trkpt>
			<trkpt lat="49.111636" lon="18.261151">
				<ele>431.000000</ele>
			</trkpt>
			<trkpt lat="49.111572" lon="18.260216">
				<ele>424.000000</ele>
			</trkpt>
			<trkpt lat="49.111631" lon="18.259399">
				<ele>417.000000</ele>
			</trkpt>
			<trkpt lat="49.111607" lon="18.259031">
				<ele>414.000000</ele>
			</trkpt>
			<trkpt lat="49.111513" lon="18.258518">
				<ele>408.000000</ele>
			</trkpt>
			<trkpt lat="49.111442" lon="18.258321">
				<ele>406.000000</ele>
			</trkpt>
			<trkpt lat="49.111378" lon="18.258276">
				<ele>405.000000</ele>
			</trkpt>
			<trkpt lat="49.111325" lon="18.258294">
				<ele>404.000000</ele>
			</trkpt>
			<trkpt lat="49.111260" lon="18.258231">
				<ele>403.000000</ele>
			</trkpt>
			<trkpt lat="49.111219" lon="18.258115">
				<ele>402.000000</ele>
			</trkpt>
			<trkpt lat="49.111219" lon="18.257944">
				<ele>401.000000</ele>
			</trkpt>
			<trkpt lat="49.111260" lon="18.257702">
				<ele>398.000000</ele>
			</trkpt>
			<trkpt lat="49.111172" lon="18.257386">
				<ele>395.000000</ele>
			</trkpt>
			<trkpt lat="49.111160" lon="18.257243">
				<ele>394.000000</ele>
			</trkpt>
			<trkpt lat="49.111236" lon="18.257036">
				<ele>391.000000</ele>
			</trkpt>
			<trkpt lat="49.111054" lon="18.256633">
				<ele>388.000000</ele>
			</trkpt>
			<trkpt lat="49.111136" lon="18.256497">
				<ele>386.000000</ele>
			</trkpt>
			<trkpt lat="49.111148" lon="18.256390">
				<ele>386.000000</ele>
			</trkpt>
			<trkpt lat="49.111101" lon="18.256300">
				<ele>385.000000</ele>
			</trkpt>
			<trkpt lat="49.110448" lon="18.255069">
				<ele>372.000000</ele>
			</trkpt>
			<trkpt lat="49.110260" lon="18.254943">
				<ele>369.000000</ele>
			</trkpt>
			<trkpt lat="49.110054" lon="18.254593">
				<ele>365.000000</ele>
			</trkpt>
			<trkpt lat="49.109684" lon="18.253803">
				<ele>356.000000</ele>
			</trkpt>
			<trkpt lat="49.109272" lon="18.252365">
				<ele>340.000000</ele>
			</trkpt>
			<trkpt lat="49.109113" lon="18.251836">
				<ele>340.000000</ele>
			</trkpt>
			<trkpt lat="49.109013" lon="18.251431">
				<ele>339.000000</ele>
			</trkpt>
			<trkpt lat="49.108902" lon="18.250973">
				<ele>338.000000</ele>
			</trkpt>
			<trkpt lat="49.108708" lon="18.250335">
				<ele>336.000000</ele>
			</trkpt>
			<trkpt lat="49.108684" lon="18.250281">
				<ele>337.000000</ele>
			</trkpt>
			<trkpt lat="49.108614" lon="18.250174">
				<ele>338.000000</ele>
			</trkpt>
			<trkpt lat="49.108584" lon="18.250092">
				<ele>339.000000</ele>
			</trkpt>
			<trkpt lat="49.108525" lon="18.249975">
				<ele>339.000000</ele>
			</trkpt>
			<trkpt lat="49.108378" lon="18.249760">
				<ele>340.000000</ele>
			</trkpt>
			<trkpt lat="49.108343" lon="18.249698">
				<ele>340.000000</ele>
			</trkpt>
			<trkpt lat="49.108255" lon="18.249572">
				<ele>340.000000</ele>
			</trkpt>
			<trkpt lat="49.108167" lon="18.249436">
				<ele>340.000000</ele>
			</trkpt>
			<trkpt lat="49.108126" lon="18.249346">
				<ele>340.000000</ele>
			</trkpt>
			<trkpt lat="49.108102" lon="18.249283">
				<ele>340.000000</ele>
			</trkpt>
			<trkpt lat="49.107896" lon="18.248341">
				<ele>345.000000</ele>
			</trkpt>
			<trkpt lat="49.107867" lon="18.248233">
				<ele>345.000000</ele>
			</trkpt>
			<trkpt lat="49.107837" lon="18.248161">
				<ele>346.000000</ele>
			</trkpt>
			<trkpt lat="49.107802" lon="18.248090">
				<ele>346.000000</ele>
			</trkpt>
			<trkpt lat="49.107796" lon="18.248090">
				<ele>347.000000</ele>
			</trkpt>
			<trkpt lat="49.107737" lon="18.248035">
				<ele>347.000000</ele>
			</trkpt>
			<trkpt lat="49.107708" lon="18.248000">
				<ele>348.000000</ele>
			</trkpt>
			<trkpt lat="49.107644" lon="18.247937">
				<ele>348.000000</ele>
			</trkpt>
			<trkpt lat="49.107485" lon="18.247748">
				<ele>350.000000</ele>
			</trkpt>
			<trkpt lat="49.107349" lon="18.247614">
				<ele>353.000000</ele>
			</trkpt>
			<trkpt lat="49.107273" lon="18.247398">
				<ele>355.000000</ele>
			</trkpt>
			<trkpt lat="49.107214" lon="18.246903">
				<ele>358.000000</ele>
			</trkpt>
			<trkpt lat="49.107120" lon="18.246427">
				<ele>362.000000</ele>
			</trkpt>
			<trkpt lat="49.106932" lon="18.245763">
				<ele>370.000000</ele>
			</trkpt>
			<trkpt lat="49.106738" lon="18.244712">
				<ele>377.000000</ele>
			</trkpt>
			<trkpt lat="49.106761" lon="18.243876">
				<ele>384.000000</ele>
			</trkpt>
			<trkpt lat="49.106655" lon="18.243077">
				<ele>392.000000</ele>
			</trkpt>
			<trkpt lat="49.106720" lon="18.241423">
				<ele>406.000000</ele>
			</trkpt>
			<trkpt lat="49.106591" lon="18.241235">
				<ele>409.000000</ele>
			</trkpt>
			<trkpt lat="49.106550" lon="18.240930">
				<ele>412.000000</ele>
			</trkpt>
			<trkpt lat="49.106761" lon="18.239725">
				<ele>423.000000</ele>
			</trkpt>
			<trkpt lat="49.106884" lon="18.238999">
				<ele>428.000000</ele>
			</trkpt>
			<trkpt lat="49.106914" lon="18.238783">
				<ele>430.000000</ele>
			</trkpt>
			<trkpt lat="49.106961" lon="18.238710">
				<ele>431.000000</ele>
			</trkpt>
			<trkpt lat="49.107344" lon="18.238289">
				<ele>439.000000</ele>
			</trkpt>
			<trkpt lat="49.107426" lon="18.237903">
				<ele>444.000000</ele>
			</trkpt>
			<trkpt lat="49.107708" lon="18.237794">
				<ele>449.000000</ele>
			</trkpt>
			<trkpt lat="49.107920" lon="18.237094">
				<ele>457.000000</ele>
			</trkpt>
			<trkpt lat="49.107902" lon="18.236599">
				<ele>462.000000</ele>
			</trkpt>
			<trkpt lat="49.107773" lon="18.235953">
				<ele>468.000000</ele>
			</trkpt>
			<trkpt lat="49.107678" lon="18.234758">
				<ele>479.000000</ele>
			</trkpt>
			<trkpt lat="49.107667" lon="18.234660">
				<ele>480.000000</ele>
			</trkpt>
			<trkpt lat="49.107473" lon="18.234282">
				<ele>484.000000</ele>
			</trkpt>
			<trkpt lat="49.107296" lon="18.233851">
				<ele>487.000000</ele>
			</trkpt>
			<trkpt lat="49.106767" lon="18.232010">
				<ele>504.000000</ele>
			</trkpt>
			<trkpt lat="49.106355" lon="18.230995">
				<ele>512.000000</ele>
			</trkpt>
			<trkpt lat="49.105938" lon="18.230167">
				<ele>517.000000</ele>
			</trkpt>
			<trkpt lat="49.105838" lon="18.229431">
				<ele>520.000000</ele>
			</trkpt>
			<trkpt lat="49.105797" lon="18.228722">
				<ele>520.000000</ele>
			</trkpt>
			<trkpt lat="49.105767" lon="18.228398">
				<ele>520.000000</ele>
			</trkpt>
			<trkpt lat="49.105726" lon="18.228093">
				<ele>520.000000</ele>
			</trkpt>
			<trkpt lat="49.105720" lon="18.227842">
				<ele>520.000000</ele>
			</trkpt>
			<trkpt lat="49.105761" lon="18.227634">
				<ele>520.000000</ele>
			</trkpt>
			<trkpt lat="49.106273" lon="18.226242">
				<ele>520.000000</ele>
			</trkpt>
			<trkpt lat="49.106332" lon="18.225999">
				<ele>520.000000</ele>
			</trkpt>
			<trkpt lat="49.106361" lon="18.225748">
				<ele>520.000000</ele>
			</trkpt>
			<trkpt lat="49.106373" lon="18.225605">
				<ele>520.000000</ele>
			</trkpt>
			<trkpt lat="49.106361" lon="18.225506">
				<ele>520.000000</ele>
			</trkpt>
			<trkpt lat="49.106338" lon="18.225380">
				<ele>520.000000</ele>
			</trkpt>
			<trkpt lat="49.106302" lon="18.225290">
				<ele>519.000000</ele>
			</trkpt>
			<trkpt lat="49.106209" lon="18.225093">
				<ele>516.000000</ele>
			</trkpt>
			<trkpt lat="49.106143" lon="18.224903">
				<ele>514.000000</ele>
			</trkpt>
			<trkpt lat="49.106132" lon="18.224814">
				<ele>513.000000</ele>
			</trkpt>
			<trkpt lat="49.106143" lon="18.224724">
				<ele>513.000000</ele>
			</trkpt>
			<trkpt lat="49.106143" lon="18.224670">
				<ele>512.000000</ele>
			</trkpt>
			<trkpt lat="49.106196" lon="18.224517">
				<ele>510.000000</ele>
			</trkpt>
			<trkpt lat="49.106249" lon="18.224391">
				<ele>509.000000</ele>
			</trkpt>
			<trkpt lat="49.106349" lon="18.224266">
				<ele>507.000000</ele>
			</trkpt>
			<trkpt lat="49.106420" lon="18.224194">
				<ele>506.000000</ele>
			</trkpt>
			<trkpt lat="49.106491" lon="18.224148">
				<ele>505.000000</ele>
			</trkpt>
			<trkpt lat="49.106520" lon="18.224122">
				<ele>504.000000</ele>
			</trkpt>
			<trkpt lat="49.106550" lon="18.224068">
				<ele>504.000000</ele>
			</trkpt>
			<trkpt lat="49.106785" lon="18.223825">
				<ele>500.000000</ele>
			</trkpt>
			<trkpt lat="49.106903" lon="18.223682">
				<ele>496.000000</ele>
			</trkpt>
			<trkpt lat="49.106943" lon="18.223592">
				<ele>495.000000</ele>
			</trkpt>
			<trkpt lat="49.106996" lon="18.223466">
				<ele>493.000000</ele>
			</trkpt>
			<trkpt lat="49.106850" lon="18.222244">
				<ele>478.000000</ele>
			</trkpt>
			<trkpt lat="49.107449" lon="18.221274">
				<ele>470.000000</ele>
			</trkpt>
			<trkpt lat="49.107644" lon="18.221148">
				<ele>468.000000</ele>
			</trkpt>
			<trkpt lat="49.108114" lon="18.221104">
				<ele>464.000000</ele>
			</trkpt>
			<trkpt lat="49.108243" lon="18.220313">
				<ele>460.000000</ele>
			</trkpt>
			<trkpt lat="49.108490" lon="18.219774">
				<ele>451.000000</ele>
			</trkpt>
			<trkpt lat="49.108525" lon="18.219666">
				<ele>449.000000</ele>
			</trkpt>
			<trkpt lat="49.108572" lon="18.219451">
				<ele>446.000000</ele>
			</trkpt>
			<trkpt lat="49.108620" lon="18.219236">
				<ele>443.000000</ele>
			</trkpt>
			<trkpt lat="49.108431" lon="18.218921">
				<ele>436.000000</ele>
			</trkpt>
			<trkpt lat="49.108378" lon="18.218795">
				<ele>434.000000</ele>
			</trkpt>
			<trkpt lat="49.108266" lon="18.218481">
				<ele>428.000000</ele>
			</trkpt>
			<trkpt lat="49.108137" lon="18.218032">
				<ele>421.000000</ele>
			</trkpt>
			<trkpt lat="49.108014" lon="18.217582">
				<ele>414.000000</ele>
			</trkpt>
			<trkpt lat="49.107990" lon="18.217269">
				<ele>410.000000</ele>
			</trkpt>
			<trkpt lat="49.107990" lon="18.217106">
				<ele>406.000000</ele>
			</trkpt>
			<trkpt lat="49.107990" lon="18.217016">
				<ele>404.000000</ele>
			</trkpt>
			<trkpt lat="49.108008" lon="18.216873">
				<ele>401.000000</ele>
			</trkpt>
			<trkpt lat="49.108055" lon="18.216764">
				<ele>401.000000</ele>
			</trkpt>
			<trkpt lat="49.108161" lon="18.216558">
				<ele>402.000000</ele>
			</trkpt>
			<trkpt lat="49.108232" lon="18.216468">
				<ele>402.000000</ele>
			</trkpt>
			<trkpt lat="49.108325" lon="18.216424">
				<ele>401.000000</ele>
			</trkpt>
			<trkpt lat="49.108478" lon="18.216378">
				<ele>400.000000</ele>
			</trkpt>
			<trkpt lat="49.108743" lon="18.216298">
				<ele>399.000000</ele>
			</trkpt>
			<trkpt lat="49.108802" lon="18.216261">
				<ele>399.000000</ele>
			</trkpt>
			<trkpt lat="49.108843" lon="18.216227">
				<ele>398.000000</ele>
			</trkpt>
			<trkpt lat="49.108884" lon="18.216172">
				<ele>398.000000</ele>
			</trkpt>
			<trkpt lat="49.109002" lon="18.215984">
				<ele>398.000000</ele>
			</trkpt>
			<trkpt lat="49.109049" lon="18.215867">
				<ele>397.000000</ele>
			</trkpt>
			<trkpt lat="49.109002" lon="18.215768">
				<ele>397.000000</ele>
			</trkpt>
			<trkpt lat="49.108973" lon="18.215705">
				<ele>397.000000</ele>
			</trkpt>
			<trkpt lat="49.108849" lon="18.215382">
				<ele>397.000000</ele>
			</trkpt>
			<trkpt lat="49.108814" lon="18.215265">
				<ele>396.000000</ele>
			</trkpt>
			<trkpt lat="49.108761" lon="18.215049">
				<ele>396.000000</ele>
			</trkpt>
			<trkpt lat="49.108737" lon="18.214896">
				<ele>396.000000</ele>
			</trkpt>
			<trkpt lat="49.108720" lon="18.214762">
				<ele>396.000000</ele>
			</trkpt>
			<trkpt lat="49.108708" lon="18.214429">
				<ele>396.000000</ele>
			</trkpt>
			<trkpt lat="49.108684" lon="18.213936">
				<ele>402.000000</ele>
			</trkpt>
			<trkpt lat="49.108667" lon="18.213711">
				<ele>403.000000</ele>
			</trkpt>
			<trkpt lat="49.108508" lon="18.213225">
				<ele>406.000000</ele>
			</trkpt>
			<trkpt lat="49.108361" lon="18.213172">
				<ele>407.000000</ele>
			</trkpt>
			<trkpt lat="49.108290" lon="18.213162">
				<ele>408.000000</ele>
			</trkpt>
			<trkpt lat="49.108220" lon="18.213162">
				<ele>408.000000</ele>
			</trkpt>
			<trkpt lat="49.108143" lon="18.213198">
				<ele>409.000000</ele>
			</trkpt>
			<trkpt lat="49.108073" lon="18.213235">
				<ele>409.000000</ele>
			</trkpt>
			<trkpt lat="49.107984" lon="18.213307">
				<ele>410.000000</ele>
			</trkpt>
			<trkpt lat="49.107961" lon="18.213334">
				<ele>410.000000</ele>
			</trkpt>
			<trkpt lat="49.107902" lon="18.213414">
				<ele>411.000000</ele>
			</trkpt>
			<trkpt lat="49.107761" lon="18.213548">
				<ele>412.000000</ele>
			</trkpt>
			<trkpt lat="49.107620" lon="18.213657">
				<ele>414.000000</ele>
			</trkpt>
			<trkpt lat="49.107549" lon="18.213487">
				<ele>415.000000</ele>
			</trkpt>
			<trkpt lat="49.107532" lon="18.213387">
				<ele>415.000000</ele>
			</trkpt>
			<trkpt lat="49.107525" lon="18.213288">
				<ele>416.000000</ele>
			</trkpt>
			<trkpt lat="49.107538" lon="18.213108">
				<ele>417.000000</ele>
			</trkpt>
			<trkpt lat="49.107567" lon="18.212938">
				<ele>418.000000</ele>
			</trkpt>
			<trkpt lat="49.107661" lon="18.212408">
				<ele>421.000000</ele>
			</trkpt>
			<trkpt lat="49.107690" lon="18.212219">
				<ele>422.000000</ele>
			</trkpt>
			<trkpt lat="49.107690" lon="18.211995">
				<ele>424.000000</ele>
			</trkpt>
			<trkpt lat="49.107608" lon="18.211950">
				<ele>425.000000</ele>
			</trkpt>
			<trkpt lat="49.107491" lon="18.211959">
				<ele>427.000000</ele>
			</trkpt>
			<trkpt lat="49.107391" lon="18.212013">
				<ele>428.000000</ele>
			</trkpt>
			<trkpt lat="49.107332" lon="18.211986">
				<ele>429.000000</ele>
			</trkpt>
			<trkpt lat="49.107261" lon="18.211636">
				<ele>432.000000</ele>
			</trkpt>
			<trkpt lat="49.107191" lon="18.211150">
				<ele>437.000000</ele>
			</trkpt>
			<trkpt lat="49.107085" lon="18.210800">
				<ele>442.000000</ele>
			</trkpt>
			<trkpt lat="49.106979" lon="18.210531">
				<ele>446.000000</ele>
			</trkpt>
			<trkpt lat="49.106897" lon="18.210189">
				<ele>451.000000</ele>
			</trkpt>
			<trkpt lat="49.106844" lon="18.210099">
				<ele>452.000000</ele>
			</trkpt>
			<trkpt lat="49.106767" lon="18.210099">
				<ele>453.000000</ele>
			</trkpt>
			<trkpt lat="49.106726" lon="18.210171">
				<ele>454.000000</ele>
			</trkpt>
			<trkpt lat="49.106502" lon="18.211133">
				<ele>463.000000</ele>
			</trkpt>
			<trkpt lat="49.106438" lon="18.211303">
				<ele>465.000000</ele>
			</trkpt>
			<trkpt lat="49.106361" lon="18.211348">
				<ele>466.000000</ele>
			</trkpt>
			<trkpt lat="49.106156" lon="18.211267">
				<ele>468.000000</ele>
			</trkpt>
			<trkpt lat="49.106044" lon="18.211124">
				<ele>470.000000</ele>
			</trkpt>
			<trkpt lat="49.106026" lon="18.210747">
				<ele>473.000000</ele>
			</trkpt>
			<trkpt lat="49.105891" lon="18.210126">
				<ele>478.000000</ele>
			</trkpt>
			<trkpt lat="49.105861" lon="18.209785">
				<ele>481.000000</ele>
			</trkpt>
			<trkpt lat="49.105767" lon="18.209174">
				<ele>485.000000</ele>
			</trkpt>
			<trkpt lat="49.105797" lon="18.208977">
				<ele>486.000000</ele>
			</trkpt>
			<trkpt lat="49.105867" lon="18.208716">
				<ele>488.000000</ele>
			</trkpt>
			<trkpt lat="49.105950" lon="18.208464">
				<ele>489.000000</ele>
			</trkpt>
			<trkpt lat="49.105973" lon="18.207952">
				<ele>492.000000</ele>
			</trkpt>
			<trkpt lat="49.105985" lon="18.207432">
				<ele>495.000000</ele>
			</trkpt>
			<trkpt lat="49.106115" lon="18.207324">
				<ele>496.000000</ele>
			</trkpt>
			<trkpt lat="49.106332" lon="18.207108">
				<ele>498.000000</ele>
			</trkpt>
			<trkpt lat="49.106661" lon="18.206103">
				<ele>507.000000</ele>
			</trkpt>
			<trkpt lat="49.106714" lon="18.205626">
				<ele>512.000000</ele>
			</trkpt>
			<trkpt lat="49.106691" lon="18.205474">
				<ele>513.000000</ele>
			</trkpt>
			<trkpt lat="49.106661" lon="18.205212">
				<ele>516.000000</ele>
			</trkpt>
			<trkpt lat="49.106585" lon="18.204808">
				<ele>519.000000</ele>
			</trkpt>
			<trkpt lat="49.106544" lon="18.204369">
				<ele>523.000000</ele>
			</trkpt>
			<trkpt lat="49.106491" lon="18.204072">
				<ele>525.000000</ele>
			</trkpt>
			<trkpt lat="49.106449" lon="18.203776">
				<ele>528.000000</ele>
			</trkpt>
			<trkpt lat="49.106432" lon="18.203416">
				<ele>530.000000</ele>
			</trkpt>
			<trkpt lat="49.106479" lon="18.202976">
				<ele>532.000000</ele>
			</trkpt>
			<trkpt lat="49.106444" lon="18.202841">
				<ele>533.000000</ele>
			</trkpt>
			<trkpt lat="49.106291" lon="18.202437">
				<ele>535.000000</ele>
			</trkpt>
			<trkpt lat="49.106202" lon="18.202114">
				<ele>537.000000</ele>
			</trkpt>
			<trkpt lat="49.106162" lon="18.201665">
				<ele>538.000000</ele>
			</trkpt>
			<trkpt lat="49.106162" lon="18.201296">
				<ele>540.000000</ele>
			</trkpt>
			<trkpt lat="49.106097" lon="18.200973">
				<ele>540.000000</ele>
			</trkpt>
			<trkpt lat="49.105926" lon="18.200308">
				<ele>540.000000</ele>
			</trkpt>
			<trkpt lat="49.105691" lon="18.199499">
				<ele>540.000000</ele>
			</trkpt>
			<trkpt lat="49.105603" lon="18.199086">
				<ele>540.000000</ele>
			</trkpt>
			<trkpt lat="49.105538" lon="18.198979">
				<ele>540.000000</ele>
			</trkpt>
			<trkpt lat="49.105474" lon="18.198790">
				<ele>540.000000</ele>
			</trkpt>
			<trkpt lat="49.105391" lon="18.198700">
				<ele>540.000000</ele>
			</trkpt>
			<trkpt lat="49.105326" lon="18.198421">
				<ele>540.000000</ele>
			</trkpt>
			<trkpt lat="49.105326" lon="18.198296">
				<ele>540.000000</ele>
			</trkpt>
			<trkpt lat="49.105279" lon="18.198206">
				<ele>540.000000</ele>
			</trkpt>
			<trkpt lat="49.105279" lon="18.198017">
				<ele>540.000000</ele>
			</trkpt>
			<trkpt lat="49.105262" lon="18.197757">
				<ele>540.000000</ele>
			</trkpt>
			<trkpt lat="49.105109" lon="18.197182">
				<ele>540.000000</ele>
			</trkpt>
			<trkpt lat="49.105026" lon="18.196984">
				<ele>540.000000</ele>
			</trkpt>
			<trkpt lat="49.105026" lon="18.196939">
				<ele>540.000000</ele>
			</trkpt>
			<trkpt lat="49.104833" lon="18.196319">
				<ele>540.000000</ele>
			</trkpt>
			<trkpt lat="49.104662" lon="18.195916">
				<ele>540.000000</ele>
			</trkpt>
			<trkpt lat="49.104509" lon="18.195654">
				<ele>540.000000</ele>
			</trkpt>
			<trkpt lat="49.104362" lon="18.195502">
				<ele>540.000000</ele>
			</trkpt>
			<trkpt lat="49.104056" lon="18.195394">
				<ele>540.000000</ele>
			</trkpt>
			<trkpt lat="49.103886" lon="18.195224">
				<ele>543.000000</ele>
			</trkpt>
			<trkpt lat="49.103738" lon="18.194900">
				<ele>547.000000</ele>
			</trkpt>
			<trkpt lat="49.103632" lon="18.194729">
				<ele>549.000000</ele>
			</trkpt>
			<trkpt lat="49.103438" lon="18.194397">
				<ele>557.000000</ele>
			</trkpt>
			<trkpt lat="49.103303" lon="18.194253">
				<ele>560.000000</ele>
			</trkpt>
			<trkpt lat="49.103139" lon="18.194199">
				<ele>562.000000</ele>
			</trkpt>
			<trkpt lat="49.102944" lon="18.194155">
				<ele>564.000000</ele>
			</trkpt>
			<trkpt lat="49.102750" lon="18.193849">
				<ele>567.000000</ele>
			</trkpt>
			<trkpt lat="49.102592" lon="18.193499">
				<ele>570.000000</ele>
			</trkpt>
			<trkpt lat="49.102451" lon="18.193292">
				<ele>572.000000</ele>
			</trkpt>
			<trkpt lat="49.102386" lon="18.192996">
				<ele>575.000000</ele>
			</trkpt>
			<trkpt lat="49.102168" lon="18.192843">
				<ele>577.000000</ele>
			</trkpt>
			<trkpt lat="49.102021" lon="18.192484">
				<ele>582.000000</ele>
			</trkpt>
			<trkpt lat="49.101804" lon="18.192178">
				<ele>590.000000</ele>
			</trkpt>
			<trkpt lat="49.101592" lon="18.192025">
				<ele>593.000000</ele>
			</trkpt>
			<trkpt lat="49.101269" lon="18.192205">
				<ele>598.000000</ele>
			</trkpt>
			<trkpt lat="49.100839" lon="18.191945">
				<ele>605.000000</ele>
			</trkpt>
			<trkpt lat="49.100668" lon="18.191639">
				<ele>609.000000</ele>
			</trkpt>
			<trkpt lat="49.100498" lon="18.191666">
				<ele>612.000000</ele>
			</trkpt>
			<trkpt lat="49.100457" lon="18.191711">
				<ele>613.000000</ele>
			</trkpt>
			<trkpt lat="49.099809" lon="18.190939">
				<ele>628.000000</ele>
			</trkpt>
			<trkpt lat="49.099692" lon="18.190849">
				<ele>630.000000</ele>
			</trkpt>
			<trkpt lat="49.099551" lon="18.190750">
				<ele>630.000000</ele>
			</trkpt>
			<trkpt lat="49.099386" lon="18.191244">
				<ele>630.000000</ele>
			</trkpt>
			<trkpt lat="49.099227" lon="18.191702">
				<ele>630.000000</ele>
			</trkpt>
			<trkpt lat="49.099086" lon="18.192134">
				<ele>630.000000</ele>
			</trkpt>
			<trkpt lat="49.099033" lon="18.192313">
				<ele>630.000000</ele>
			</trkpt>
			<trkpt lat="49.098939" lon="18.192520">
				<ele>630.000000</ele>
			</trkpt>
			<trkpt lat="49.098827" lon="18.192726">
				<ele>630.000000</ele>
			</trkpt>
			<trkpt lat="49.098716" lon="18.192870">
				<ele>630.000000</ele>
			</trkpt>
			<trkpt lat="49.098604" lon="18.192987">
				<ele>630.000000</ele>
			</trkpt>
			<trkpt lat="49.098328" lon="18.192734">
				<ele>630.000000</ele>
			</trkpt>
			<trkpt lat="49.097739" lon="18.192223">
				<ele>622.000000</ele>
			</trkpt>
			<trkpt lat="49.097222" lon="18.191845">
				<ele>609.000000</ele>
			</trkpt>
			<trkpt lat="49.097086" lon="18.191729">
				<ele>606.000000</ele>
			</trkpt>
			<trkpt lat="49.097004" lon="18.191631">
				<ele>604.000000</ele>
			</trkpt>
			<trkpt lat="49.096910" lon="18.191513">
				<ele>601.000000</ele>
			</trkpt>
			<trkpt lat="49.096821" lon="18.191415">
				<ele>599.000000</ele>
			</trkpt>
			<trkpt lat="49.096663" lon="18.191199">
				<ele>595.000000</ele>
			</trkpt>
			<trkpt lat="49.096486" lon="18.191010">
				<ele>592.000000</ele>
			</trkpt>
			<trkpt lat="49.096274" lon="18.190866">
				<ele>588.000000</ele>
			</trkpt>
			<trkpt lat="49.096051" lon="18.190624">
				<ele>583.000000</ele>
			</trkpt>
			<trkpt lat="49.095863" lon="18.190480">
				<ele>580.000000</ele>
			</trkpt>
			<trkpt lat="49.095663" lon="18.190354">
				<ele>575.000000</ele>
			</trkpt>
			<trkpt lat="49.095492" lon="18.190247">
				<ele>571.000000</ele>
			</trkpt>
			<trkpt lat="49.095410" lon="18.190076">
				<ele>568.000000</ele>
			</trkpt>
			<trkpt lat="49.095304" lon="18.189950">
				<ele>565.000000</ele>
			</trkpt>
			<trkpt lat="49.095240" lon="18.189780">
				<ele>562.000000</ele>
			</trkpt>
			<trkpt lat="49.095151" lon="18.189645">
				<ele>559.000000</ele>
			</trkpt>
			<trkpt lat="49.095134" lon="18.189581">
				<ele>558.000000</ele>
			</trkpt>
			<trkpt lat="49.095045" lon="18.189518">
				<ele>555.000000</ele>
			</trkpt>
			<trkpt lat="49.095004" lon="18.189537">
				<ele>554.000000</ele>
			</trkpt>
			<trkpt lat="49.094981" lon="18.189501">
				<ele>554.000000</ele>
			</trkpt>
			<trkpt lat="49.094810" lon="18.189581">
				<ele>550.000000</ele>
			</trkpt>
			<trkpt lat="49.094727" lon="18.189671">
				<ele>547.000000</ele>
			</trkpt>
			<trkpt lat="49.094551" lon="18.189734">
				<ele>542.000000</ele>
			</trkpt>
			<trkpt lat="49.094422" lon="18.189734">
				<ele>539.000000</ele>
			</trkpt>
			<trkpt lat="49.094357" lon="18.189627">
				<ele>536.000000</ele>
			</trkpt>
			<trkpt lat="49.094222" lon="18.189717">
				<ele>532.000000</ele>
			</trkpt>
			<trkpt lat="49.094139" lon="18.189753">
				<ele>530.000000</ele>
			</trkpt>
			<trkpt lat="49.094051" lon="18.189771">
				<ele>528.000000</ele>
			</trkpt>
			<trkpt lat="49.093922" lon="18.189753">
				<ele>524.000000</ele>
			</trkpt>
			<trkpt lat="49.093716" lon="18.189698">
				<ele>518.000000</ele>
			</trkpt>
			<trkpt lat="49.093592" lon="18.189744">
				<ele>514.000000</ele>
			</trkpt>
			<trkpt lat="49.093545" lon="18.189761">
				<ele>513.000000</ele>
			</trkpt>
			<trkpt lat="49.093492" lon="18.189780">
				<ele>511.000000</ele>
			</trkpt>
			<trkpt lat="49.093469" lon="18.189771">
				<ele>511.000000</ele>
			</trkpt>
			<trkpt lat="49.093445" lon="18.189761">
				<ele>510.000000</ele>
			</trkpt>
			<trkpt lat="49.093410" lon="18.189771">
				<ele>509.000000</ele>
			</trkpt>
			<trkpt lat="49.093357" lon="18.189698">
				<ele>508.000000</ele>
			</trkpt>
			<trkpt lat="49.093298" lon="18.189608">
				<ele>507.000000</ele>
			</trkpt>
			<trkpt lat="49.093222" lon="18.189457">
				<ele>505.000000</ele>
			</trkpt>
			<trkpt lat="49.093139" lon="18.189367">
				<ele>503.000000</ele>
			</trkpt>
			<trkpt lat="49.093034" lon="18.189285">
				<ele>501.000000</ele>
			</trkpt>
			<trkpt lat="49.092957" lon="18.189258">
				<ele>499.000000</ele>
			</trkpt>
			<trkpt lat="49.092904" lon="18.189250">
				<ele>498.000000</ele>
			</trkpt>
			<trkpt lat="49.092898" lon="18.189348">
				<ele>496.000000</ele>
			</trkpt>
			<trkpt lat="49.092881" lon="18.189501">
				<ele>494.000000</ele>
			</trkpt>
			<trkpt lat="49.092881" lon="18.189663">
				<ele>491.000000</ele>
			</trkpt>
			<trkpt lat="49.092869" lon="18.189761">
				<ele>489.000000</ele>
			</trkpt>
			<trkpt lat="49.092857" lon="18.189843">
				<ele>488.000000</ele>
			</trkpt>
			<trkpt lat="49.092739" lon="18.189960">
				<ele>485.000000</ele>
			</trkpt>
			<trkpt lat="49.092657" lon="18.190076">
				<ele>482.000000</ele>
			</trkpt>
			<trkpt lat="49.092510" lon="18.190283">
				<ele>478.000000</ele>
			</trkpt>
			<trkpt lat="49.092463" lon="18.190337">
				<ele>477.000000</ele>
			</trkpt>
			<trkpt lat="49.092369" lon="18.190417">
				<ele>475.000000</ele>
			</trkpt>
			<trkpt lat="49.092163" lon="18.190273">
				<ele>470.000000</ele>
			</trkpt>
			<trkpt lat="49.092016" lon="18.190157">
				<ele>466.000000</ele>
			</trkpt>
			<trkpt lat="49.091898" lon="18.190058">
				<ele>463.000000</ele>
			</trkpt>
			<trkpt lat="49.091757" lon="18.189968">
				<ele>459.000000</ele>
			</trkpt>
			<trkpt lat="49.091651" lon="18.189941">
				<ele>458.000000</ele>
			</trkpt>
			<trkpt lat="49.091533" lon="18.189960">
				<ele>456.000000</ele>
			</trkpt>
			<trkpt lat="49.091468" lon="18.189977">
				<ele>455.000000</ele>
			</trkpt>
			<trkpt lat="49.091369" lon="18.189851">
				<ele>453.000000</ele>
			</trkpt>
			<trkpt lat="49.091204" lon="18.189600">
				<ele>450.000000</ele>
			</trkpt>
			<trkpt lat="49.090863" lon="18.189304">
				<ele>444.000000</ele>
			</trkpt>
			<trkpt lat="49.090645" lon="18.189151">
				<ele>440.000000</ele>
			</trkpt>
			<trkpt lat="49.090245" lon="18.188729">
				<ele>431.000000</ele>
			</trkpt>
			<trkpt lat="49.090104" lon="18.188594">
				<ele>428.000000</ele>
			</trkpt>
			<trkpt lat="49.089998" lon="18.188549">
				<ele>426.000000</ele>
			</trkpt>
			<trkpt lat="49.089857" lon="18.188522">
				<ele>424.000000</ele>
			</trkpt>
			<trkpt lat="49.089627" lon="18.188566">
				<ele>420.000000</ele>
			</trkpt>
			<trkpt lat="49.089327" lon="18.188666">
				<ele>417.000000</ele>
			</trkpt>
			<trkpt lat="49.089115" lon="18.188792">
				<ele>415.000000</ele>
			</trkpt>
			<trkpt lat="49.088945" lon="18.188962">
				<ele>413.000000</ele>
			</trkpt>
			<trkpt lat="49.088857" lon="18.188998">
				<ele>412.000000</ele>
			</trkpt>
			<trkpt lat="49.088780" lon="18.188998">
				<ele>411.000000</ele>
			</trkpt>
			<trkpt lat="49.088692" lon="18.188981">
				<ele>410.000000</ele>
			</trkpt>
			<trkpt lat="49.088610" lon="18.188908">
				<ele>408.000000</ele>
			</trkpt>
			<trkpt lat="49.088545" lon="18.188818">
				<ele>406.000000</ele>
			</trkpt>
			<trkpt lat="49.088398" lon="18.188531">
				<ele>401.000000</ele>
			</trkpt>
			<trkpt lat="49.088292" lon="18.188387">
				<ele>397.000000</ele>
			</trkpt>
			<trkpt lat="49.088239" lon="18.188333">
				<ele>396.000000</ele>
			</trkpt>
			<trkpt lat="49.088127" lon="18.188252">
				<ele>392.000000</ele>
			</trkpt>
			<trkpt lat="49.087963" lon="18.188136">
				<ele>389.000000</ele>
			</trkpt>
			<trkpt lat="49.087821" lon="18.188109">
				<ele>386.000000</ele>
			</trkpt>
			<trkpt lat="49.087698" lon="18.188073">
				<ele>384.000000</ele>
			</trkpt>
			<trkpt lat="49.087474" lon="18.187973">
				<ele>381.000000</ele>
			</trkpt>
			<trkpt lat="49.087186" lon="18.187849">
				<ele>377.000000</ele>
			</trkpt>
			<trkpt lat="49.086892" lon="18.187740">
				<ele>374.000000</ele>
			</trkpt>
			<trkpt lat="49.086621" lon="18.187687">
				<ele>371.000000</ele>
			</trkpt>
			<trkpt lat="49.086133" lon="18.187687">
				<ele>365.000000</ele>
			</trkpt>
			<trkpt lat="49.086021" lon="18.187669">
				<ele>364.000000</ele>
			</trkpt>
			<trkpt lat="49.085963" lon="18.187633">
				<ele>363.000000</ele>
			</trkpt>
			<trkpt lat="49.085857" lon="18.187463">
				<ele>361.000000</ele>
			</trkpt>
			<trkpt lat="49.085639" lon="18.187121">
				<ele>359.000000</ele>
			</trkpt>
			<trkpt lat="49.085333" lon="18.186581">
				<ele>355.000000</ele>
			</trkpt>
			<trkpt lat="49.085598" lon="18.186302">
				<ele>356.000000</ele>
			</trkpt>
			<trkpt lat="49.085656" lon="18.186258">
				<ele>356.000000</ele>
			</trkpt>
			<trkpt lat="49.085715" lon="18.186205">
				<ele>356.000000</ele>
			</trkpt>
			<trkpt lat="49.085780" lon="18.186159">
				<ele>356.000000</ele>
			</trkpt>
			<trkpt lat="49.085845" lon="18.186123">
				<ele>356.000000</ele>
			</trkpt>
			<trkpt lat="49.085886" lon="18.186096">
				<ele>356.000000</ele>
			</trkpt>
			<trkpt lat="49.085944" lon="18.186079">
				<ele>357.000000</ele>
			</trkpt>
			<trkpt lat="49.086021" lon="18.186069">
				<ele>357.000000</ele>
			</trkpt>
			<trkpt lat="49.086039" lon="18.186061">
				<ele>357.000000</ele>
			</trkpt>
			<trkpt lat="49.086080" lon="18.186034">
				<ele>357.000000</ele>
			</trkpt>
			<trkpt lat="49.086145" lon="18.185998">
				<ele>357.000000</ele>
			</trkpt>
			<trkpt lat="49.086203" lon="18.185935">
				<ele>357.000000</ele>
			</trkpt>
			<trkpt lat="49.086256" lon="18.185863">
				<ele>357.000000</ele>
			</trkpt>
			<trkpt lat="49.086309" lon="18.185746">
				<ele>357.000000</ele>
			</trkpt>
			<trkpt lat="49.086351" lon="18.185620">
				<ele>357.000000</ele>
			</trkpt>
			<trkpt lat="49.086398" lon="18.185503">
				<ele>358.000000</ele>
			</trkpt>
			<trkpt lat="49.086462" lon="18.185297">
				<ele>358.000000</ele>
			</trkpt>
			<trkpt lat="49.086716" lon="18.184723">
				<ele>358.000000</ele>
			</trkpt>
			<trkpt lat="49.086797" lon="18.184534">
				<ele>359.000000</ele>
			</trkpt>
			<trkpt lat="49.086862" lon="18.184318">
				<ele>359.000000</ele>
			</trkpt>
			<trkpt lat="49.086956" lon="18.184048">
				<ele>359.000000</ele>
			</trkpt>
			<trkpt lat="49.087045" lon="18.183797">
				<ele>360.000000</ele>
			</trkpt>
			<trkpt lat="49.087021" lon="18.183770">
				<ele>360.000000</ele>
			</trkpt>
			<trkpt lat="49.086939" lon="18.183681">
				<ele>360.000000</ele>
			</trkpt>
			<trkpt lat="49.086915" lon="18.183652">
				<ele>360.000000</ele>
			</trkpt>
			<trkpt lat="49.086680" lon="18.183402">
				<ele>360.000000</ele>
			</trkpt>
			<trkpt lat="49.086398" lon="18.183078">
				<ele>361.000000</ele>
			</trkpt>
			<trkpt lat="49.086127" lon="18.182773">
				<ele>362.000000</ele>
			</trkpt>
			<trkpt lat="49.086039" lon="18.182880">
				<ele>363.000000</ele>
			</trkpt>
			<trkpt lat="49.085910" lon="18.183060">
				<ele>363.000000</ele>
			</trkpt>
			<trkpt lat="49.085780" lon="18.183285">
				<ele>364.000000</ele>
			</trkpt>
			<trkpt lat="49.085603" lon="18.184004">
				<ele>365.000000</ele>
			</trkpt>
			<trkpt lat="49.085556" lon="18.184184">
				<ele>366.000000</ele>
			</trkpt>
			<trkpt lat="49.085386" lon="18.184839">
				<ele>367.000000</ele>
			</trkpt>
			<trkpt lat="49.085368" lon="18.184902">
				<ele>368.000000</ele>
			</trkpt>
			<trkpt lat="49.085350" lon="18.184947">
				<ele>368.000000</ele>
			</trkpt>
			<trkpt lat="49.085327" lon="18.184973">
				<ele>368.000000</ele>
			</trkpt>
			<trkpt lat="49.085297" lon="18.185000">
				<ele>368.000000</ele>
			</trkpt>
			<trkpt lat="49.085268" lon="18.185019">
				<ele>368.000000</ele>
			</trkpt>
			<trkpt lat="49.085233" lon="18.185036">
				<ele>368.000000</ele>
			</trkpt>
			<trkpt lat="49.085210" lon="18.185036">
				<ele>368.000000</ele>
			</trkpt>
			<trkpt lat="49.085180" lon="18.185027">
				<ele>368.000000</ele>
			</trkpt>
			<trkpt lat="49.085151" lon="18.185000">
				<ele>368.000000</ele>
			</trkpt>
			<trkpt lat="49.085132" lon="18.184964">
				<ele>369.000000</ele>
			</trkpt>
			<trkpt lat="49.085115" lon="18.184920">
				<ele>369.000000</ele>
			</trkpt>
			<trkpt lat="49.085109" lon="18.184874">
				<ele>369.000000</ele>
			</trkpt>
			<trkpt lat="49.085104" lon="18.184821">
				<ele>369.000000</ele>
			</trkpt>
			<trkpt lat="49.085039" lon="18.184218">
				<ele>371.000000</ele>
			</trkpt>
			<trkpt lat="49.085115" lon="18.183805">
				<ele>377.000000</ele>
			</trkpt>
			<trkpt lat="49.085138" lon="18.183581">
				<ele>381.000000</ele>
			</trkpt>
			<trkpt lat="49.085185" lon="18.183375">
				<ele>385.000000</ele>
			</trkpt>
			<trkpt lat="49.085280" lon="18.183222">
				<ele>388.000000</ele>
			</trkpt>
			<trkpt lat="49.085380" lon="18.182997">
				<ele>393.000000</ele>
			</trkpt>
			<trkpt lat="49.085415" lon="18.182880">
				<ele>394.000000</ele>
			</trkpt>
			<trkpt lat="49.085427" lon="18.182763">
				<ele>396.000000</ele>
			</trkpt>
			<trkpt lat="49.085427" lon="18.182639">
				<ele>398.000000</ele>
			</trkpt>
			<trkpt lat="49.085409" lon="18.182494">
				<ele>400.000000</ele>
			</trkpt>
			<trkpt lat="49.085356" lon="18.182333">
				<ele>403.000000</ele>
			</trkpt>
			<trkpt lat="49.085274" lon="18.182108">
				<ele>407.000000</ele>
			</trkpt>
			<trkpt lat="49.085227" lon="18.181937">
				<ele>410.000000</ele>
			</trkpt>
			<trkpt lat="49.085203" lon="18.181757">
				<ele>412.000000</ele>
			</trkpt>
			<trkpt lat="49.085197" lon="18.181578">
				<ele>413.000000</ele>
			</trkpt>
			<trkpt lat="49.085215" lon="18.181417">
				<ele>415.000000</ele>
			</trkpt>
			<trkpt lat="49.085238" lon="18.181138">
				<ele>418.000000</ele>
			</trkpt>
			<trkpt lat="49.085250" lon="18.180868">
				<ele>420.000000</ele>
			</trkpt>
			<trkpt lat="49.085215" lon="18.180563">
				<ele>423.000000</ele>
			</trkpt>
			<trkpt lat="49.085098" lon="18.180105">
				<ele>427.000000</ele>
			</trkpt>
			<trkpt lat="49.084933" lon="18.179637">
				<ele>432.000000</ele>
			</trkpt>
			<trkpt lat="49.084815" lon="18.179484">
				<ele>435.000000</ele>
			</trkpt>
			<trkpt lat="49.084621" lon="18.179260">
				<ele>440.000000</ele>
			</trkpt>
			<trkpt lat="49.084491" lon="18.179071">
				<ele>445.000000</ele>
			</trkpt>
			<trkpt lat="49.084444" lon="18.178973">
				<ele>447.000000</ele>
			</trkpt>
			<trkpt lat="49.084432" lon="18.178918">
				<ele>448.000000</ele>
			</trkpt>
			<trkpt lat="49.084415" lon="18.178847">
				<ele>450.000000</ele>
			</trkpt>
			<trkpt lat="49.084397" lon="18.178820">
				<ele>450.000000</ele>
			</trkpt>
			<trkpt lat="49.084379" lon="18.178802">
				<ele>451.000000</ele>
			</trkpt>
			<trkpt lat="49.084374" lon="18.178775">
				<ele>451.000000</ele>
			</trkpt>
			<trkpt lat="49.084374" lon="18.178685">
				<ele>452.000000</ele>
			</trkpt>
			<trkpt lat="49.084356" lon="18.178631">
				<ele>453.000000</ele>
			</trkpt>
			<trkpt lat="49.084309" lon="18.178524">
				<ele>455.000000</ele>
			</trkpt>
			<trkpt lat="49.084268" lon="18.178461">
				<ele>457.000000</ele>
			</trkpt>
			<trkpt lat="49.084220" lon="18.178398">
				<ele>458.000000</ele>
			</trkpt>
			<trkpt lat="49.084180" lon="18.178381">
				<ele>459.000000</ele>
			</trkpt>
			<trkpt lat="49.084156" lon="18.178352">
				<ele>460.000000</ele>
			</trkpt>
			<trkpt lat="49.084115" lon="18.178308">
				<ele>461.000000</ele>
			</trkpt>
			<trkpt lat="49.084068" lon="18.178245">
				<ele>462.000000</ele>
			</trkpt>
			<trkpt lat="49.083997" lon="18.178102">
				<ele>465.000000</ele>
			</trkpt>
			<trkpt lat="49.083868" lon="18.177778">
				<ele>470.000000</ele>
			</trkpt>
			<trkpt lat="49.083774" lon="18.177526">
				<ele>473.000000</ele>
			</trkpt>
			<trkpt lat="49.083732" lon="18.177499">
				<ele>474.000000</ele>
			</trkpt>
			<trkpt lat="49.083697" lon="18.177436">
				<ele>475.000000</ele>
			</trkpt>
			<trkpt lat="49.083638" lon="18.177293">
				<ele>477.000000</ele>
			</trkpt>
			<trkpt lat="49.083609" lon="18.177186">
				<ele>478.000000</ele>
			</trkpt>
			<trkpt lat="49.083544" lon="18.176897">
				<ele>481.000000</ele>
			</trkpt>
			<trkpt lat="49.083414" lon="18.176664">
				<ele>485.000000</ele>
			</trkpt>
			<trkpt lat="49.083156" lon="18.176071">
				<ele>493.000000</ele>
			</trkpt>
			<trkpt lat="49.083097" lon="18.175811">
				<ele>496.000000</ele>
			</trkpt>
			<trkpt lat="49.083038" lon="18.175694">
				<ele>498.000000</ele>
			</trkpt>
			<trkpt lat="49.082968" lon="18.175604">
				<ele>500.000000</ele>
			</trkpt>
			<trkpt lat="49.082915" lon="18.175505">
				<ele>502.000000</ele>
			</trkpt>
			<trkpt lat="49.082915" lon="18.175389">
				<ele>504.000000</ele>
			</trkpt>
			<trkpt lat="49.082938" lon="18.175289">
				<ele>506.000000</ele>
			</trkpt>
			<trkpt lat="49.082938" lon="18.175182">
				<ele>507.000000</ele>
			</trkpt>
			<trkpt lat="49.082909" lon="18.175039">
				<ele>510.000000</ele>
			</trkpt>
			<trkpt lat="49.082897" lon="18.175012">
				<ele>510.000000</ele>
			</trkpt>
			<trkpt lat="49.082885" lon="18.174976">
				<ele>511.000000</ele>
			</trkpt>
			<trkpt lat="49.082850" lon="18.174867">
				<ele>512.000000</ele>
			</trkpt>
			<trkpt lat="49.081920" lon="18.172452">
				<ele>554.000000</ele>
			</trkpt>
			<trkpt lat="49.081756" lon="18.172020">
				<ele>561.000000</ele>
			</trkpt>
			<trkpt lat="49.081732" lon="18.171939">
				<ele>561.000000</ele>
			</trkpt>
			<trkpt lat="49.081720" lon="18.171823">
				<ele>562.000000</ele>
			</trkpt>
			<trkpt lat="49.081785" lon="18.171723">
				<ele>563.000000</ele>
			</trkpt>
			<trkpt lat="49.081844" lon="18.171624">
				<ele>563.000000</ele>
			</trkpt>
			<trkpt lat="49.082014" lon="18.171238">
				<ele>566.000000</ele>
			</trkpt>
			<trkpt lat="49.082167" lon="18.170825">
				<ele>569.000000</ele>
			</trkpt>
			<trkpt lat="49.082156" lon="18.170708">
				<ele>570.000000</ele>
			</trkpt>
			<trkpt lat="49.082167" lon="18.170664">
				<ele>570.000000</ele>
			</trkpt>
			<trkpt lat="49.082150" lon="18.170591">
				<ele>571.000000</ele>
			</trkpt>
			<trkpt lat="49.082109" lon="18.170528">
				<ele>573.000000</ele>
			</trkpt>
			<trkpt lat="49.082050" lon="18.170465">
				<ele>575.000000</ele>
			</trkpt>
			<trkpt lat="49.081961" lon="18.170385">
				<ele>578.000000</ele>
			</trkpt>
			<trkpt lat="49.081914" lon="18.170215">
				<ele>580.000000</ele>
			</trkpt>
			<trkpt lat="49.081891" lon="18.170062">
				<ele>582.000000</ele>
			</trkpt>
			<trkpt lat="49.081902" lon="18.169909">
				<ele>584.000000</ele>
			</trkpt>
			<trkpt lat="49.081902" lon="18.169486">
				<ele>588.000000</ele>
			</trkpt>
			<trkpt lat="49.081950" lon="18.169360">
				<ele>589.000000</ele>
			</trkpt>
			<trkpt lat="49.081973" lon="18.169181">
				<ele>591.000000</ele>
			</trkpt>
			<trkpt lat="49.081950" lon="18.168750">
				<ele>596.000000</ele>
			</trkpt>
			<trkpt lat="49.082003" lon="18.168337">
				<ele>601.000000</ele>
			</trkpt>
			<trkpt lat="49.081967" lon="18.168077">
				<ele>605.000000</ele>
			</trkpt>
			<trkpt lat="49.081938" lon="18.167869">
				<ele>608.000000</ele>
			</trkpt>
			<trkpt lat="49.081879" lon="18.167691">
				<ele>611.000000</ele>
			</trkpt>
			<trkpt lat="49.081914" lon="18.167133">
				<ele>619.000000</ele>
			</trkpt>
			<trkpt lat="49.081885" lon="18.166989">
				<ele>621.000000</ele>
			</trkpt>
			<trkpt lat="49.081902" lon="18.166863">
				<ele>623.000000</ele>
			</trkpt>
			<trkpt lat="49.081861" lon="18.166523">
				<ele>627.000000</ele>
			</trkpt>
			<trkpt lat="49.081802" lon="18.165911">
				<ele>630.000000</ele>
			</trkpt>
			<trkpt lat="49.081743" lon="18.165696">
				<ele>630.000000</ele>
			</trkpt>
			<trkpt lat="49.081626" lon="18.165354">
				<ele>632.000000</ele>
			</trkpt>
			<trkpt lat="49.081285" lon="18.164825">
				<ele>636.000000</ele>
			</trkpt>
			<trkpt lat="49.081226" lon="18.164555">
				<ele>637.000000</ele>
			</trkpt>
			<trkpt lat="49.081132" lon="18.164429">
				<ele>638.000000</ele>
			</trkpt>
			<trkpt lat="49.081073" lon="18.164366">
				<ele>639.000000</ele>
			</trkpt>
			<trkpt lat="49.080943" lon="18.164286">
				<ele>640.000000</ele>
			</trkpt>
			<trkpt lat="49.080867" lon="18.164249">
				<ele>640.000000</ele>
			</trkpt>
			<trkpt lat="49.080791" lon="18.164177">
				<ele>640.000000</ele>
			</trkpt>
			<trkpt lat="49.080750" lon="18.164052">
				<ele>640.000000</ele>
			</trkpt>
			<trkpt lat="49.080755" lon="18.163944">
				<ele>639.000000</ele>
			</trkpt>
			<trkpt lat="49.080785" lon="18.163729">
				<ele>636.000000</ele>
			</trkpt>
			<trkpt lat="49.080773" lon="18.163584">
				<ele>634.000000</ele>
			</trkpt>
			<trkpt lat="49.080697" lon="18.163360">
				<ele>631.000000</ele>
			</trkpt>
			<trkpt lat="49.080591" lon="18.163198">
				<ele>630.000000</ele>
			</trkpt>
			<trkpt lat="49.080526" lon="18.163018">
				<ele>630.000000</ele>
			</trkpt>
			<trkpt lat="49.080408" lon="18.162848">
				<ele>630.000000</ele>
			</trkpt>
			<trkpt lat="49.080267" lon="18.162812">
				<ele>630.000000</ele>
			</trkpt>
			<trkpt lat="49.079967" lon="18.162695">
				<ele>630.000000</ele>
			</trkpt>
			<trkpt lat="49.079855" lon="18.162632">
				<ele>631.000000</ele>
			</trkpt>
			<trkpt lat="49.079608" lon="18.162417">
				<ele>634.000000</ele>
			</trkpt>
			<trkpt lat="49.079219" lon="18.162003">
				<ele>638.000000</ele>
			</trkpt>
			<trkpt lat="49.078790" lon="18.161699">
				<ele>646.000000</ele>
			</trkpt>
			<trkpt lat="49.078660" lon="18.161645">
				<ele>649.000000</ele>
			</trkpt>
			<trkpt lat="49.078401" lon="18.161590">
				<ele>658.000000</ele>
			</trkpt>
			<trkpt lat="49.078278" lon="18.161527">
				<ele>661.000000</ele>
			</trkpt>
			<trkpt lat="49.078184" lon="18.161410">
				<ele>663.000000</ele>
			</trkpt>
			<trkpt lat="49.078019" lon="18.161383">
				<ele>665.000000</ele>
			</trkpt>
			<trkpt lat="49.077937" lon="18.161349">
				<ele>666.000000</ele>
			</trkpt>
			<trkpt lat="49.077866" lon="18.161294">
				<ele>667.000000</ele>
			</trkpt>
			<trkpt lat="49.077801" lon="18.161204">
				<ele>668.000000</ele>
			</trkpt>
			<trkpt lat="49.077766" lon="18.161060">
				<ele>670.000000</ele>
			</trkpt>
			<trkpt lat="49.077784" lon="18.160917">
				<ele>671.000000</ele>
			</trkpt>
			<trkpt lat="49.077837" lon="18.160710">
				<ele>674.000000</ele>
			</trkpt>
			<trkpt lat="49.077954" lon="18.160414">
				<ele>678.000000</ele>
			</trkpt>
			<trkpt lat="49.078084" lon="18.160054">
				<ele>682.000000</ele>
			</trkpt>
			<trkpt lat="49.078096" lon="18.159901">
				<ele>684.000000</ele>
			</trkpt>
			<trkpt lat="49.078113" lon="18.159767">
				<ele>685.000000</ele>
			</trkpt>
			<trkpt lat="49.078055" lon="18.159641">
				<ele>687.000000</ele>
			</trkpt>
			<trkpt lat="49.077931" lon="18.159515">
				<ele>689.000000</ele>
			</trkpt>
			<trkpt lat="49.077754" lon="18.159578">
				<ele>695.000000</ele>
			</trkpt>
			<trkpt lat="49.077443" lon="18.159775">
				<ele>707.000000</ele>
			</trkpt>
			<trkpt lat="49.077225" lon="18.159775">
				<ele>714.000000</ele>
			</trkpt>
			<trkpt lat="49.077031" lon="18.159812">
				<ele>720.000000</ele>
			</trkpt>
			<trkpt lat="49.076630" lon="18.159802">
				<ele>733.000000</ele>
			</trkpt>
			<trkpt lat="49.076442" lon="18.159695">
				<ele>735.000000</ele>
			</trkpt>
			<trkpt lat="49.076336" lon="18.159569">
				<ele>737.000000</ele>
			</trkpt>
			<trkpt lat="49.076018" lon="18.158967">
				<ele>747.000000</ele>
			</trkpt>
			<trkpt lat="49.075971" lon="18.158850">
				<ele>749.000000</ele>
			</trkpt>
			<trkpt lat="49.075889" lon="18.158823">
				<ele>751.000000</ele>
			</trkpt>
			<trkpt lat="49.075824" lon="18.158760">
				<ele>753.000000</ele>
			</trkpt>
			<trkpt lat="49.075736" lon="18.158609">
				<ele>756.000000</ele>
			</trkpt>
			<trkpt lat="49.075672" lon="18.158464">
				<ele>759.000000</ele>
			</trkpt>
			<trkpt lat="49.075412" lon="18.158159">
				<ele>767.000000</ele>
			</trkpt>
			<trkpt lat="49.075318" lon="18.157961">
				<ele>771.000000</ele>
			</trkpt>
			<trkpt lat="49.075212" lon="18.157907">
				<ele>773.000000</ele>
			</trkpt>
			<trkpt lat="49.075012" lon="18.157880">
				<ele>777.000000</ele>
			</trkpt>
			<trkpt lat="49.074913" lon="18.157898">
				<ele>778.000000</ele>
			</trkpt>
			<trkpt lat="49.074812" lon="18.157961">
				<ele>780.000000</ele>
			</trkpt>
			<trkpt lat="49.074748" lon="18.157997">
				<ele>781.000000</ele>
			</trkpt>
			<trkpt lat="49.074648" lon="18.157997">
				<ele>783.000000</ele>
			</trkpt>
			<trkpt lat="49.074577" lon="18.157970">
				<ele>785.000000</ele>
			</trkpt>
			<trkpt lat="49.074471" lon="18.157961">
				<ele>786.000000</ele>
			</trkpt>
			<trkpt lat="49.074230" lon="18.157854">
				<ele>791.000000</ele>
			</trkpt>
			<trkpt lat="49.073994" lon="18.157718">
				<ele>798.000000</ele>
			</trkpt>
			<trkpt lat="49.073382" lon="18.157387">
				<ele>814.000000</ele>
			</trkpt>
			<trkpt lat="49.073018" lon="18.157251">
				<ele>823.000000</ele>
			</trkpt>
			<trkpt lat="49.072682" lon="18.157108">
				<ele>830.000000</ele>
			</trkpt>
			<trkpt lat="49.072576" lon="18.157036">
				<ele>830.000000</ele>
			</trkpt>
			<trkpt lat="49.072535" lon="18.157009">
				<ele>830.000000</ele>
			</trkpt>
			<trkpt lat="49.072517" lon="18.157009">
				<ele>830.000000</ele>
			</trkpt>
			<trkpt lat="49.072446" lon="18.156946">
				<ele>830.000000</ele>
			</trkpt>
			<trkpt lat="49.072364" lon="18.156875">
				<ele>830.000000</ele>
			</trkpt>
			<trkpt lat="49.072329" lon="18.156838">
				<ele>830.000000</ele>
			</trkpt>
			<trkpt lat="49.072293" lon="18.156775">
				<ele>830.000000</ele>
			</trkpt>
			<trkpt lat="49.072240" lon="18.156722">
				<ele>829.000000</ele>
			</trkpt>
			<trkpt lat="49.072240" lon="18.156533">
				<ele>830.000000</ele>
			</trkpt>
			<trkpt lat="49.072234" lon="18.156470">
				<ele>831.000000</ele>
			</trkpt>
			<trkpt lat="49.072187" lon="18.156309">
				<ele>832.000000</ele>
			</trkpt>
			<trkpt lat="49.072181" lon="18.156272">
				<ele>832.000000</ele>
			</trkpt>
			<trkpt lat="49.072181" lon="18.156183">
				<ele>833.000000</ele>
			</trkpt>
			<trkpt lat="49.072211" lon="18.156066">
				<ele>830.000000</ele>
			</trkpt>
			<trkpt lat="49.072217" lon="18.156030">
				<ele>831.000000</ele>
			</trkpt>
			<trkpt lat="49.072211" lon="18.155967">
				<ele>832.000000</ele>
			</trkpt>
			<trkpt lat="49.072205" lon="18.155896">
				<ele>832.000000</ele>
			</trkpt>
			<trkpt lat="49.072193" lon="18.155814">
				<ele>833.000000</ele>
			</trkpt>
			<trkpt lat="49.072176" lon="18.155661">
				<ele>835.000000</ele>
			</trkpt>
			<trkpt lat="49.072158" lon="18.155590">
				<ele>836.000000</ele>
			</trkpt>
			<trkpt lat="49.072146" lon="18.155554">
				<ele>836.000000</ele>
			</trkpt>
			<trkpt lat="49.072128" lon="18.155509">
				<ele>837.000000</ele>
			</trkpt>
			<trkpt lat="49.072123" lon="18.155473">
				<ele>837.000000</ele>
			</trkpt>
			<trkpt lat="49.072117" lon="18.155338">
				<ele>839.000000</ele>
			</trkpt>
			<trkpt lat="49.072111" lon="18.155114">
				<ele>844.000000</ele>
			</trkpt>
			<trkpt lat="49.072128" lon="18.155060">
				<ele>845.000000</ele>
			</trkpt>
			<trkpt lat="49.072170" lon="18.155024">
				<ele>848.000000</ele>
			</trkpt>
			<trkpt lat="49.072264" lon="18.154951">
				<ele>853.000000</ele>
			</trkpt>
			<trkpt lat="49.072287" lon="18.154943">
				<ele>854.000000</ele>
			</trkpt>
			<trkpt lat="49.072299" lon="18.154943">
				<ele>855.000000</ele>
			</trkpt>
			<trkpt lat="49.072311" lon="18.154951">
				<ele>856.000000</ele>
			</trkpt>
			<trkpt lat="49.072323" lon="18.154961">
				<ele>856.000000</ele>
			</trkpt>
			<trkpt lat="49.072346" lon="18.154988">
				<ele>858.000000</ele>
			</trkpt>
			<trkpt lat="49.072364" lon="18.154988">
				<ele>859.000000</ele>
			</trkpt>
			<trkpt lat="49.072382" lon="18.154997">
				<ele>860.000000</ele>
			</trkpt>
			<trkpt lat="49.072393" lon="18.154988">
				<ele>861.000000</ele>
			</trkpt>
			<trkpt lat="49.072405" lon="18.154970">
				<ele>861.000000</ele>
			</trkpt>
			<trkpt lat="49.072405" lon="18.154934">
				<ele>862.000000</ele>
			</trkpt>
			<trkpt lat="49.072405" lon="18.154880">
				<ele>864.000000</ele>
			</trkpt>
			<trkpt lat="49.072417" lon="18.154808">
				<ele>866.000000</ele>
			</trkpt>
			<trkpt lat="49.072423" lon="18.154781">
				<ele>867.000000</ele>
			</trkpt>
			<trkpt lat="49.072488" lon="18.154691">
				<ele>871.000000</ele>
			</trkpt>
			<trkpt lat="49.072499" lon="18.154691">
				<ele>871.000000</ele>
			</trkpt>
			<trkpt lat="49.072547" lon="18.154781">
				<ele>874.000000</ele>
			</trkpt>
			<trkpt lat="49.072588" lon="18.154862">
				<ele>876.000000</ele>
			</trkpt>
			<trkpt lat="49.072647" lon="18.154888">
				<ele>879.000000</ele>
			</trkpt>
			<trkpt lat="49.072670" lon="18.154898">
				<ele>880.000000</ele>
			</trkpt>
			<trkpt lat="49.072706" lon="18.154917">
				<ele>880.000000</ele>
			</trkpt>
			<trkpt lat="49.072711" lon="18.154943">
				<ele>881.000000</ele>
			</trkpt>
			<trkpt lat="49.072723" lon="18.154970">
				<ele>881.000000</ele>
			</trkpt>
			<trkpt lat="49.072759" lon="18.155078">
				<ele>882.000000</ele>
			</trkpt>
			<trkpt lat="49.072770" lon="18.155104">
				<ele>883.000000</ele>
			</trkpt>
			<trkpt lat="49.072806" lon="18.155141">
				<ele>883.000000</ele>
			</trkpt>
			<trkpt lat="49.072859" lon="18.155158">
				<ele>885.000000</ele>
			</trkpt>
			<trkpt lat="49.072935" lon="18.155167">
				<ele>887.000000</ele>
			</trkpt>
			<trkpt lat="49.072970" lon="18.155158">
				<ele>888.000000</ele>
			</trkpt>
			<trkpt lat="49.073005" lon="18.155087">
				<ele>889.000000</ele>
			</trkpt>
			<trkpt lat="49.073047" lon="18.154951">
				<ele>892.000000</ele>
			</trkpt>
			<trkpt lat="49.073064" lon="18.154898">
				<ele>893.000000</ele>
			</trkpt>
			<trkpt lat="49.073076" lon="18.154880">
				<ele>894.000000</ele>
			</trkpt>
			<trkpt lat="49.073094" lon="18.154871">
				<ele>894.000000</ele>
			</trkpt>
			<trkpt lat="49.073123" lon="18.154835">
				<ele>895.000000</ele>
			</trkpt>
			<trkpt lat="49.073188" lon="18.154718">
				<ele>898.000000</ele>
			</trkpt>
			<trkpt lat="49.073235" lon="18.154628">
				<ele>901.000000</ele>
			</trkpt>
			<trkpt lat="49.073253" lon="18.154611">
				<ele>902.000000</ele>
			</trkpt>
			<trkpt lat="49.073288" lon="18.154601">
				<ele>903.000000</ele>
			</trkpt>
			<trkpt lat="49.073341" lon="18.154575">
				<ele>905.000000</ele>
			</trkpt>
			<trkpt lat="49.073382" lon="18.154584">
				<ele>907.000000</ele>
			</trkpt>
			<trkpt lat="49.073423" lon="18.154592">
				<ele>908.000000</ele>
			</trkpt>
			<trkpt lat="49.073441" lon="18.154592">
				<ele>909.000000</ele>
			</trkpt>
			<trkpt lat="49.073465" lon="18.154575">
				<ele>910.000000</ele>
			</trkpt>
			<trkpt lat="49.073529" lon="18.154395">
				<ele>915.000000</ele>
			</trkpt>
			<trkpt lat="49.073541" lon="18.154368">
				<ele>916.000000</ele>
			</trkpt>
			<trkpt lat="49.073559" lon="18.154323">
				<ele>918.000000</ele>
			</trkpt>
			<trkpt lat="49.073565" lon="18.154296">
				<ele>918.000000</ele>
			</trkpt>
			<trkpt lat="49.073571" lon="18.154269">
				<ele>918.000000</ele>
			</trkpt>
			<trkpt lat="49.073576" lon="18.154242">
				<ele>918.000000</ele>
			</trkpt>
			<trkpt lat="49.073588" lon="18.154215">
				<ele>919.000000</ele>
			</trkpt>
			<trkpt lat="49.073588" lon="18.154188">
				<ele>919.000000</ele>
			</trkpt>
			<trkpt lat="49.073588" lon="18.154116">
				<ele>919.000000</ele>
			</trkpt>
			<trkpt lat="49.073594" lon="18.154108">
				<ele>919.000000</ele>
			</trkpt>
			<trkpt lat="49.073612" lon="18.154108">
				<ele>919.000000</ele>
			</trkpt>
			<trkpt lat="49.073747" lon="18.154233">
				<ele>920.000000</ele>
			</trkpt>
			<trkpt lat="49.073824" lon="18.154296">
				<ele>920.000000</ele>
			</trkpt>
			<trkpt lat="49.073841" lon="18.154305">
				<ele>920.000000</ele>
			</trkpt>
			<trkpt lat="49.073859" lon="18.154305">
				<ele>920.000000</ele>
			</trkpt>
			<trkpt lat="49.073859" lon="18.154305">
				<ele>920.000000</ele>
			</trkpt>
			<trkpt lat="49.073841" lon="18.154305">
				<ele>920.000000</ele>
			</trkpt>
			<trkpt lat="49.073824" lon="18.154296">
				<ele>920.000000</ele>
			</trkpt>
			<trkpt lat="49.073747" lon="18.154233">
				<ele>920.000000</ele>
			</trkpt>
			<trkpt lat="49.073612" lon="18.154108">
				<ele>919.000000</ele>
			</trkpt>
			<trkpt lat="49.073594" lon="18.154108">
				<ele>919.000000</ele>
			</trkpt>
			<trkpt lat="49.073588" lon="18.154116">
				<ele>919.000000</ele>
			</trkpt>
			<trkpt lat="49.073588" lon="18.154188">
				<ele>919.000000</ele>
			</trkpt>
			<trkpt lat="49.073588" lon="18.154215">
				<ele>919.000000</ele>
			</trkpt>
			<trkpt lat="49.073576" lon="18.154242">
				<ele>918.000000</ele>
			</trkpt>
			<trkpt lat="49.073571" lon="18.154269">
				<ele>918.000000</ele>
			</trkpt>
			<trkpt lat="49.073565" lon="18.154296">
				<ele>918.000000</ele>
			</trkpt>
			<trkpt lat="49.073559" lon="18.154323">
				<ele>918.000000</ele>
			</trkpt>
			<trkpt lat="49.073541" lon="18.154368">
				<ele>916.000000</ele>
			</trkpt>
			<trkpt lat="49.073529" lon="18.154395">
				<ele>915.000000</ele>
			</trkpt>
			<trkpt lat="49.073465" lon="18.154575">
				<ele>910.000000</ele>
			</trkpt>
			<trkpt lat="49.073441" lon="18.154592">
				<ele>909.000000</ele>
			</trkpt>
			<trkpt lat="49.073423" lon="18.154592">
				<ele>908.000000</ele>
			</trkpt>
			<trkpt lat="49.073382" lon="18.154584">
				<ele>907.000000</ele>
			</trkpt>
			<trkpt lat="49.073341" lon="18.154575">
				<ele>905.000000</ele>
			</trkpt>
			<trkpt lat="49.073288" lon="18.154601">
				<ele>903.000000</ele>
			</trkpt>
			<trkpt lat="49.073253" lon="18.154611">
				<ele>902.000000</ele>
			</trkpt>
			<trkpt lat="49.073235" lon="18.154628">
				<ele>901.000000</ele>
			</trkpt>
			<trkpt lat="49.073188" lon="18.154718">
				<ele>898.000000</ele>
			</trkpt>
			<trkpt lat="49.073123" lon="18.154835">
				<ele>895.000000</ele>
			</trkpt>
			<trkpt lat="49.073094" lon="18.154871">
				<ele>894.000000</ele>
			</trkpt>
			<trkpt lat="49.073076" lon="18.154880">
				<ele>894.000000</ele>
			</trkpt>
			<trkpt lat="49.073064" lon="18.154898">
				<ele>893.000000</ele>
			</trkpt>
			<trkpt lat="49.073047" lon="18.154951">
				<ele>892.000000</ele>
			</trkpt>
			<trkpt lat="49.073005" lon="18.155087">
				<ele>889.000000</ele>
			</trkpt>
			<trkpt lat="49.072970" lon="18.155158">
				<ele>888.000000</ele>
			</trkpt>
			<trkpt lat="49.072935" lon="18.155167">
				<ele>887.000000</ele>
			</trkpt>
			<trkpt lat="49.072859" lon="18.155158">
				<ele>885.000000</ele>
			</trkpt>
			<trkpt lat="49.072806" lon="18.155141">
				<ele>883.000000</ele>
			</trkpt>
			<trkpt lat="49.072770" lon="18.155104">
				<ele>883.000000</ele>
			</trkpt>
			<trkpt lat="49.072759" lon="18.155078">
				<ele>882.000000</ele>
			</trkpt>
			<trkpt lat="49.072723" lon="18.154970">
				<ele>881.000000</ele>
			</trkpt>
			<trkpt lat="49.072711" lon="18.154943">
				<ele>881.000000</ele>
			</trkpt>
			<trkpt lat="49.072706" lon="18.154917">
				<ele>880.000000</ele>
			</trkpt>
			<trkpt lat="49.072670" lon="18.154898">
				<ele>880.000000</ele>
			</trkpt>
			<trkpt lat="49.072647" lon="18.154888">
				<ele>879.000000</ele>
			</trkpt>
			<trkpt lat="49.072588" lon="18.154862">
				<ele>876.000000</ele>
			</trkpt>
			<trkpt lat="49.072547" lon="18.154781">
				<ele>874.000000</ele>
			</trkpt>
			<trkpt lat="49.072499" lon="18.154691">
				<ele>871.000000</ele>
			</trkpt>
			<trkpt lat="49.072488" lon="18.154691">
				<ele>871.000000</ele>
			</trkpt>
			<trkpt lat="49.072423" lon="18.154781">
				<ele>867.000000</ele>
			</trkpt>
			<trkpt lat="49.072417" lon="18.154808">
				<ele>866.000000</ele>
			</trkpt>
			<trkpt lat="49.072405" lon="18.154880">
				<ele>864.000000</ele>
			</trkpt>
			<trkpt lat="49.072405" lon="18.154934">
				<ele>862.000000</ele>
			</trkpt>
			<trkpt lat="49.072405" lon="18.154970">
				<ele>861.000000</ele>
			</trkpt>
			<trkpt lat="49.072393" lon="18.154988">
				<ele>861.000000</ele>
			</trkpt>
			<trkpt lat="49.072382" lon="18.154997">
				<ele>860.000000</ele>
			</trkpt>
			<trkpt lat="49.072364" lon="18.154988">
				<ele>859.000000</ele>
			</trkpt>
			<trkpt lat="49.072346" lon="18.154988">
				<ele>858.000000</ele>
			</trkpt>
			<trkpt lat="49.072323" lon="18.154961">
				<ele>856.000000</ele>
			</trkpt>
			<trkpt lat="49.072311" lon="18.154951">
				<ele>856.000000</ele>
			</trkpt>
			<trkpt lat="49.072299" lon="18.154943">
				<ele>855.000000</ele>
			</trkpt>
			<trkpt lat="49.072287" lon="18.154943">
				<ele>854.000000</ele>
			</trkpt>
			<trkpt lat="49.072264" lon="18.154951">
				<ele>853.000000</ele>
			</trkpt>
			<trkpt lat="49.072170" lon="18.155024">
				<ele>848.000000</ele>
			</trkpt>
			<trkpt lat="49.072128" lon="18.155060">
				<ele>845.000000</ele>
			</trkpt>
			<trkpt lat="49.072111" lon="18.155114">
				<ele>844.000000</ele>
			</trkpt>
			<trkpt lat="49.072117" lon="18.155338">
				<ele>839.000000</ele>
			</trkpt>
			<trkpt lat="49.072123" lon="18.155473">
				<ele>837.000000</ele>
			</trkpt>
			<trkpt lat="49.072128" lon="18.155509">
				<ele>837.000000</ele>
			</trkpt>
			<trkpt lat="49.072146" lon="18.155554">
				<ele>836.000000</ele>
			</trkpt>
			<trkpt lat="49.072158" lon="18.155590">
				<ele>836.000000</ele>
			</trkpt>
			<trkpt lat="49.072176" lon="18.155661">
				<ele>835.000000</ele>
			</trkpt>
			<trkpt lat="49.072193" lon="18.155814">
				<ele>833.000000</ele>
			</trkpt>
			<trkpt lat="49.072205" lon="18.155896">
				<ele>832.000000</ele>
			</trkpt>
			<trkpt lat="49.072211" lon="18.155967">
				<ele>832.000000</ele>
			</trkpt>
			<trkpt lat="49.072217" lon="18.156030">
				<ele>831.000000</ele>
			</trkpt>
			<trkpt lat="49.072211" lon="18.156066">
				<ele>830.000000</ele>
			</trkpt>
			<trkpt lat="49.072181" lon="18.156183">
				<ele>833.000000</ele>
			</trkpt>
			<trkpt lat="49.072181" lon="18.156272">
				<ele>832.000000</ele>
			</trkpt>
			<trkpt lat="49.072187" lon="18.156309">
				<ele>832.000000</ele>
			</trkpt>
			<trkpt lat="49.072234" lon="18.156470">
				<ele>831.000000</ele>
			</trkpt>
			<trkpt lat="49.072240" lon="18.156533">
				<ele>830.000000</ele>
			</trkpt>
			<trkpt lat="49.072240" lon="18.156722">
				<ele>829.000000</ele>
			</trkpt>
			<trkpt lat="49.072146" lon="18.156632">
				<ele>827.000000</ele>
			</trkpt>
			<trkpt lat="49.072064" lon="18.156551">
				<ele>825.000000</ele>
			</trkpt>
			<trkpt lat="49.072005" lon="18.156443">
				<ele>823.000000</ele>
			</trkpt>
			<trkpt lat="49.071929" lon="18.156362">
				<ele>821.000000</ele>
			</trkpt>
			<trkpt lat="49.071858" lon="18.156272">
				<ele>819.000000</ele>
			</trkpt>
			<trkpt lat="49.071782" lon="18.156165">
				<ele>817.000000</ele>
			</trkpt>
			<trkpt lat="49.071746" lon="18.156093">
				<ele>816.000000</ele>
			</trkpt>
			<trkpt lat="49.071711" lon="18.156039">
				<ele>815.000000</ele>
			</trkpt>
			<trkpt lat="49.071681" lon="18.155994">
				<ele>814.000000</ele>
			</trkpt>
			<trkpt lat="49.071664" lon="18.155967">
				<ele>813.000000</ele>
			</trkpt>
			<trkpt lat="49.071617" lon="18.155896">
				<ele>812.000000</ele>
			</trkpt>
			<trkpt lat="49.071593" lon="18.155877">
				<ele>811.000000</ele>
			</trkpt>
			<trkpt lat="49.071534" lon="18.155833">
				<ele>810.000000</ele>
			</trkpt>
			<trkpt lat="49.071440" lon="18.155760">
				<ele>807.000000</ele>
			</trkpt>
			<trkpt lat="49.071428" lon="18.155743">
				<ele>807.000000</ele>
			</trkpt>
			<trkpt lat="49.071428" lon="18.155697">
				<ele>806.000000</ele>
			</trkpt>
			<trkpt lat="49.071422" lon="18.155653">
				<ele>805.000000</ele>
			</trkpt>
			<trkpt lat="49.071417" lon="18.155607">
				<ele>805.000000</ele>
			</trkpt>
			<trkpt lat="49.071405" lon="18.155580">
				<ele>804.000000</ele>
			</trkpt>
			<trkpt lat="49.071375" lon="18.155536">
				<ele>803.000000</ele>
			</trkpt>
			<trkpt lat="49.071352" lon="18.155509">
				<ele>802.000000</ele>
			</trkpt>
			<trkpt lat="49.071281" lon="18.155464">
				<ele>800.000000</ele>
			</trkpt>
			<trkpt lat="49.071246" lon="18.155428">
				<ele>799.000000</ele>
			</trkpt>
			<trkpt lat="49.071210" lon="18.155393">
				<ele>798.000000</ele>
			</trkpt>
			<trkpt lat="49.071187" lon="18.155330">
				<ele>797.000000</ele>
			</trkpt>
			<trkpt lat="49.071134" lon="18.155267">
				<ele>796.000000</ele>
			</trkpt>
			<trkpt lat="49.071046" lon="18.155185">
				<ele>794.000000</ele>
			</trkpt>
			<trkpt lat="49.070970" lon="18.155104">
				<ele>792.000000</ele>
			</trkpt>
			<trkpt lat="49.070893" lon="18.155015">
				<ele>789.000000</ele>
			</trkpt>
			<trkpt lat="49.070858" lon="18.154970">
				<ele>788.000000</ele>
			</trkpt>
			<trkpt lat="49.070787" lon="18.154880">
				<ele>785.000000</ele>
			</trkpt>
			<trkpt lat="49.070734" lon="18.154791">
				<ele>783.000000</ele>
			</trkpt>
			<trkpt lat="49.070640" lon="18.154701">
				<ele>779.000000</ele>
			</trkpt>
			<trkpt lat="49.070563" lon="18.154647">
				<ele>777.000000</ele>
			</trkpt>
			<trkpt lat="49.070546" lon="18.154619">
				<ele>776.000000</ele>
			</trkpt>
			<trkpt lat="49.070534" lon="18.154575">
				<ele>775.000000</ele>
			</trkpt>
			<trkpt lat="49.070516" lon="18.154467">
				<ele>772.000000</ele>
			</trkpt>
			<trkpt lat="49.070440" lon="18.154368">
				<ele>769.000000</ele>
			</trkpt>
			<trkpt lat="49.070440" lon="18.154251">
				<ele>767.000000</ele>
			</trkpt>
			<trkpt lat="49.070410" lon="18.154198">
				<ele>765.000000</ele>
			</trkpt>
			<trkpt lat="49.070375" lon="18.154171">
				<ele>764.000000</ele>
			</trkpt>
			<trkpt lat="49.070316" lon="18.154081">
				<ele>761.000000</ele>
			</trkpt>
			<trkpt lat="49.070245" lon="18.154026">
				<ele>759.000000</ele>
			</trkpt>
			<trkpt lat="49.070163" lon="18.153982">
				<ele>757.000000</ele>
			</trkpt>
			<trkpt lat="49.070122" lon="18.153946">
				<ele>756.000000</ele>
			</trkpt>
			<trkpt lat="49.070087" lon="18.153892">
				<ele>755.000000</ele>
			</trkpt>
			<trkpt lat="49.070046" lon="18.153838">
				<ele>753.000000</ele>
			</trkpt>
			<trkpt lat="49.069922" lon="18.153793">
				<ele>750.000000</ele>
			</trkpt>
			<trkpt lat="49.069869" lon="18.153766">
				<ele>749.000000</ele>
			</trkpt>
			<trkpt lat="49.069828" lon="18.153695">
				<ele>747.000000</ele>
			</trkpt>
			<trkpt lat="49.069798" lon="18.153659">
				<ele>747.000000</ele>
			</trkpt>
			<trkpt lat="49.069769" lon="18.153640">
				<ele>746.000000</ele>
			</trkpt>
			<trkpt lat="49.069686" lon="18.153605">
				<ele>744.000000</ele>
			</trkpt>
			<trkpt lat="49.069645" lon="18.153533">
				<ele>742.000000</ele>
			</trkpt>
			<trkpt lat="49.069563" lon="18.153487">
				<ele>740.000000</ele>
			</trkpt>
			<trkpt lat="49.069521" lon="18.153416">
				<ele>738.000000</ele>
			</trkpt>
			<trkpt lat="49.069380" lon="18.153272">
				<ele>734.000000</ele>
			</trkpt>
			<trkpt lat="49.069345" lon="18.153164">
				<ele>732.000000</ele>
			</trkpt>
			<trkpt lat="49.069275" lon="18.153066">
				<ele>730.000000</ele>
			</trkpt>
			<trkpt lat="49.069257" lon="18.153057">
				<ele>730.000000</ele>
			</trkpt>
			<trkpt lat="49.069222" lon="18.153020">
				<ele>730.000000</ele>
			</trkpt>
			<trkpt lat="49.069139" lon="18.152993">
				<ele>729.000000</ele>
			</trkpt>
			<trkpt lat="49.069104" lon="18.152993">
				<ele>729.000000</ele>
			</trkpt>
			<trkpt lat="49.069069" lon="18.152921">
				<ele>729.000000</ele>
			</trkpt>
			<trkpt lat="49.069180" lon="18.152823">
				<ele>728.000000</ele>
			</trkpt>
			<trkpt lat="49.069281" lon="18.152680">
				<ele>728.000000</ele>
			</trkpt>
			<trkpt lat="49.069351" lon="18.152571">
				<ele>727.000000</ele>
			</trkpt>
			<trkpt lat="49.069374" lon="18.152428">
				<ele>727.000000</ele>
			</trkpt>
			<trkpt lat="49.069398" lon="18.152293">
				<ele>727.000000</ele>
			</trkpt>
			<trkpt lat="49.069410" lon="18.152149">
				<ele>726.000000</ele>
			</trkpt>
			<trkpt lat="49.069386" lon="18.151466">
				<ele>725.000000</ele>
			</trkpt>
			<trkpt lat="49.069410" lon="18.151143">
				<ele>724.000000</ele>
			</trkpt>
			<trkpt lat="49.069527" lon="18.150038">
				<ele>721.000000</ele>
			</trkpt>
			<trkpt lat="49.069557" lon="18.149885">
				<ele>720.000000</ele>
			</trkpt>
			<trkpt lat="49.069686" lon="18.149678">
				<ele>720.000000</ele>
			</trkpt>
			<trkpt lat="49.069745" lon="18.149562">
				<ele>720.000000</ele>
			</trkpt>
			<trkpt lat="49.069781" lon="18.149464">
				<ele>720.000000</ele>
			</trkpt>
			<trkpt lat="49.069816" lon="18.149364">
				<ele>720.000000</ele>
			</trkpt>
			<trkpt lat="49.069828" lon="18.149319">
				<ele>720.000000</ele>
			</trkpt>
			<trkpt lat="49.069839" lon="18.149229">
				<ele>720.000000</ele>
			</trkpt>
			<trkpt lat="49.069834" lon="18.149149">
				<ele>720.000000</ele>
			</trkpt>
			<trkpt lat="49.069828" lon="18.149059">
				<ele>720.000000</ele>
			</trkpt>
			<trkpt lat="49.069804" lon="18.148969">
				<ele>720.000000</ele>
			</trkpt>
			<trkpt lat="49.069745" lon="18.148835">
				<ele>720.000000</ele>
			</trkpt>
			<trkpt lat="49.069616" lon="18.148646">
				<ele>721.000000</ele>
			</trkpt>
			<trkpt lat="49.069480" lon="18.148296">
				<ele>721.000000</ele>
			</trkpt>
			<trkpt lat="49.069357" lon="18.148026">
				<ele>721.000000</ele>
			</trkpt>
			<trkpt lat="49.069298" lon="18.147883">
				<ele>721.000000</ele>
			</trkpt>
			<trkpt lat="49.069245" lon="18.147766">
				<ele>722.000000</ele>
			</trkpt>
			<trkpt lat="49.069192" lon="18.147604">
				<ele>722.000000</ele>
			</trkpt>
			<trkpt lat="49.069180" lon="18.147550">
				<ele>722.000000</ele>
			</trkpt>
			<trkpt lat="49.069186" lon="18.147487">
				<ele>722.000000</ele>
			</trkpt>
			<trkpt lat="49.069198" lon="18.147388">
				<ele>722.000000</ele>
			</trkpt>
			<trkpt lat="49.069204" lon="18.147361">
				<ele>720.000000</ele>
			</trkpt>
			<trkpt lat="49.069228" lon="18.147208">
				<ele>722.000000</ele>
			</trkpt>
			<trkpt lat="49.069245" lon="18.147074">
				<ele>722.000000</ele>
			</trkpt>
			<trkpt lat="49.069262" lon="18.146957">
				<ele>722.000000</ele>
			</trkpt>
			<trkpt lat="49.069245" lon="18.146804">
				<ele>722.000000</ele>
			</trkpt>
			<trkpt lat="49.069209" lon="18.146625">
				<ele>722.000000</ele>
			</trkpt>
			<trkpt lat="49.069163" lon="18.146445">
				<ele>723.000000</ele>
			</trkpt>
			<trkpt lat="49.069139" lon="18.146275">
				<ele>723.000000</ele>
			</trkpt>
			<trkpt lat="49.069110" lon="18.146158">
				<ele>723.000000</ele>
			</trkpt>
			<trkpt lat="49.069092" lon="18.146095">
				<ele>723.000000</ele>
			</trkpt>
			<trkpt lat="49.068998" lon="18.145861">
				<ele>723.000000</ele>
			</trkpt>
			<trkpt lat="49.068910" lon="18.145573">
				<ele>723.000000</ele>
			</trkpt>
			<trkpt lat="49.068827" lon="18.145250">
				<ele>724.000000</ele>
			</trkpt>
			<trkpt lat="49.068704" lon="18.144927">
				<ele>724.000000</ele>
			</trkpt>
			<trkpt lat="49.068674" lon="18.144810">
				<ele>724.000000</ele>
			</trkpt>
			<trkpt lat="49.068674" lon="18.144747">
				<ele>724.000000</ele>
			</trkpt>
			<trkpt lat="49.068692" lon="18.144693">
				<ele>724.000000</ele>
			</trkpt>
			<trkpt lat="49.068798" lon="18.144585">
				<ele>724.000000</ele>
			</trkpt>
			<trkpt lat="49.069010" lon="18.144433">
				<ele>725.000000</ele>
			</trkpt>
			<trkpt lat="49.069110" lon="18.144388">
				<ele>725.000000</ele>
			</trkpt>
			<trkpt lat="49.069427" lon="18.144244">
				<ele>725.000000</ele>
			</trkpt>
			<trkpt lat="49.069834" lon="18.144001">
				<ele>726.000000</ele>
			</trkpt>
			<trkpt lat="49.069981" lon="18.143948">
				<ele>726.000000</ele>
			</trkpt>
			<trkpt lat="49.070028" lon="18.143912">
				<ele>726.000000</ele>
			</trkpt>
			<trkpt lat="49.070069" lon="18.143858">
				<ele>726.000000</ele>
			</trkpt>
			<trkpt lat="49.070152" lon="18.143732">
				<ele>726.000000</ele>
			</trkpt>
			<trkpt lat="49.070233" lon="18.143642">
				<ele>726.000000</ele>
			</trkpt>
			<trkpt lat="49.070369" lon="18.143561">
				<ele>726.000000</ele>
			</trkpt>
			<trkpt lat="49.070487" lon="18.143525">
				<ele>727.000000</ele>
			</trkpt>
			<trkpt lat="49.070610" lon="18.143472">
				<ele>727.000000</ele>
			</trkpt>
			<trkpt lat="49.070699" lon="18.143391">
				<ele>727.000000</ele>
			</trkpt>
			<trkpt lat="49.070769" lon="18.143292">
				<ele>727.000000</ele>
			</trkpt>
			<trkpt lat="49.070869" lon="18.143202">
				<ele>727.000000</ele>
			</trkpt>
			<trkpt lat="49.071157" lon="18.143085">
				<ele>728.000000</ele>
			</trkpt>
			<trkpt lat="49.071258" lon="18.143022">
				<ele>728.000000</ele>
			</trkpt>
			<trkpt lat="49.071487" lon="18.142780">
				<ele>728.000000</ele>
			</trkpt>
			<trkpt lat="49.071599" lon="18.142654">
				<ele>728.000000</ele>
			</trkpt>
			<trkpt lat="49.072117" lon="18.142240">
				<ele>729.000000</ele>
			</trkpt>
			<trkpt lat="49.072305" lon="18.142080">
				<ele>729.000000</ele>
			</trkpt>
			<trkpt lat="49.072376" lon="18.142017">
				<ele>729.000000</ele>
			</trkpt>
			<trkpt lat="49.072435" lon="18.141980">
				<ele>729.000000</ele>
			</trkpt>
			<trkpt lat="49.072523" lon="18.141935">
				<ele>729.000000</ele>
			</trkpt>
			<trkpt lat="49.073076" lon="18.141900">
				<ele>730.000000</ele>
			</trkpt>
			<trkpt lat="49.073423" lon="18.141755">
				<ele>732.000000</ele>
			</trkpt>
			<trkpt lat="49.073553" lon="18.141612">
				<ele>732.000000</ele>
			</trkpt>
			<trkpt lat="49.073659" lon="18.141459">
				<ele>732.000000</ele>
			</trkpt>
			<trkpt lat="49.073765" lon="18.141235">
				<ele>733.000000</ele>
			</trkpt>
			<trkpt lat="49.073894" lon="18.140686">
				<ele>734.000000</ele>
			</trkpt>
			<trkpt lat="49.073947" lon="18.140552">
				<ele>735.000000</ele>
			</trkpt>
			<trkpt lat="49.074271" lon="18.139950">
				<ele>736.000000</ele>
			</trkpt>
			<trkpt lat="49.074600" lon="18.139510">
				<ele>737.000000</ele>
			</trkpt>
			<trkpt lat="49.074706" lon="18.139411">
				<ele>738.000000</ele>
			</trkpt>
			<trkpt lat="49.074965" lon="18.139258">
				<ele>739.000000</ele>
			</trkpt>
			<trkpt lat="49.075224" lon="18.139160">
				<ele>740.000000</ele>
			</trkpt>
			<trkpt lat="49.075418" lon="18.139025">
				<ele>740.000000</ele>
			</trkpt>
			<trkpt lat="49.075501" lon="18.138944">
				<ele>740.000000</ele>
			</trkpt>
			<trkpt lat="49.075571" lon="18.138827">
				<ele>739.000000</ele>
			</trkpt>
			<trkpt lat="49.075647" lon="18.138648">
				<ele>738.000000</ele>
			</trkpt>
			<trkpt lat="49.075695" lon="18.138342">
				<ele>735.000000</ele>
			</trkpt>
			<trkpt lat="49.075725" lon="18.137883">
				<ele>731.000000</ele>
			</trkpt>
			<trkpt lat="49.075736" lon="18.137282">
				<ele>728.000000</ele>
			</trkpt>
			<trkpt lat="49.075771" lon="18.137057">
				<ele>727.000000</ele>
			</trkpt>
			<trkpt lat="49.075789" lon="18.136959">
				<ele>726.000000</ele>
			</trkpt>
			<trkpt lat="49.075977" lon="18.136177">
				<ele>723.000000</ele>
			</trkpt>
			<trkpt lat="49.076001" lon="18.136042">
				<ele>722.000000</ele>
			</trkpt>
			<trkpt lat="49.076001" lon="18.135881">
				<ele>722.000000</ele>
			</trkpt>
			<trkpt lat="49.075954" lon="18.135682">
				<ele>721.000000</ele>
			</trkpt>
			<trkpt lat="49.075877" lon="18.135522">
				<ele>720.000000</ele>
			</trkpt>
			<trkpt lat="49.075700" lon="18.135233">
				<ele>718.000000</ele>
			</trkpt>
			<trkpt lat="49.075477" lon="18.134785">
				<ele>716.000000</ele>
			</trkpt>
			<trkpt lat="49.075436" lon="18.134667">
				<ele>716.000000</ele>
			</trkpt>
			<trkpt lat="49.075377" lon="18.134434">
				<ele>715.000000</ele>
			</trkpt>
			<trkpt lat="49.075195" lon="18.133895">
				<ele>713.000000</ele>
			</trkpt>
			<trkpt lat="49.075100" lon="18.133518">
				<ele>711.000000</ele>
			</trkpt>
			<trkpt lat="49.075018" lon="18.133132">
				<ele>710.000000</ele>
			</trkpt>
			<trkpt lat="49.075000" lon="18.132979">
				<ele>709.000000</ele>
			</trkpt>
			<trkpt lat="49.075006" lon="18.132629">
				<ele>707.000000</ele>
			</trkpt>
			<trkpt lat="49.074977" lon="18.132350">
				<ele>705.000000</ele>
			</trkpt>
			<trkpt lat="49.074936" lon="18.131407">
				<ele>700.000000</ele>
			</trkpt>
			<trkpt lat="49.074941" lon="18.131237">
				<ele>699.000000</ele>
			</trkpt>
			<trkpt lat="49.074936" lon="18.131101">
				<ele>699.000000</ele>
			</trkpt>
			<trkpt lat="49.074830" lon="18.130698">
				<ele>696.000000</ele>
			</trkpt>
			<trkpt lat="49.074729" lon="18.130419">
				<ele>695.000000</ele>
			</trkpt>
			<trkpt lat="49.074624" lon="18.130095">
				<ele>693.000000</ele>
			</trkpt>
			<trkpt lat="49.074571" lon="18.129933">
				<ele>692.000000</ele>
			</trkpt>
			<trkpt lat="49.074530" lon="18.129817">
				<ele>691.000000</ele>
			</trkpt>
			<trkpt lat="49.074577" lon="18.129556">
				<ele>690.000000</ele>
			</trkpt>
			<trkpt lat="49.074589" lon="18.129476">
				<ele>690.000000</ele>
			</trkpt>
			<trkpt lat="49.074595" lon="18.129395">
				<ele>689.000000</ele>
			</trkpt>
			<trkpt lat="49.074595" lon="18.129260">
				<ele>689.000000</ele>
			</trkpt>
			<trkpt lat="49.074600" lon="18.129134">
				<ele>688.000000</ele>
			</trkpt>
			<trkpt lat="49.074595" lon="18.128973">
				<ele>688.000000</ele>
			</trkpt>
			<trkpt lat="49.074577" lon="18.128837">
				<ele>687.000000</ele>
			</trkpt>
			<trkpt lat="49.074547" lon="18.128711">
				<ele>687.000000</ele>
			</trkpt>
			<trkpt lat="49.074536" lon="18.128614">
				<ele>687.000000</ele>
			</trkpt>
			<trkpt lat="49.074530" lon="18.128524">
				<ele>686.000000</ele>
			</trkpt>
			<trkpt lat="49.074547" lon="18.128371">
				<ele>686.000000</ele>
			</trkpt>
			<trkpt lat="49.074559" lon="18.128155">
				<ele>685.000000</ele>
			</trkpt>
			<trkpt lat="49.074553" lon="18.127858">
				<ele>684.000000</ele>
			</trkpt>
			<trkpt lat="49.074524" lon="18.127625">
				<ele>683.000000</ele>
			</trkpt>
			<trkpt lat="49.074471" lon="18.127409">
				<ele>682.000000</ele>
			</trkpt>
			<trkpt lat="49.074336" lon="18.127122">
				<ele>681.000000</ele>
			</trkpt>
			<trkpt lat="49.074265" lon="18.126952">
				<ele>681.000000</ele>
			</trkpt>
			<trkpt lat="49.074018" lon="18.126350">
				<ele>678.000000</ele>
			</trkpt>
			<trkpt lat="49.073894" lon="18.125973">
				<ele>677.000000</ele>
			</trkpt>
			<trkpt lat="49.073783" lon="18.125811">
				<ele>676.000000</ele>
			</trkpt>
			<trkpt lat="49.073417" lon="18.125308">
				<ele>674.000000</ele>
			</trkpt>
			<trkpt lat="49.073282" lon="18.125172">
				<ele>673.000000</ele>
			</trkpt>
			<trkpt lat="49.073153" lon="18.125082">
				<ele>672.000000</ele>
			</trkpt>
			<trkpt lat="49.072653" lon="18.124813">
				<ele>669.000000</ele>
			</trkpt>
			<trkpt lat="49.071658" lon="18.124247">
				<ele>664.000000</ele>
			</trkpt>
			<trkpt lat="49.070540" lon="18.123440">
				<ele>660.000000</ele>
			</trkpt>
			<trkpt lat="49.070481" lon="18.123421">
				<ele>660.000000</ele>
			</trkpt>
			<trkpt lat="49.070864" lon="18.123394">
				<ele>657.000000</ele>
			</trkpt>
			<trkpt lat="49.070864" lon="18.123394">
				<ele>657.000000</ele>
			</trkpt>
			<trkpt lat="49.070481" lon="18.123421">
				<ele>660.000000</ele>
			</trkpt>
			<trkpt lat="49.070157" lon="18.123277">
				<ele>660.000000</ele>
			</trkpt>
			<trkpt lat="49.070022" lon="18.123187">
				<ele>660.000000</ele>
			</trkpt>
			<trkpt lat="49.069904" lon="18.122990">
				<ele>660.000000</ele>
			</trkpt>
			<trkpt lat="49.069657" lon="18.122424">
				<ele>660.000000</ele>
			</trkpt>
			<trkpt lat="49.069327" lon="18.121840">
				<ele>660.000000</ele>
			</trkpt>
			<trkpt lat="49.067827" lon="18.119568">
				<ele>657.000000</ele>
			</trkpt>
			<trkpt lat="49.066950" lon="18.117887">
				<ele>651.000000</ele>
			</trkpt>
			<trkpt lat="49.066720" lon="18.117608">
				<ele>649.000000</ele>
			</trkpt>
			<trkpt lat="49.066532" lon="18.117456">
				<ele>646.000000</ele>
			</trkpt>
			<trkpt lat="49.066173" lon="18.116979">
				<ele>641.000000</ele>
			</trkpt>
			<trkpt lat="49.066020" lon="18.116593">
				<ele>638.000000</ele>
			</trkpt>
			<trkpt lat="49.065926" lon="18.116063">
				<ele>634.000000</ele>
			</trkpt>
			<trkpt lat="49.065926" lon="18.115803">
				<ele>632.000000</ele>
			</trkpt>
			<trkpt lat="49.065879" lon="18.115650">
				<ele>630.000000</ele>
			</trkpt>
			<trkpt lat="49.065826" lon="18.115524">
				<ele>629.000000</ele>
			</trkpt>
			<trkpt lat="49.065814" lon="18.115121">
				<ele>624.000000</ele>
			</trkpt>
			<trkpt lat="49.065778" lon="18.114797">
				<ele>621.000000</ele>
			</trkpt>
			<trkpt lat="49.065667" lon="18.114392">
				<ele>613.000000</ele>
			</trkpt>
			<trkpt lat="49.065655" lon="18.114249">
				<ele>611.000000</ele>
			</trkpt>
			<trkpt lat="49.065667" lon="18.113853">
				<ele>604.000000</ele>
			</trkpt>
			<trkpt lat="49.065661" lon="18.113566">
				<ele>599.000000</ele>
			</trkpt>
			<trkpt lat="49.065708" lon="18.113253">
				<ele>595.000000</ele>
			</trkpt>
			<trkpt lat="49.065690" lon="18.112624">
				<ele>588.000000</ele>
			</trkpt>
			<trkpt lat="49.065667" lon="18.112497">
				<ele>586.000000</ele>
			</trkpt>
			<trkpt lat="49.065502" lon="18.111941">
				<ele>580.000000</ele>
			</trkpt>
			<trkpt lat="49.065331" lon="18.111402">
				<ele>574.000000</ele>
			</trkpt>
			<trkpt lat="49.065219" lon="18.111150">
				<ele>571.000000</ele>
			</trkpt>
			<trkpt lat="49.065096" lon="18.110979">
				<ele>568.000000</ele>
			</trkpt>
			<trkpt lat="49.065031" lon="18.110845">
				<ele>566.000000</ele>
			</trkpt>
			<trkpt lat="49.064843" lon="18.110611">
				<ele>562.000000</ele>
			</trkpt>
			<trkpt lat="49.064343" lon="18.109857">
				<ele>550.000000</ele>
			</trkpt>
			<trkpt lat="49.064019" lon="18.109201">
				<ele>540.000000</ele>
			</trkpt>
			<trkpt lat="49.063942" lon="18.109066">
				<ele>538.000000</ele>
			</trkpt>
			<trkpt lat="49.063913" lon="18.108985">
				<ele>537.000000</ele>
			</trkpt>
			<trkpt lat="49.063907" lon="18.108922">
				<ele>536.000000</ele>
			</trkpt>
			<trkpt lat="49.063924" lon="18.108733">
				<ele>535.000000</ele>
			</trkpt>
			<trkpt lat="49.063919" lon="18.108671">
				<ele>534.000000</ele>
			</trkpt>
			<trkpt lat="49.063866" lon="18.108526">
				<ele>532.000000</ele>
			</trkpt>
			<trkpt lat="49.063707" lon="18.108312">
				<ele>529.000000</ele>
			</trkpt>
			<trkpt lat="49.063665" lon="18.108069">
				<ele>527.000000</ele>
			</trkpt>
			<trkpt lat="49.063601" lon="18.107889">
				<ele>526.000000</ele>
			</trkpt>
			<trkpt lat="49.063424" lon="18.107727">
				<ele>523.000000</ele>
			</trkpt>
			<trkpt lat="49.063336" lon="18.107494">
				<ele>521.000000</ele>
			</trkpt>
			<trkpt lat="49.063265" lon="18.107332">
				<ele>519.000000</ele>
			</trkpt>
			<trkpt lat="49.063153" lon="18.106991">
				<ele>517.000000</ele>
			</trkpt>
			<trkpt lat="49.063100" lon="18.106622">
				<ele>514.000000</ele>
			</trkpt>
			<trkpt lat="49.063095" lon="18.105976">
				<ele>510.000000</ele>
			</trkpt>
			<trkpt lat="49.063053" lon="18.105742">
				<ele>508.000000</ele>
			</trkpt>
			<trkpt lat="49.062971" lon="18.105437">
				<ele>505.000000</ele>
			</trkpt>
			<trkpt lat="49.062871" lon="18.105203">
				<ele>502.000000</ele>
			</trkpt>
			<trkpt lat="49.062847" lon="18.105087">
				<ele>501.000000</ele>
			</trkpt>
			<trkpt lat="49.062724" lon="18.104368">
				<ele>495.000000</ele>
			</trkpt>
			<trkpt lat="49.062318" lon="18.103316">
				<ele>480.000000</ele>
			</trkpt>
			<trkpt lat="49.062171" lon="18.102993">
				<ele>474.000000</ele>
			</trkpt>
			<trkpt lat="49.062100" lon="18.102867">
				<ele>472.000000</ele>
			</trkpt>
			<trkpt lat="49.062076" lon="18.102777">
				<ele>470.000000</ele>
			</trkpt>
			<trkpt lat="49.062070" lon="18.102410">
				<ele>464.000000</ele>
			</trkpt>
			<trkpt lat="49.061953" lon="18.101861">
				<ele>455.000000</ele>
			</trkpt>
			<trkpt lat="49.061876" lon="18.101610">
				<ele>450.000000</ele>
			</trkpt>
			<trkpt lat="49.061823" lon="18.101224">
				<ele>442.000000</ele>
			</trkpt>
			<trkpt lat="49.061764" lon="18.099903">
				<ele>418.000000</ele>
			</trkpt>
			<trkpt lat="49.061682" lon="18.099643">
				<ele>411.000000</ele>
			</trkpt>
			<trkpt lat="49.061599" lon="18.099471">
				<ele>409.000000</ele>
			</trkpt>
			<trkpt lat="49.061535" lon="18.099391">
				<ele>409.000000</ele>
			</trkpt>
			<trkpt lat="49.061423" lon="18.099364">
				<ele>408.000000</ele>
			</trkpt>
			<trkpt lat="49.061446" lon="18.099023">
				<ele>407.000000</ele>
			</trkpt>
			<trkpt lat="49.061470" lon="18.098934">
				<ele>407.000000</ele>
			</trkpt>
			<trkpt lat="49.061617" lon="18.098601">
				<ele>406.000000</ele>
			</trkpt>
			<trkpt lat="49.061646" lon="18.098394">
				<ele>405.000000</ele>
			</trkpt>
			<trkpt lat="49.061400" lon="18.097972">
				<ele>403.000000</ele>
			</trkpt>
			<trkpt lat="49.061235" lon="18.097802">
				<ele>403.000000</ele>
			</trkpt>
			<trkpt lat="49.060769" lon="18.097513">
				<ele>400.000000</ele>
			</trkpt>
			<trkpt lat="49.060345" lon="18.097226">
				<ele>399.000000</ele>
			</trkpt>
			<trkpt lat="49.059616" lon="18.096517">
				<ele>397.000000</ele>
			</trkpt>
			<trkpt lat="49.059551" lon="18.096408">
				<ele>397.000000</ele>
			</trkpt>
			<trkpt lat="49.059492" lon="18.096247">
				<ele>397.000000</ele>
			</trkpt>
			<trkpt lat="49.059433" lon="18.095951">
				<ele>396.000000</ele>
			</trkpt>
			<trkpt lat="49.059386" lon="18.095708">
				<ele>396.000000</ele>
			</trkpt>
			<trkpt lat="49.059315" lon="18.095475">
				<ele>396.000000</ele>
			</trkpt>
			<trkpt lat="49.059292" lon="18.095402">
				<ele>395.000000</ele>
			</trkpt>
			<trkpt lat="49.059292" lon="18.095412">
				<ele>392.000000</ele>
			</trkpt>
			<trkpt lat="49.059251" lon="18.095276">
				<ele>391.000000</ele>
			</trkpt>
			<trkpt lat="49.059192" lon="18.095160">
				<ele>391.000000</ele>
			</trkpt>
			<trkpt lat="49.058904" lon="18.094676">
				<ele>389.000000</ele>
			</trkpt>
			<trkpt lat="49.058692" lon="18.094244">
				<ele>388.000000</ele>
			</trkpt>
			<trkpt lat="49.058633" lon="18.094081">
				<ele>388.000000</ele>
			</trkpt>
			<trkpt lat="49.058385" lon="18.093238">
				<ele>385.000000</ele>
			</trkpt>
			<trkpt lat="49.058279" lon="18.092833">
				<ele>384.000000</ele>
			</trkpt>
			<trkpt lat="49.058220" lon="18.092618">
				<ele>384.000000</ele>
			</trkpt>
			<trkpt lat="49.058167" lon="18.092439">
				<ele>383.000000</ele>
			</trkpt>
			<trkpt lat="49.058097" lon="18.092276">
				<ele>383.000000</ele>
			</trkpt>
			<trkpt lat="49.058015" lon="18.092106">
				<ele>383.000000</ele>
			</trkpt>
			<trkpt lat="49.057921" lon="18.091936">
				<ele>382.000000</ele>
			</trkpt>
			<trkpt lat="49.057773" lon="18.091693">
				<ele>381.000000</ele>
			</trkpt>
			<trkpt lat="49.057597" lon="18.091450">
				<ele>381.000000</ele>
			</trkpt>
			<trkpt lat="49.057390" lon="18.091198">
				<ele>380.000000</ele>
			</trkpt>
			<trkpt lat="49.057256" lon="18.091055">
				<ele>379.000000</ele>
			</trkpt>
			<trkpt lat="49.057155" lon="18.090928">
				<ele>379.000000</ele>
			</trkpt>
			<trkpt lat="49.057049" lon="18.090794">
				<ele>378.000000</ele>
			</trkpt>
			<trkpt lat="49.056926" lon="18.090597">
				<ele>378.000000</ele>
			</trkpt>
			<trkpt lat="49.056831" lon="18.090471">
				<ele>377.000000</ele>
			</trkpt>
			<trkpt lat="49.056655" lon="18.090291">
				<ele>376.000000</ele>
			</trkpt>
			<trkpt lat="49.056431" lon="18.090076">
				<ele>375.000000</ele>
			</trkpt>
			<trkpt lat="49.056296" lon="18.089932">
				<ele>375.000000</ele>
			</trkpt>
			<trkpt lat="49.056248" lon="18.089842">
				<ele>375.000000</ele>
			</trkpt>
			<trkpt lat="49.056195" lon="18.089762">
				<ele>375.000000</ele>
			</trkpt>
			<trkpt lat="49.056142" lon="18.089636">
				<ele>374.000000</ele>
			</trkpt>
			<trkpt lat="49.056113" lon="18.089519">
				<ele>374.000000</ele>
			</trkpt>
			<trkpt lat="49.055949" lon="18.088961">
				<ele>373.000000</ele>
			</trkpt>
			<trkpt lat="49.055896" lon="18.088818">
				<ele>373.000000</ele>
			</trkpt>
			<trkpt lat="49.055843" lon="18.088710">
				<ele>372.000000</ele>
			</trkpt>
			<trkpt lat="49.055784" lon="18.088584">
				<ele>372.000000</ele>
			</trkpt>
			<trkpt lat="49.055707" lon="18.088485">
				<ele>372.000000</ele>
			</trkpt>
			<trkpt lat="49.055631" lon="18.088378">
				<ele>372.000000</ele>
			</trkpt>
			<trkpt lat="49.055542" lon="18.088297">
				<ele>371.000000</ele>
			</trkpt>
			<trkpt lat="49.055436" lon="18.088189">
				<ele>371.000000</ele>
			</trkpt>
			<trkpt lat="49.055295" lon="18.088118">
				<ele>371.000000</ele>
			</trkpt>
			<trkpt lat="49.054671" lon="18.087812">
				<ele>369.000000</ele>
			</trkpt>
			<trkpt lat="49.054477" lon="18.087668">
				<ele>368.000000</ele>
			</trkpt>
			<trkpt lat="49.054182" lon="18.087389">
				<ele>367.000000</ele>
			</trkpt>
			<trkpt lat="49.054005" lon="18.087202">
				<ele>367.000000</ele>
			</trkpt>
			<trkpt lat="49.053841" lon="18.086994">
				<ele>366.000000</ele>
			</trkpt>
			<trkpt lat="49.053770" lon="18.086886">
				<ele>366.000000</ele>
			</trkpt>
			<trkpt lat="49.053729" lon="18.086770">
				<ele>366.000000</ele>
			</trkpt>
			<trkpt lat="49.053694" lon="18.086644">
				<ele>365.000000</ele>
			</trkpt>
			<trkpt lat="49.053670" lon="18.086483">
				<ele>365.000000</ele>
			</trkpt>
			<trkpt lat="49.053641" lon="18.086249">
				<ele>365.000000</ele>
			</trkpt>
			<trkpt lat="49.053582" lon="18.085871">
				<ele>364.000000</ele>
			</trkpt>
			<trkpt lat="49.053552" lon="18.085655">
				<ele>364.000000</ele>
			</trkpt>
			<trkpt lat="49.053535" lon="18.085332">
				<ele>363.000000</ele>
			</trkpt>
			<trkpt lat="49.053517" lon="18.085152">
				<ele>363.000000</ele>
			</trkpt>
			<trkpt lat="49.053505" lon="18.085018">
				<ele>362.000000</ele>
			</trkpt>
			<trkpt lat="49.053476" lon="18.084865">
				<ele>362.000000</ele>
			</trkpt>
			<trkpt lat="49.053441" lon="18.084731">
				<ele>362.000000</ele>
			</trkpt>
			<trkpt lat="49.053399" lon="18.084605">
				<ele>362.000000</ele>
			</trkpt>
			<trkpt lat="49.053358" lon="18.084506">
				<ele>361.000000</ele>
			</trkpt>
			<trkpt lat="49.053305" lon="18.084407">
				<ele>361.000000</ele>
			</trkpt>
			<trkpt lat="49.053234" lon="18.084290">
				<ele>361.000000</ele>
			</trkpt>
			<trkpt lat="49.052863" lon="18.083707">
				<ele>359.000000</ele>
			</trkpt>
			<trkpt lat="49.052787" lon="18.083590">
				<ele>358.000000</ele>
			</trkpt>
			<trkpt lat="49.052728" lon="18.083510">
				<ele>358.000000</ele>
			</trkpt>
			<trkpt lat="49.052664" lon="18.083464">
				<ele>358.000000</ele>
			</trkpt>
			<trkpt lat="49.052593" lon="18.083428">
				<ele>357.000000</ele>
			</trkpt>
			<trkpt lat="49.052475" lon="18.083391">
				<ele>357.000000</ele>
			</trkpt>
			<trkpt lat="49.052399" lon="18.083374">
				<ele>356.000000</ele>
			</trkpt>
			<trkpt lat="49.052328" lon="18.083357">
				<ele>356.000000</ele>
			</trkpt>
			<trkpt lat="49.052263" lon="18.083311">
				<ele>355.000000</ele>
			</trkpt>
			<trkpt lat="49.052187" lon="18.083257">
				<ele>355.000000</ele>
			</trkpt>
			<trkpt lat="49.051892" lon="18.083005">
				<ele>354.000000</ele>
			</trkpt>
			<trkpt lat="49.051692" lon="18.082826">
				<ele>353.000000</ele>
			</trkpt>
			<trkpt lat="49.051598" lon="18.082701">
				<ele>352.000000</ele>
			</trkpt>
			<trkpt lat="49.051474" lon="18.082512">
				<ele>351.000000</ele>
			</trkpt>
			<trkpt lat="49.051433" lon="18.082458">
				<ele>351.000000</ele>
			</trkpt>
			<trkpt lat="49.051386" lon="18.082412">
				<ele>351.000000</ele>
			</trkpt>
			<trkpt lat="49.051345" lon="18.082395">
				<ele>351.000000</ele>
			</trkpt>
			<trkpt lat="49.051280" lon="18.082378">
				<ele>350.000000</ele>
			</trkpt>
			<trkpt lat="49.051038" lon="18.082349">
				<ele>350.000000</ele>
			</trkpt>
			<trkpt lat="49.050968" lon="18.082332">
				<ele>350.000000</ele>
			</trkpt>
			<trkpt lat="49.050891" lon="18.082269">
				<ele>350.000000</ele>
			</trkpt>
			<trkpt lat="49.050762" lon="18.082198">
				<ele>349.000000</ele>
			</trkpt>
			<trkpt lat="49.050656" lon="18.082135">
				<ele>349.000000</ele>
			</trkpt>
			<trkpt lat="49.050544" lon="18.082108">
				<ele>349.000000</ele>
			</trkpt>
			<trkpt lat="49.050409" lon="18.082108">
				<ele>349.000000</ele>
			</trkpt>
			<trkpt lat="49.050226" lon="18.082080">
				<ele>348.000000</ele>
			</trkpt>
			<trkpt lat="49.050085" lon="18.082045">
				<ele>348.000000</ele>
			</trkpt>
			<trkpt lat="49.049926" lon="18.081982">
				<ele>348.000000</ele>
			</trkpt>
			<trkpt lat="49.049678" lon="18.081856">
				<ele>347.000000</ele>
			</trkpt>
			<trkpt lat="49.049543" lon="18.081802">
				<ele>347.000000</ele>
			</trkpt>
			<trkpt lat="49.049407" lon="18.081766">
				<ele>347.000000</ele>
			</trkpt>
			<trkpt lat="49.049284" lon="18.081757">
				<ele>346.000000</ele>
			</trkpt>
			<trkpt lat="49.049084" lon="18.081757">
				<ele>346.000000</ele>
			</trkpt>
			<trkpt lat="49.048913" lon="18.081766">
				<ele>346.000000</ele>
			</trkpt>
			<trkpt lat="49.048636" lon="18.081722">
				<ele>345.000000</ele>
			</trkpt>
			<trkpt lat="49.048342" lon="18.081686">
				<ele>344.000000</ele>
			</trkpt>
			<trkpt lat="49.047971" lon="18.081676">
				<ele>343.000000</ele>
			</trkpt>
			<trkpt lat="49.047830" lon="18.081686">
				<ele>343.000000</ele>
			</trkpt>
			<trkpt lat="49.047671" lon="18.081730">
				<ele>342.000000</ele>
			</trkpt>
			<trkpt lat="49.047518" lon="18.081784">
				<ele>342.000000</ele>
			</trkpt>
			<trkpt lat="49.047418" lon="18.081812">
				<ele>342.000000</ele>
			</trkpt>
			<trkpt lat="49.046817" lon="18.081829">
				<ele>340.000000</ele>
			</trkpt>
			<trkpt lat="49.046699" lon="18.081802">
				<ele>340.000000</ele>
			</trkpt>
			<trkpt lat="49.046617" lon="18.081757">
				<ele>339.000000</ele>
			</trkpt>
			<trkpt lat="49.046558" lon="18.081686">
				<ele>339.000000</ele>
			</trkpt>
			<trkpt lat="49.046487" lon="18.081604">
				<ele>339.000000</ele>
			</trkpt>
			<trkpt lat="49.046393" lon="18.081433">
				<ele>338.000000</ele>
			</trkpt>
			<trkpt lat="49.046022" lon="18.080535">
				<ele>336.000000</ele>
			</trkpt>
			<trkpt lat="49.045746" lon="18.079817">
				<ele>334.000000</ele>
			</trkpt>
			<trkpt lat="49.045410" lon="18.078910">
				<ele>332.000000</ele>
			</trkpt>
			<trkpt lat="49.045333" lon="18.078712">
				<ele>332.000000</ele>
			</trkpt>
			<trkpt lat="49.045251" lon="18.078496">
				<ele>332.000000</ele>
			</trkpt>
			<trkpt lat="49.045157" lon="18.078344">
				<ele>331.000000</ele>
			</trkpt>
			<trkpt lat="49.045074" lon="18.078244">
				<ele>331.000000</ele>
			</trkpt>
			<trkpt lat="49.044998" lon="18.078173">
				<ele>331.000000</ele>
			</trkpt>
			<trkpt lat="49.044897" lon="18.078083">
				<ele>330.000000</ele>
			</trkpt>
			<trkpt lat="49.044774" lon="18.077994">
				<ele>330.000000</ele>
			</trkpt>
			<trkpt lat="49.044450" lon="18.077751">
				<ele>329.000000</ele>
			</trkpt>
			<trkpt lat="49.044302" lon="18.077615">
				<ele>329.000000</ele>
			</trkpt>
			<trkpt lat="49.044168" lon="18.077491">
				<ele>328.000000</ele>
			</trkpt>
			<trkpt lat="49.044032" lon="18.077328">
				<ele>328.000000</ele>
			</trkpt>
			<trkpt lat="49.043932" lon="18.077212">
				<ele>328.000000</ele>
			</trkpt>
			<trkpt lat="49.043749" lon="18.076969">
				<ele>327.000000</ele>
			</trkpt>
			<trkpt lat="49.043631" lon="18.076799">
				<ele>327.000000</ele>
			</trkpt>
			<trkpt lat="49.043502" lon="18.076556">
				<ele>326.000000</ele>
			</trkpt>
			<trkpt lat="49.043325" lon="18.076152">
				<ele>325.000000</ele>
			</trkpt>
			<trkpt lat="49.043237" lon="18.075963">
				<ele>325.000000</ele>
			</trkpt>
			<trkpt lat="49.043072" lon="18.075711">
				<ele>324.000000</ele>
			</trkpt>
			<trkpt lat="49.042778" lon="18.075298">
				<ele>323.000000</ele>
			</trkpt>
			<trkpt lat="49.042625" lon="18.075083">
				<ele>323.000000</ele>
			</trkpt>
			<trkpt lat="49.042466" lon="18.074822">
				<ele>322.000000</ele>
			</trkpt>
			<trkpt lat="49.042330" lon="18.074571">
				<ele>322.000000</ele>
			</trkpt>
			<trkpt lat="49.042224" lon="18.074275">
				<ele>321.000000</ele>
			</trkpt>
			<trkpt lat="49.042013" lon="18.073690">
				<ele>320.000000</ele>
			</trkpt>
			<trkpt lat="49.041930" lon="18.073475">
				<ele>320.000000</ele>
			</trkpt>
			<trkpt lat="49.041842" lon="18.073296">
				<ele>320.000000</ele>
			</trkpt>
			<trkpt lat="49.041747" lon="18.073124">
				<ele>319.000000</ele>
			</trkpt>
			<trkpt lat="49.041582" lon="18.072891">
				<ele>319.000000</ele>
			</trkpt>
			<trkpt lat="49.040934" lon="18.072225">
				<ele>317.000000</ele>
			</trkpt>
			<trkpt lat="49.040175" lon="18.071399">
				<ele>315.000000</ele>
			</trkpt>
			<trkpt lat="49.040087" lon="18.071309">
				<ele>315.000000</ele>
			</trkpt>
			<trkpt lat="49.039987" lon="18.071265">
				<ele>314.000000</ele>
			</trkpt>
			<trkpt lat="49.039892" lon="18.071229">
				<ele>314.000000</ele>
			</trkpt>
			<trkpt lat="49.039745" lon="18.071220">
				<ele>314.000000</ele>
			</trkpt>
			<trkpt lat="49.038179" lon="18.071013">
				<ele>310.000000</ele>
			</trkpt>
			<trkpt lat="49.038025" lon="18.070977">
				<ele>310.000000</ele>
			</trkpt>
			<trkpt lat="49.037966" lon="18.070950">
				<ele>310.000000</ele>
			</trkpt>
			<trkpt lat="49.037902" lon="18.070906">
				<ele>310.000000</ele>
			</trkpt>
			<trkpt lat="49.037808" lon="18.070797">
				<ele>309.000000</ele>
			</trkpt>
			<trkpt lat="49.037696" lon="18.070627">
				<ele>309.000000</ele>
			</trkpt>
			<trkpt lat="49.037549" lon="18.070250">
				<ele>308.000000</ele>
			</trkpt>
			<trkpt lat="49.037407" lon="18.069828">
				<ele>308.000000</ele>
			</trkpt>
			<trkpt lat="49.037319" lon="18.069604">
				<ele>307.000000</ele>
			</trkpt>
			<trkpt lat="49.037207" lon="18.069369">
				<ele>307.000000</ele>
			</trkpt>
			<trkpt lat="49.037066" lon="18.069154">
				<ele>306.000000</ele>
			</trkpt>
			<trkpt lat="49.036877" lon="18.068866">
				<ele>306.000000</ele>
			</trkpt>
			<trkpt lat="49.036712" lon="18.068596">
				<ele>305.000000</ele>
			</trkpt>
			<trkpt lat="49.036582" lon="18.068372">
				<ele>305.000000</ele>
			</trkpt>
			<trkpt lat="49.036465" lon="18.068130">
				<ele>304.000000</ele>
			</trkpt>
			<trkpt lat="49.036336" lon="18.067860">
				<ele>303.000000</ele>
			</trkpt>
			<trkpt lat="49.036200" lon="18.067554">
				<ele>303.000000</ele>
			</trkpt>
			<trkpt lat="49.035976" lon="18.066980">
				<ele>302.000000</ele>
			</trkpt>
			<trkpt lat="49.035799" lon="18.066531">
				<ele>301.000000</ele>
			</trkpt>
			<trkpt lat="49.035629" lon="18.066153">
				<ele>301.000000</ele>
			</trkpt>
			<trkpt lat="49.035440" lon="18.065759">
				<ele>300.000000</ele>
			</trkpt>
			<trkpt lat="49.035039" lon="18.064977">
				<ele>299.000000</ele>
			</trkpt>
			<trkpt lat="49.034963" lon="18.064824">
				<ele>299.000000</ele>
			</trkpt>
			<trkpt lat="49.034893" lon="18.064654">
				<ele>299.000000</ele>
			</trkpt>
			<trkpt lat="49.034846" lon="18.064501">
				<ele>298.000000</ele>
			</trkpt>
			<trkpt lat="49.034804" lon="18.064348">
				<ele>298.000000</ele>
			</trkpt>
			<trkpt lat="49.034781" lon="18.064186">
				<ele>298.000000</ele>
			</trkpt>
			<trkpt lat="49.034757" lon="18.063979">
				<ele>298.000000</ele>
			</trkpt>
			<trkpt lat="49.034757" lon="18.063755">
				<ele>297.000000</ele>
			</trkpt>
			<trkpt lat="49.034751" lon="18.063522">
				<ele>297.000000</ele>
			</trkpt>
			<trkpt lat="49.034745" lon="18.063333">
				<ele>297.000000</ele>
			</trkpt>
			<trkpt lat="49.034745" lon="18.063315">
				<ele>297.000000</ele>
			</trkpt>
			<trkpt lat="49.034734" lon="18.063162">
				<ele>296.000000</ele>
			</trkpt>
			<trkpt lat="49.034722" lon="18.063027">
				<ele>296.000000</ele>
			</trkpt>
			<trkpt lat="49.034698" lon="18.062920">
				<ele>296.000000</ele>
			</trkpt>
			<trkpt lat="49.034622" lon="18.062667">
				<ele>296.000000</ele>
			</trkpt>
			<trkpt lat="49.034262" lon="18.061698">
				<ele>294.000000</ele>
			</trkpt>
			<trkpt lat="49.034080" lon="18.061176">
				<ele>293.000000</ele>
			</trkpt>
			<trkpt lat="49.033921" lon="18.060700">
				<ele>293.000000</ele>
			</trkpt>
			<trkpt lat="49.033720" lon="18.060270">
				<ele>292.000000</ele>
			</trkpt>
			<trkpt lat="49.033573" lon="18.059946">
				<ele>292.000000</ele>
			</trkpt>
			<trkpt lat="49.033267" lon="18.059128">
				<ele>290.000000</ele>
			</trkpt>
			<trkpt lat="49.032967" lon="18.058320">
				<ele>289.000000</ele>
			</trkpt>
			<trkpt lat="49.032843" lon="18.058042">
				<ele>289.000000</ele>
			</trkpt>
			<trkpt lat="49.032719" lon="18.057799">
				<ele>288.000000</ele>
			</trkpt>
			<trkpt lat="49.032607" lon="18.057619">
				<ele>288.000000</ele>
			</trkpt>
			<trkpt lat="49.032442" lon="18.057359">
				<ele>288.000000</ele>
			</trkpt>
			<trkpt lat="49.032349" lon="18.057224">
				<ele>287.000000</ele>
			</trkpt>
			<trkpt lat="49.032254" lon="18.057107">
				<ele>287.000000</ele>
			</trkpt>
			<trkpt lat="49.031748" lon="18.056631">
				<ele>286.000000</ele>
			</trkpt>
			<trkpt lat="49.031706" lon="18.056587">
				<ele>286.000000</ele>
			</trkpt>
			<trkpt lat="49.031665" lon="18.056532">
				<ele>286.000000</ele>
			</trkpt>
			<trkpt lat="49.031624" lon="18.056470">
				<ele>285.000000</ele>
			</trkpt>
			<trkpt lat="49.031589" lon="18.056398">
				<ele>285.000000</ele>
			</trkpt>
			<trkpt lat="49.031488" lon="18.056201">
				<ele>285.000000</ele>
			</trkpt>
			<trkpt lat="49.031270" lon="18.055715">
				<ele>284.000000</ele>
			</trkpt>
			<trkpt lat="49.031176" lon="18.055472">
				<ele>284.000000</ele>
			</trkpt>
			<trkpt lat="49.030946" lon="18.055652">
				<ele>283.000000</ele>
			</trkpt>
			<trkpt lat="49.030988" lon="18.055796">
				<ele>283.000000</ele>
			</trkpt>
			<trkpt lat="49.030911" lon="18.055868">
				<ele>283.000000</ele>
			</trkpt>
			<trkpt lat="49.030787" lon="18.055975">
				<ele>283.000000</ele>
			</trkpt>
			<trkpt lat="49.030775" lon="18.055985">
				<ele>283.000000</ele>
			</trkpt>
			<trkpt lat="49.030487" lon="18.056227">
				<ele>282.000000</ele>
			</trkpt>
			<trkpt lat="49.030157" lon="18.056587">
				<ele>281.000000</ele>
			</trkpt>
			<trkpt lat="49.030075" lon="18.056704">
				<ele>281.000000</ele>
			</trkpt>
			<trkpt lat="49.029981" lon="18.056830">
				<ele>281.000000</ele>
			</trkpt>
			<trkpt lat="49.029933" lon="18.056811">
				<ele>281.000000</ele>
			</trkpt>
			<trkpt lat="49.029863" lon="18.056910">
				<ele>280.000000</ele>
			</trkpt>
			<trkpt lat="49.029715" lon="18.057153">
				<ele>280.000000</ele>
			</trkpt>
			<trkpt lat="49.029633" lon="18.057314">
				<ele>280.000000</ele>
			</trkpt>
			<trkpt lat="49.029592" lon="18.057332">
				<ele>280.000000</ele>
			</trkpt>
			<trkpt lat="49.029556" lon="18.057404">
				<ele>280.000000</ele>
			</trkpt>
			<trkpt lat="49.029503" lon="18.057593">
				<ele>279.000000</ele>
			</trkpt>
			<trkpt lat="49.029456" lon="18.057754">
				<ele>279.000000</ele>
			</trkpt>
			<trkpt lat="49.029421" lon="18.057898">
				<ele>279.000000</ele>
			</trkpt>
			<trkpt lat="49.029397" lon="18.058113">
				<ele>279.000000</ele>
			</trkpt>
			<trkpt lat="49.029368" lon="18.058338">
				<ele>278.000000</ele>
			</trkpt>
			<trkpt lat="49.029327" lon="18.058329">
				<ele>278.000000</ele>
			</trkpt>
			<trkpt lat="49.029203" lon="18.058293">
				<ele>278.000000</ele>
			</trkpt>
			<trkpt lat="49.028968" lon="18.058212">
				<ele>278.000000</ele>
			</trkpt>
			<trkpt lat="49.028561" lon="18.058050">
				<ele>279.000000</ele>
			</trkpt>
			<trkpt lat="49.028538" lon="18.057943">
				<ele>279.000000</ele>
			</trkpt>
			<trkpt lat="49.028532" lon="18.057872">
				<ele>279.000000</ele>
			</trkpt>
			<trkpt lat="49.028514" lon="18.057817">
				<ele>279.000000</ele>
			</trkpt>
			<trkpt lat="49.028490" lon="18.057763">
				<ele>279.000000</ele>
			</trkpt>
			<trkpt lat="49.028467" lon="18.057736">
				<ele>279.000000</ele>
			</trkpt>
			<trkpt lat="49.028437" lon="18.057727">
				<ele>279.000000</ele>
			</trkpt>
			<trkpt lat="49.028408" lon="18.057727">
				<ele>279.000000</ele>
			</trkpt>
			<trkpt lat="49.028384" lon="18.057746">
				<ele>279.000000</ele>
			</trkpt>
			<trkpt lat="49.028355" lon="18.057772">
				<ele>279.000000</ele>
			</trkpt>
			<trkpt lat="49.028331" lon="18.057809">
				<ele>279.000000</ele>
			</trkpt>
			<trkpt lat="49.028290" lon="18.057736">
				<ele>279.000000</ele>
			</trkpt>
			<trkpt lat="49.028267" lon="18.057790">
				<ele>279.000000</ele>
			</trkpt>
			<trkpt lat="49.028013" lon="18.058266">
				<ele>279.000000</ele>
			</trkpt>
			<trkpt lat="49.027995" lon="18.058302">
				<ele>279.000000</ele>
			</trkpt>
			<trkpt lat="49.027984" lon="18.058293">
				<ele>279.000000</ele>
			</trkpt>
			<trkpt lat="49.027948" lon="18.058266">
				<ele>279.000000</ele>
			</trkpt>
			<trkpt lat="49.027860" lon="18.058212">
				<ele>279.000000</ele>
			</trkpt>
			<trkpt lat="49.027819" lon="18.058222">
				<ele>279.000000</ele>
			</trkpt>
			<trkpt lat="49.027307" lon="18.057377">
				<ele>279.000000</ele>
			</trkpt>
			<trkpt lat="49.027218" lon="18.057206">
				<ele>279.000000</ele>
			</trkpt>
			<trkpt lat="49.027041" lon="18.056757">
				<ele>280.000000</ele>
			</trkpt>
			<trkpt lat="49.027006" lon="18.056380">
				<ele>280.000000</ele>
			</trkpt>
			<trkpt lat="49.026611" lon="18.056298">
				<ele>280.000000</ele>
			</trkpt>
			<trkpt lat="49.026240" lon="18.056335">
				<ele>280.000000</ele>
			</trkpt>
			<trkpt lat="49.025822" lon="18.056587">
				<ele>283.000000</ele>
			</trkpt>
			<trkpt lat="49.025557" lon="18.056694">
				<ele>285.000000</ele>
			</trkpt>
			<trkpt lat="49.025410" lon="18.056801">
				<ele>286.000000</ele>
			</trkpt>
			<trkpt lat="49.025233" lon="18.056927">
				<ele>287.000000</ele>
			</trkpt>
			<trkpt lat="49.024921" lon="18.057180">
				<ele>290.000000</ele>
			</trkpt>
			<trkpt lat="49.024809" lon="18.057269">
				<ele>291.000000</ele>
			</trkpt>
			<trkpt lat="49.024644" lon="18.057359">
				<ele>292.000000</ele>
			</trkpt>
			<trkpt lat="49.024161" lon="18.057449">
				<ele>297.000000</ele>
			</trkpt>
			<trkpt lat="49.023943" lon="18.057476">
				<ele>299.000000</ele>
			</trkpt>
			<trkpt lat="49.023920" lon="18.057467">
				<ele>299.000000</ele>
			</trkpt>
			<trkpt lat="49.023755" lon="18.057422">
				<ele>300.000000</ele>
			</trkpt>
			<trkpt lat="49.023584" lon="18.057341">
				<ele>303.000000</ele>
			</trkpt>
			<trkpt lat="49.023442" lon="18.057243">
				<ele>305.000000</ele>
			</trkpt>
			<trkpt lat="49.022900" lon="18.056694">
				<ele>314.000000</ele>
			</trkpt>
			<trkpt lat="49.022034" lon="18.055625">
				<ele>323.000000</ele>
			</trkpt>
			<trkpt lat="49.021534" lon="18.055086">
				<ele>326.000000</ele>
			</trkpt>
			<trkpt lat="49.021268" lon="18.054610">
				<ele>328.000000</ele>
			</trkpt>
			<trkpt lat="49.021098" lon="18.054143">
				<ele>329.000000</ele>
			</trkpt>
			<trkpt lat="49.020927" lon="18.053838">
				<ele>331.000000</ele>
			</trkpt>
			<trkpt lat="49.020668" lon="18.053478">
				<ele>333.000000</ele>
			</trkpt>
			<trkpt lat="49.020297" lon="18.053136">
				<ele>336.000000</ele>
			</trkpt>
			<trkpt lat="49.020232" lon="18.053074">
				<ele>336.000000</ele>
			</trkpt>
			<trkpt lat="49.020208" lon="18.052985">
				<ele>337.000000</ele>
			</trkpt>
			<trkpt lat="49.020202" lon="18.052895">
				<ele>337.000000</ele>
			</trkpt>
			<trkpt lat="49.020238" lon="18.052742">
				<ele>338.000000</ele>
			</trkpt>
			<trkpt lat="49.020350" lon="18.052517">
				<ele>339.000000</ele>
			</trkpt>
			<trkpt lat="49.020391" lon="18.052266">
				<ele>341.000000</ele>
			</trkpt>
			<trkpt lat="49.020367" lon="18.052006">
				<ele>343.000000</ele>
			</trkpt>
			<trkpt lat="49.020291" lon="18.051664">
				<ele>346.000000</ele>
			</trkpt>
			<trkpt lat="49.020273" lon="18.051304">
				<ele>349.000000</ele>
			</trkpt>
			<trkpt lat="49.020308" lon="18.050541">
				<ele>353.000000</ele>
			</trkpt>
			<trkpt lat="49.020303" lon="18.049975">
				<ele>356.000000</ele>
			</trkpt>
			<trkpt lat="49.020202" lon="18.049517">
				<ele>359.000000</ele>
			</trkpt>
			<trkpt lat="49.020132" lon="18.049256">
				<ele>360.000000</ele>
			</trkpt>
			<trkpt lat="49.020126" lon="18.049103">
				<ele>361.000000</ele>
			</trkpt>
			<trkpt lat="49.020138" lon="18.048924">
				<ele>362.000000</ele>
			</trkpt>
			<trkpt lat="49.020143" lon="18.048735">
				<ele>362.000000</ele>
			</trkpt>
			<trkpt lat="49.020126" lon="18.048169">
				<ele>365.000000</ele>
			</trkpt>
			<trkpt lat="49.020055" lon="18.047909">
				<ele>366.000000</ele>
			</trkpt>
			<trkpt lat="49.019855" lon="18.047415">
				<ele>369.000000</ele>
			</trkpt>
			<trkpt lat="49.019831" lon="18.047119">
				<ele>371.000000</ele>
			</trkpt>
			<trkpt lat="49.019831" lon="18.046974">
				<ele>372.000000</ele>
			</trkpt>
			<trkpt lat="49.019861" lon="18.046759">
				<ele>373.000000</ele>
			</trkpt>
			<trkpt lat="49.019961" lon="18.046561">
				<ele>375.000000</ele>
			</trkpt>
			<trkpt lat="49.020055" lon="18.046390">
				<ele>376.000000</ele>
			</trkpt>
			<trkpt lat="49.020143" lon="18.046193">
				<ele>378.000000</ele>
			</trkpt>
			<trkpt lat="49.020179" lon="18.045951">
				<ele>380.000000</ele>
			</trkpt>
			<trkpt lat="49.020149" lon="18.045582">
				<ele>381.000000</ele>
			</trkpt>
			<trkpt lat="49.020096" lon="18.044972">
				<ele>382.000000</ele>
			</trkpt>
			<trkpt lat="49.020102" lon="18.044765">
				<ele>383.000000</ele>
			</trkpt>
			<trkpt lat="49.020185" lon="18.044620">
				<ele>384.000000</ele>
			</trkpt>
			<trkpt lat="49.020326" lon="18.044459">
				<ele>384.000000</ele>
			</trkpt>
			<trkpt lat="49.020409" lon="18.044414">
				<ele>385.000000</ele>
			</trkpt>
			<trkpt lat="49.020468" lon="18.044414">
				<ele>385.000000</ele>
			</trkpt>
			<trkpt lat="49.020550" lon="18.044477">
				<ele>385.000000</ele>
			</trkpt>
			<trkpt lat="49.020585" lon="18.044558">
				<ele>386.000000</ele>
			</trkpt>
			<trkpt lat="49.020591" lon="18.044683">
				<ele>386.000000</ele>
			</trkpt>
			<trkpt lat="49.020621" lon="18.045115">
				<ele>387.000000</ele>
			</trkpt>
			<trkpt lat="49.020691" lon="18.045635">
				<ele>389.000000</ele>
			</trkpt>
			<trkpt lat="49.020851" lon="18.046264">
				<ele>391.000000</ele>
			</trkpt>
			<trkpt lat="49.020885" lon="18.046400">
				<ele>391.000000</ele>
			</trkpt>
			<trkpt lat="49.020927" lon="18.046534">
				<ele>392.000000</ele>
			</trkpt>
			<trkpt lat="49.021016" lon="18.046704">
				<ele>393.000000</ele>
			</trkpt>
			<trkpt lat="49.021221" lon="18.047010">
				<ele>395.000000</ele>
			</trkpt>
			<trkpt lat="49.021351" lon="18.047145">
				<ele>397.000000</ele>
			</trkpt>
			<trkpt lat="49.021675" lon="18.047505">
				<ele>400.000000</ele>
			</trkpt>
			<trkpt lat="49.021864" lon="18.047774">
				<ele>403.000000</ele>
			</trkpt>
			<trkpt lat="49.021999" lon="18.048016">
				<ele>406.000000</ele>
			</trkpt>
			<trkpt lat="49.022170" lon="18.048474">
				<ele>411.000000</ele>
			</trkpt>
			<trkpt lat="49.022347" lon="18.048834">
				<ele>414.000000</ele>
			</trkpt>
			<trkpt lat="49.022571" lon="18.049203">
				<ele>418.000000</ele>
			</trkpt>
			<trkpt lat="49.022835" lon="18.049562">
				<ele>421.000000</ele>
			</trkpt>
			<trkpt lat="49.023195" lon="18.049822">
				<ele>424.000000</ele>
			</trkpt>
			<trkpt lat="49.023430" lon="18.049948">
				<ele>426.000000</ele>
			</trkpt>
			<trkpt lat="49.023819" lon="18.049975">
				<ele>429.000000</ele>
			</trkpt>
			<trkpt lat="49.025098" lon="18.049813">
				<ele>440.000000</ele>
			</trkpt>
			<trkpt lat="49.025239" lon="18.049660">
				<ele>442.000000</ele>
			</trkpt>
			<trkpt lat="49.025292" lon="18.049570">
				<ele>443.000000</ele>
			</trkpt>
			<trkpt lat="49.025321" lon="18.049517">
				<ele>444.000000</ele>
			</trkpt>
			<trkpt lat="49.025374" lon="18.049301">
				<ele>446.000000</ele>
			</trkpt>
			<trkpt lat="49.025380" lon="18.049058">
				<ele>448.000000</ele>
			</trkpt>
			<trkpt lat="49.025363" lon="18.048780">
				<ele>451.000000</ele>
			</trkpt>
			<trkpt lat="49.025304" lon="18.048411">
				<ele>453.000000</ele>
			</trkpt>
			<trkpt lat="49.024821" lon="18.047019">
				<ele>463.000000</ele>
			</trkpt>
			<trkpt lat="49.024314" lon="18.045662">
				<ele>474.000000</ele>
			</trkpt>
			<trkpt lat="49.023943" lon="18.044800">
				<ele>481.000000</ele>
			</trkpt>
			<trkpt lat="49.023696" lon="18.044064">
				<ele>487.000000</ele>
			</trkpt>
			<trkpt lat="49.023419" lon="18.043247">
				<ele>494.000000</ele>
			</trkpt>
			<trkpt lat="49.023336" lon="18.042869">
				<ele>496.000000</ele>
			</trkpt>
			<trkpt lat="49.023336" lon="18.042419">
				<ele>500.000000</ele>
			</trkpt>
			<trkpt lat="49.023401" lon="18.041899">
				<ele>504.000000</ele>
			</trkpt>
			<trkpt lat="49.023395" lon="18.040534">
				<ele>512.000000</ele>
			</trkpt>
			<trkpt lat="49.023230" lon="18.040102">
				<ele>515.000000</ele>
			</trkpt>
			<trkpt lat="49.023224" lon="18.039662">
				<ele>517.000000</ele>
			</trkpt>
			<trkpt lat="49.023319" lon="18.038943">
				<ele>520.000000</ele>
			</trkpt>
			<trkpt lat="49.023501" lon="18.037920">
				<ele>525.000000</ele>
			</trkpt>
			<trkpt lat="49.023601" lon="18.037102">
				<ele>528.000000</ele>
			</trkpt>
			<trkpt lat="49.023607" lon="18.036922">
				<ele>529.000000</ele>
			</trkpt>
			<trkpt lat="49.023595" lon="18.036698">
				<ele>530.000000</ele>
			</trkpt>
			<trkpt lat="49.023519" lon="18.036293">
				<ele>530.000000</ele>
			</trkpt>
			<trkpt lat="49.023395" lon="18.035970">
				<ele>530.000000</ele>
			</trkpt>
			<trkpt lat="49.023183" lon="18.035620">
				<ele>530.000000</ele>
			</trkpt>
			<trkpt lat="49.023136" lon="18.035485">
				<ele>530.000000</ele>
			</trkpt>
			<trkpt lat="49.023112" lon="18.035350">
				<ele>530.000000</ele>
			</trkpt>
			<trkpt lat="49.023077" lon="18.035135">
				<ele>530.000000</ele>
			</trkpt>
			<trkpt lat="49.023101" lon="18.034848">
				<ele>530.000000</ele>
			</trkpt>
			<trkpt lat="49.023112" lon="18.034676">
				<ele>530.000000</ele>
			</trkpt>
			<trkpt lat="49.023124" lon="18.034578">
				<ele>530.000000</ele>
			</trkpt>
			<trkpt lat="49.023230" lon="18.034102">
				<ele>530.000000</ele>
			</trkpt>
			<trkpt lat="49.023501" lon="18.033427">
				<ele>530.000000</ele>
			</trkpt>
			<trkpt lat="49.023590" lon="18.033140">
				<ele>530.000000</ele>
			</trkpt>
			<trkpt lat="49.023637" lon="18.032898">
				<ele>530.000000</ele>
			</trkpt>
			<trkpt lat="49.023631" lon="18.032710">
				<ele>530.000000</ele>
			</trkpt>
			<trkpt lat="49.023607" lon="18.032521">
				<ele>530.000000</ele>
			</trkpt>
			<trkpt lat="49.023554" lon="18.032358">
				<ele>530.000000</ele>
			</trkpt>
			<trkpt lat="49.023519" lon="18.032322">
				<ele>530.000000</ele>
			</trkpt>
			<trkpt lat="49.023489" lon="18.032314">
				<ele>530.000000</ele>
			</trkpt>
			<trkpt lat="49.023448" lon="18.032314">
				<ele>530.000000</ele>
			</trkpt>
			<trkpt lat="49.022965" lon="18.032467">
				<ele>530.000000</ele>
			</trkpt>
			<trkpt lat="49.022630" lon="18.032502">
				<ele>530.000000</ele>
			</trkpt>
			<trkpt lat="49.022459" lon="18.032538">
				<ele>530.000000</ele>
			</trkpt>
			<trkpt lat="49.022264" lon="18.032530">
				<ele>530.000000</ele>
			</trkpt>
			<trkpt lat="49.022146" lon="18.032494">
				<ele>530.000000</ele>
			</trkpt>
			<trkpt lat="49.022099" lon="18.032395">
				<ele>530.000000</ele>
			</trkpt>
			<trkpt lat="49.022076" lon="18.032269">
				<ele>530.000000</ele>
			</trkpt>
			<trkpt lat="49.022017" lon="18.031909">
				<ele>530.000000</ele>
			</trkpt>
			<trkpt lat="49.021911" lon="18.031335">
				<ele>530.000000</ele>
			</trkpt>
			<trkpt lat="49.021763" lon="18.030760">
				<ele>530.000000</ele>
			</trkpt>
			<trkpt lat="49.021545" lon="18.030185">
				<ele>530.000000</ele>
			</trkpt>
			<trkpt lat="49.021451" lon="18.029987">
				<ele>530.000000</ele>
			</trkpt>
			<trkpt lat="49.021404" lon="18.029888">
				<ele>530.000000</ele>
			</trkpt>
			<trkpt lat="49.021357" lon="18.029834">
				<ele>530.000000</ele>
			</trkpt>
			<trkpt lat="49.021304" lon="18.029808">
				<ele>530.000000</ele>
			</trkpt>
			<trkpt lat="49.021257" lon="18.029834">
				<ele>530.000000</ele>
			</trkpt>
			<trkpt lat="49.021204" lon="18.029852">
				<ele>530.000000</ele>
			</trkpt>
			<trkpt lat="49.021151" lon="18.029907">
				<ele>530.000000</ele>
			</trkpt>
			<trkpt lat="49.020792" lon="18.030661">
				<ele>531.000000</ele>
			</trkpt>
			<trkpt lat="49.020226" lon="18.031613">
				<ele>538.000000</ele>
			</trkpt>
			<trkpt lat="49.020102" lon="18.031739">
				<ele>539.000000</ele>
			</trkpt>
			<trkpt lat="49.020020" lon="18.031792">
				<ele>540.000000</ele>
			</trkpt>
			<trkpt lat="49.019914" lon="18.031811">
				<ele>540.000000</ele>
			</trkpt>
			<trkpt lat="49.019448" lon="18.031658">
				<ele>542.000000</ele>
			</trkpt>
			<trkpt lat="49.019106" lon="18.031469">
				<ele>544.000000</ele>
			</trkpt>
			<trkpt lat="49.018789" lon="18.031245">
				<ele>545.000000</ele>
			</trkpt>
			<trkpt lat="49.018741" lon="18.031218">
				<ele>545.000000</ele>
			</trkpt>
			<trkpt lat="49.018653" lon="18.031200">
				<ele>546.000000</ele>
			</trkpt>
			<trkpt lat="49.018571" lon="18.031209">
				<ele>546.000000</ele>
			</trkpt>
			<trkpt lat="49.018529" lon="18.031316">
				<ele>546.000000</ele>
			</trkpt>
			<trkpt lat="49.018441" lon="18.031640">
				<ele>547.000000</ele>
			</trkpt>
			<trkpt lat="49.018329" lon="18.032179">
				<ele>549.000000</ele>
			</trkpt>
			<trkpt lat="49.018193" lon="18.032727">
				<ele>551.000000</ele>
			</trkpt>
			<trkpt lat="49.018076" lon="18.033131">
				<ele>555.000000</ele>
			</trkpt>
			<trkpt lat="49.017905" lon="18.033446">
				<ele>558.000000</ele>
			</trkpt>
			<trkpt lat="49.017639" lon="18.033077">
				<ele>566.000000</ele>
			</trkpt>
			<trkpt lat="49.017439" lon="18.032970">
				<ele>571.000000</ele>
			</trkpt>
			<trkpt lat="49.017304" lon="18.032826">
				<ele>579.000000</ele>
			</trkpt>
			<trkpt lat="49.017027" lon="18.032295">
				<ele>601.000000</ele>
			</trkpt>
			<trkpt lat="49.016650" lon="18.031703">
				<ele>624.000000</ele>
			</trkpt>
			<trkpt lat="49.016385" lon="18.031353">
				<ele>639.000000</ele>
			</trkpt>
			<trkpt lat="49.016615" lon="18.030813">
				<ele>640.000000</ele>
			</trkpt>
			<trkpt lat="49.016921" lon="18.029691">
				<ele>640.000000</ele>
			</trkpt>
			<trkpt lat="49.017080" lon="18.029062">
				<ele>640.000000</ele>
			</trkpt>
			<trkpt lat="49.017262" lon="18.027787">
				<ele>642.000000</ele>
			</trkpt>
			<trkpt lat="49.017528" lon="18.027382">
				<ele>644.000000</ele>
			</trkpt>
			<trkpt lat="49.018470" lon="18.026133">
				<ele>649.000000</ele>
			</trkpt>
			<trkpt lat="49.018889" lon="18.025334">
				<ele>654.000000</ele>
			</trkpt>
			<trkpt lat="49.019501" lon="18.024005">
				<ele>663.000000</ele>
			</trkpt>
			<trkpt lat="49.019784" lon="18.023466">
				<ele>667.000000</ele>
			</trkpt>
			<trkpt lat="49.020085" lon="18.022747">
				<ele>670.000000</ele>
			</trkpt>
			<trkpt lat="49.020138" lon="18.022567">
				<ele>670.000000</ele>
			</trkpt>
			<trkpt lat="49.020468" lon="18.021875">
				<ele>670.000000</ele>
			</trkpt>
			<trkpt lat="49.020562" lon="18.021642">
				<ele>670.000000</ele>
			</trkpt>
			<trkpt lat="49.020733" lon="18.021318">
				<ele>670.000000</ele>
			</trkpt>
			<trkpt lat="49.020780" lon="18.021129">
				<ele>670.000000</ele>
			</trkpt>
			<trkpt lat="49.020826" lon="18.020932">
				<ele>670.000000</ele>
			</trkpt>
			<trkpt lat="49.020874" lon="18.020609">
				<ele>670.000000</ele>
			</trkpt>
			<trkpt lat="49.021016" lon="18.019217">
				<ele>670.000000</ele>
			</trkpt>
			<trkpt lat="49.021151" lon="18.017644">
				<ele>671.000000</ele>
			</trkpt>
			<trkpt lat="49.021310" lon="18.016144">
				<ele>677.000000</ele>
			</trkpt>
			<trkpt lat="49.021333" lon="18.014527">
				<ele>684.000000</ele>
			</trkpt>
			<trkpt lat="49.021010" lon="18.013647">
				<ele>688.000000</ele>
			</trkpt>
			<trkpt lat="49.021016" lon="18.013279">
				<ele>689.000000</ele>
			</trkpt>
			<trkpt lat="49.021103" lon="18.012820">
				<ele>692.000000</ele>
			</trkpt>
			<trkpt lat="49.021151" lon="18.012399">
				<ele>695.000000</ele>
			</trkpt>
			<trkpt lat="49.021115" lon="18.012254">
				<ele>696.000000</ele>
			</trkpt>
			<trkpt lat="49.020968" lon="18.011661">
				<ele>700.000000</ele>
			</trkpt>
			<trkpt lat="49.021045" lon="18.011158">
				<ele>704.000000</ele>
			</trkpt>
			<trkpt lat="49.021056" lon="18.011051">
				<ele>706.000000</ele>
			</trkpt>
			<trkpt lat="49.021069" lon="18.010764">
				<ele>708.000000</ele>
			</trkpt>
			<trkpt lat="49.020845" lon="18.010000">
				<ele>717.000000</ele>
			</trkpt>
			<trkpt lat="49.020627" lon="18.009596">
				<ele>722.000000</ele>
			</trkpt>
			<trkpt lat="49.020526" lon="18.009371">
				<ele>725.000000</ele>
			</trkpt>
			<trkpt lat="49.020479" lon="18.009074">
				<ele>728.000000</ele>
			</trkpt>
			<trkpt lat="49.020473" lon="18.008877">
				<ele>730.000000</ele>
			</trkpt>
			<trkpt lat="49.020644" lon="18.008768">
				<ele>730.000000</ele>
			</trkpt>
			<trkpt lat="49.020927" lon="18.008760">
				<ele>730.000000</ele>
			</trkpt>
			<trkpt lat="49.021180" lon="18.008707">
				<ele>730.000000</ele>
			</trkpt>
			<trkpt lat="49.021180" lon="18.008697">
				<ele>734.000000</ele>
			</trkpt>
			<trkpt lat="49.021156" lon="18.008625">
				<ele>734.000000</ele>
			</trkpt>
			<trkpt lat="49.021139" lon="18.008535">
				<ele>733.000000</ele>
			</trkpt>
			<trkpt lat="49.021121" lon="18.008455">
				<ele>733.000000</ele>
			</trkpt>
			<trkpt lat="49.021128" lon="18.008347">
				<ele>732.000000</ele>
			</trkpt>
			<trkpt lat="49.021128" lon="18.008239">
				<ele>731.000000</ele>
			</trkpt>
			<trkpt lat="49.021151" lon="18.008105">
				<ele>731.000000</ele>
			</trkpt>
			<trkpt lat="49.021204" lon="18.007781">
				<ele>729.000000</ele>
			</trkpt>
			<trkpt lat="49.021245" lon="18.007619">
				<ele>728.000000</ele>
			</trkpt>
			<trkpt lat="49.021321" lon="18.007466">
				<ele>727.000000</ele>
			</trkpt>
			<trkpt lat="49.021369" lon="18.007242">
				<ele>726.000000</ele>
			</trkpt>
			<trkpt lat="49.021445" lon="18.007080">
				<ele>724.000000</ele>
			</trkpt>
			<trkpt lat="49.022029" lon="18.005885">
				<ele>711.000000</ele>
			</trkpt>
			<trkpt lat="49.022329" lon="18.005275">
				<ele>706.000000</ele>
			</trkpt>
			<trkpt lat="49.022482" lon="18.004996">
				<ele>703.000000</ele>
			</trkpt>
			<trkpt lat="49.022547" lon="18.004862">
				<ele>702.000000</ele>
			</trkpt>
			<trkpt lat="49.022617" lon="18.004699">
				<ele>701.000000</ele>
			</trkpt>
			<trkpt lat="49.022753" lon="18.004340">
				<ele>700.000000</ele>
			</trkpt>
			<trkpt lat="49.022983" lon="18.003640">
				<ele>701.000000</ele>
			</trkpt>
			<trkpt lat="49.023289" lon="18.002705">
				<ele>702.000000</ele>
			</trkpt>
			<trkpt lat="49.023436" lon="18.002247">
				<ele>703.000000</ele>
			</trkpt>
			<trkpt lat="49.023560" lon="18.001915">
				<ele>703.000000</ele>
			</trkpt>
			<trkpt lat="49.023696" lon="18.001592">
				<ele>704.000000</ele>
			</trkpt>
			<trkpt lat="49.023925" lon="18.001097">
				<ele>704.000000</ele>
			</trkpt>
			<trkpt lat="49.023996" lon="18.000971">
				<ele>705.000000</ele>
			</trkpt>
			<trkpt lat="49.024102" lon="18.000837">
				<ele>705.000000</ele>
			</trkpt>
			<trkpt lat="49.024232" lon="18.000720">
				<ele>705.000000</ele>
			</trkpt>
			<trkpt lat="49.024385" lon="18.000594">
				<ele>708.000000</ele>
			</trkpt>
			<trkpt lat="49.024485" lon="18.000531">
				<ele>710.000000</ele>
			</trkpt>
			<trkpt lat="49.024561" lon="18.000460">
				<ele>712.000000</ele>
			</trkpt>
			<trkpt lat="49.024632" lon="18.000378">
				<ele>714.000000</ele>
			</trkpt>
			<trkpt lat="49.024691" lon="18.000298">
				<ele>716.000000</ele>
			</trkpt>
			<trkpt lat="49.024738" lon="18.000208">
				<ele>717.000000</ele>
			</trkpt>
			<trkpt lat="49.024785" lon="18.000101">
				<ele>719.000000</ele>
			</trkpt>
			<trkpt lat="49.024826" lon="17.999992">
				<ele>720.000000</ele>
			</trkpt>
			<trkpt lat="49.024874" lon="17.999849">
				<ele>721.000000</ele>
			</trkpt>
			<trkpt lat="49.024974" lon="17.999508">
				<ele>724.000000</ele>
			</trkpt>
			<trkpt lat="49.025068" lon="17.999283">
				<ele>726.000000</ele>
			</trkpt>
			<trkpt lat="49.025174" lon="17.999086">
				<ele>729.000000</ele>
			</trkpt>
			<trkpt lat="49.025257" lon="17.998950">
				<ele>731.000000</ele>
			</trkpt>
			<trkpt lat="49.025351" lon="17.998816">
				<ele>733.000000</ele>
			</trkpt>
			<trkpt lat="49.025469" lon="17.998681">
				<ele>736.000000</ele>
			</trkpt>
			<trkpt lat="49.025545" lon="17.998610">
				<ele>738.000000</ele>
			</trkpt>
			<trkpt lat="49.025663" lon="17.998537">
				<ele>740.000000</ele>
			</trkpt>
			<trkpt lat="49.025781" lon="17.998493">
				<ele>742.000000</ele>
			</trkpt>
			<trkpt lat="49.025928" lon="17.998457">
				<ele>745.000000</ele>
			</trkpt>
			<trkpt lat="49.026222" lon="17.998411">
				<ele>747.000000</ele>
			</trkpt>
			<trkpt lat="49.026476" lon="17.998357">
				<ele>750.000000</ele>
			</trkpt>
			<trkpt lat="49.026694" lon="17.998268">
				<ele>752.000000</ele>
			</trkpt>
			<trkpt lat="49.026906" lon="17.998160">
				<ele>754.000000</ele>
			</trkpt>
			<trkpt lat="49.027189" lon="17.997944">
				<ele>757.000000</ele>
			</trkpt>
			<trkpt lat="49.027289" lon="17.997881">
				<ele>758.000000</ele>
			</trkpt>
			<trkpt lat="49.027336" lon="17.997845">
				<ele>759.000000</ele>
			</trkpt>
			<trkpt lat="49.027366" lon="17.997791">
				<ele>759.000000</ele>
			</trkpt>
			<trkpt lat="49.027377" lon="17.997728">
				<ele>760.000000</ele>
			</trkpt>
			<trkpt lat="49.027377" lon="17.997684">
				<ele>760.000000</ele>
			</trkpt>
			<trkpt lat="49.027360" lon="17.997639">
				<ele>760.000000</ele>
			</trkpt>
			<trkpt lat="49.027336" lon="17.997612">
				<ele>761.000000</ele>
			</trkpt>
			<trkpt lat="49.027289" lon="17.997585">
				<ele>762.000000</ele>
			</trkpt>
			<trkpt lat="49.027059" lon="17.997459">
				<ele>767.000000</ele>
			</trkpt>
			<trkpt lat="49.026800" lon="17.997352">
				<ele>770.000000</ele>
			</trkpt>
			<trkpt lat="49.026741" lon="17.997306">
				<ele>771.000000</ele>
			</trkpt>
			<trkpt lat="49.026694" lon="17.997262">
				<ele>771.000000</ele>
			</trkpt>
			<trkpt lat="49.026658" lon="17.997189">
				<ele>772.000000</ele>
			</trkpt>
			<trkpt lat="49.026653" lon="17.997118">
				<ele>772.000000</ele>
			</trkpt>
			<trkpt lat="49.026664" lon="17.997055">
				<ele>772.000000</ele>
			</trkpt>
			<trkpt lat="49.026706" lon="17.996975">
				<ele>773.000000</ele>
			</trkpt>
			<trkpt lat="49.026941" lon="17.996480">
				<ele>775.000000</ele>
			</trkpt>
			<trkpt lat="49.027124" lon="17.996084">
				<ele>774.000000</ele>
			</trkpt>
			<trkpt lat="49.027265" lon="17.995734">
				<ele>773.000000</ele>
			</trkpt>
			<trkpt lat="49.027371" lon="17.995402">
				<ele>772.000000</ele>
			</trkpt>
			<trkpt lat="49.027660" lon="17.994468">
				<ele>770.000000</ele>
			</trkpt>
			<trkpt lat="49.027848" lon="17.993759">
				<ele>770.000000</ele>
			</trkpt>
			<trkpt lat="49.027960" lon="17.993283">
				<ele>770.000000</ele>
			</trkpt>
			<trkpt lat="49.028072" lon="17.992815">
				<ele>770.000000</ele>
			</trkpt>
			<trkpt lat="49.028296" lon="17.992078">
				<ele>770.000000</ele>
			</trkpt>
			<trkpt lat="49.028396" lon="17.991702">
				<ele>772.000000</ele>
			</trkpt>
			<trkpt lat="49.028426" lon="17.991549">
				<ele>773.000000</ele>
			</trkpt>
			<trkpt lat="49.028461" lon="17.991386">
				<ele>774.000000</ele>
			</trkpt>
			<trkpt lat="49.028479" lon="17.991225">
				<ele>775.000000</ele>
			</trkpt>
			<trkpt lat="49.028485" lon="17.991073">
				<ele>775.000000</ele>
			</trkpt>
			<trkpt lat="49.028490" lon="17.990920">
				<ele>775.000000</ele>
			</trkpt>
			<trkpt lat="49.028473" lon="17.990757">
				<ele>775.000000</ele>
			</trkpt>
			<trkpt lat="49.028426" lon="17.990291">
				<ele>774.000000</ele>
			</trkpt>
			<trkpt lat="49.028331" lon="17.989644">
				<ele>770.000000</ele>
			</trkpt>
			<trkpt lat="49.028249" lon="17.989078">
				<ele>766.000000</ele>
			</trkpt>
			<trkpt lat="49.028013" lon="17.987731">
				<ele>757.000000</ele>
			</trkpt>
			<trkpt lat="49.027942" lon="17.987371">
				<ele>754.000000</ele>
			</trkpt>
			<trkpt lat="49.027878" lon="17.987057">
				<ele>752.000000</ele>
			</trkpt>
			<trkpt lat="49.027807" lon="17.986761">
				<ele>750.000000</ele>
			</trkpt>
			<trkpt lat="49.027724" lon="17.986482">
				<ele>748.000000</ele>
			</trkpt>
			<trkpt lat="49.027637" lon="17.986222">
				<ele>747.000000</ele>
			</trkpt>
			<trkpt lat="49.027536" lon="17.985916">
				<ele>745.000000</ele>
			</trkpt>
			<trkpt lat="49.027419" lon="17.985620">
				<ele>743.000000</ele>
			</trkpt>
			<trkpt lat="49.027295" lon="17.985314">
				<ele>742.000000</ele>
			</trkpt>
			<trkpt lat="49.026988" lon="17.984604">
				<ele>739.000000</ele>
			</trkpt>
			<trkpt lat="49.026900" lon="17.984434">
				<ele>738.000000</ele>
			</trkpt>
			<trkpt lat="49.026823" lon="17.984299">
				<ele>738.000000</ele>
			</trkpt>
			<trkpt lat="49.026741" lon="17.984155">
				<ele>737.000000</ele>
			</trkpt>
			<trkpt lat="49.026653" lon="17.984029">
				<ele>737.000000</ele>
			</trkpt>
			<trkpt lat="49.026558" lon="17.983922">
				<ele>736.000000</ele>
			</trkpt>
			<trkpt lat="49.026452" lon="17.983805">
				<ele>736.000000</ele>
			</trkpt>
			<trkpt lat="49.026334" lon="17.983706">
				<ele>735.000000</ele>
			</trkpt>
			<trkpt lat="49.026222" lon="17.983607">
				<ele>735.000000</ele>
			</trkpt>
			<trkpt lat="49.026029" lon="17.983482">
				<ele>734.000000</ele>
			</trkpt>
			<trkpt lat="49.025869" lon="17.983400">
				<ele>733.000000</ele>
			</trkpt>
			<trkpt lat="49.025681" lon="17.983329">
				<ele>732.000000</ele>
			</trkpt>
			<trkpt lat="49.025563" lon="17.983266">
				<ele>732.000000</ele>
			</trkpt>
			<trkpt lat="49.025469" lon="17.983185">
				<ele>731.000000</ele>
			</trkpt>
			<trkpt lat="49.025351" lon="17.983086">
				<ele>731.000000</ele>
			</trkpt>
			<trkpt lat="49.025062" lon="17.982772">
				<ele>729.000000</ele>
			</trkpt>
			<trkpt lat="49.024809" lon="17.982538">
				<ele>728.000000</ele>
			</trkpt>
			<trkpt lat="49.024455" lon="17.982224">
				<ele>726.000000</ele>
			</trkpt>
			<trkpt lat="49.024320" lon="17.982080">
				<ele>726.000000</ele>
			</trkpt>
			<trkpt lat="49.024202" lon="17.981954">
				<ele>725.000000</ele>
			</trkpt>
			<trkpt lat="49.024102" lon="17.981811">
				<ele>725.000000</ele>
			</trkpt>
			<trkpt lat="49.023996" lon="17.981641">
				<ele>724.000000</ele>
			</trkpt>
			<trkpt lat="49.023902" lon="17.981442">
				<ele>723.000000</ele>
			</trkpt>
			<trkpt lat="49.023825" lon="17.981254">
				<ele>723.000000</ele>
			</trkpt>
			<trkpt lat="49.023702" lon="17.980912">
				<ele>722.000000</ele>
			</trkpt>
			<trkpt lat="49.023590" lon="17.980599">
				<ele>721.000000</ele>
			</trkpt>
			<trkpt lat="49.023242" lon="17.979404">
				<ele>717.000000</ele>
			</trkpt>
			<trkpt lat="49.023130" lon="17.978918">
				<ele>716.000000</ele>
			</trkpt>
			<trkpt lat="49.023065" lon="17.978586">
				<ele>715.000000</ele>
			</trkpt>
			<trkpt lat="49.023012" lon="17.978253">
				<ele>714.000000</ele>
			</trkpt>
			<trkpt lat="49.022959" lon="17.977885">
				<ele>713.000000</ele>
			</trkpt>
			<trkpt lat="49.022900" lon="17.977480">
				<ele>712.000000</ele>
			</trkpt>
			<trkpt lat="49.022877" lon="17.977328">
				<ele>711.000000</ele>
			</trkpt>
			<trkpt lat="49.022859" lon="17.977193">
				<ele>711.000000</ele>
			</trkpt>
			<trkpt lat="49.022841" lon="17.976996">
				<ele>710.000000</ele>
			</trkpt>
			<trkpt lat="49.022801" lon="17.976788">
				<ele>710.000000</ele>
			</trkpt>
			<trkpt lat="49.022742" lon="17.976511">
				<ele>709.000000</ele>
			</trkpt>
			<trkpt lat="49.022712" lon="17.976304">
				<ele>708.000000</ele>
			</trkpt>
			<trkpt lat="49.022683" lon="17.976088">
				<ele>708.000000</ele>
			</trkpt>
			<trkpt lat="49.022647" lon="17.975702">
				<ele>707.000000</ele>
			</trkpt>
			<trkpt lat="49.022606" lon="17.975217">
				<ele>705.000000</ele>
			</trkpt>
			<trkpt lat="49.022594" lon="17.975083">
				<ele>705.000000</ele>
			</trkpt>
			<trkpt lat="49.022588" lon="17.974794">
				<ele>704.000000</ele>
			</trkpt>
			<trkpt lat="49.022577" lon="17.974580">
				<ele>703.000000</ele>
			</trkpt>
			<trkpt lat="49.022594" lon="17.974345">
				<ele>703.000000</ele>
			</trkpt>
			<trkpt lat="49.022617" lon="17.974130">
				<ele>702.000000</ele>
			</trkpt>
			<trkpt lat="49.022670" lon="17.973851">
				<ele>701.000000</ele>
			</trkpt>
			<trkpt lat="49.022835" lon="17.973016">
				<ele>699.000000</ele>
			</trkpt>
			<trkpt lat="49.022994" lon="17.972270">
				<ele>697.000000</ele>
			</trkpt>
			<trkpt lat="49.023613" lon="17.969630">
				<ele>689.000000</ele>
			</trkpt>
			<trkpt lat="49.023878" lon="17.968471">
				<ele>686.000000</ele>
			</trkpt>
			<trkpt lat="49.023937" lon="17.968175">
				<ele>685.000000</ele>
			</trkpt>
			<trkpt lat="49.024002" lon="17.967806">
				<ele>683.000000</ele>
			</trkpt>
			<trkpt lat="49.024055" lon="17.967437">
				<ele>681.000000</ele>
			</trkpt>
			<trkpt lat="49.024114" lon="17.967016">
				<ele>678.000000</ele>
			</trkpt>
			<trkpt lat="49.024197" lon="17.966270">
				<ele>675.000000</ele>
			</trkpt>
			<trkpt lat="49.024303" lon="17.964995">
				<ele>671.000000</ele>
			</trkpt>
			<trkpt lat="49.024343" lon="17.964366">
				<ele>670.000000</ele>
			</trkpt>
			<trkpt lat="49.024337" lon="17.964150">
				<ele>669.000000</ele>
			</trkpt>
			<trkpt lat="49.024337" lon="17.963871">
				<ele>668.000000</ele>
			</trkpt>
			<trkpt lat="49.024314" lon="17.963485">
				<ele>667.000000</ele>
			</trkpt>
			<trkpt lat="49.024308" lon="17.963269">
				<ele>667.000000</ele>
			</trkpt>
			<trkpt lat="49.024308" lon="17.962938">
				<ele>666.000000</ele>
			</trkpt>
			<trkpt lat="49.024297" lon="17.962668">
				<ele>665.000000</ele>
			</trkpt>
			<trkpt lat="49.024279" lon="17.962362">
				<ele>664.000000</ele>
			</trkpt>
			<trkpt lat="49.024244" lon="17.961976">
				<ele>663.000000</ele>
			</trkpt>
			<trkpt lat="49.024185" lon="17.961383">
				<ele>660.000000</ele>
			</trkpt>
			<trkpt lat="49.024143" lon="17.960494">
				<ele>656.000000</ele>
			</trkpt>
			<trkpt lat="49.024114" lon="17.959936">
				<ele>654.000000</ele>
			</trkpt>
			<trkpt lat="49.024108" lon="17.959219">
				<ele>651.000000</ele>
			</trkpt>
			<trkpt lat="49.024114" lon="17.959030">
				<ele>651.000000</ele>
			</trkpt>
			<trkpt lat="49.024114" lon="17.958877">
				<ele>650.000000</ele>
			</trkpt>
			<trkpt lat="49.024161" lon="17.958527">
				<ele>649.000000</ele>
			</trkpt>
			<trkpt lat="49.024208" lon="17.958158">
				<ele>648.000000</ele>
			</trkpt>
			<trkpt lat="49.024250" lon="17.957574">
				<ele>646.000000</ele>
			</trkpt>
			<trkpt lat="49.024284" lon="17.957161">
				<ele>645.000000</ele>
			</trkpt>
			<trkpt lat="49.024320" lon="17.956909">
				<ele>645.000000</ele>
			</trkpt>
			<trkpt lat="49.024361" lon="17.956676">
				<ele>644.000000</ele>
			</trkpt>
			<trkpt lat="49.024420" lon="17.956406">
				<ele>644.000000</ele>
			</trkpt>
			<trkpt lat="49.024514" lon="17.956020">
				<ele>643.000000</ele>
			</trkpt>
			<trkpt lat="49.024585" lon="17.955651">
				<ele>643.000000</ele>
			</trkpt>
			<trkpt lat="49.024667" lon="17.955122">
				<ele>642.000000</ele>
			</trkpt>
			<trkpt lat="49.024750" lon="17.954753">
				<ele>641.000000</ele>
			</trkpt>
			<trkpt lat="49.024850" lon="17.954340">
				<ele>641.000000</ele>
			</trkpt>
			<trkpt lat="49.024974" lon="17.953909">
				<ele>640.000000</ele>
			</trkpt>
			<trkpt lat="49.025009" lon="17.953720">
				<ele>640.000000</ele>
			</trkpt>
			<trkpt lat="49.025045" lon="17.953559">
				<ele>639.000000</ele>
			</trkpt>
			<trkpt lat="49.025056" lon="17.953379">
				<ele>639.000000</ele>
			</trkpt>
			<trkpt lat="49.025062" lon="17.953083">
				<ele>638.000000</ele>
			</trkpt>
			<trkpt lat="49.025062" lon="17.952768">
				<ele>638.000000</ele>
			</trkpt>
			<trkpt lat="49.025050" lon="17.952175">
				<ele>636.000000</ele>
			</trkpt>
			<trkpt lat="49.025039" lon="17.952076">
				<ele>636.000000</ele>
			</trkpt>
			<trkpt lat="49.025039" lon="17.951932">
				<ele>636.000000</ele>
			</trkpt>
			<trkpt lat="49.025033" lon="17.951259">
				<ele>635.000000</ele>
			</trkpt>
			<trkpt lat="49.025021" lon="17.951151">
				<ele>635.000000</ele>
			</trkpt>
			<trkpt lat="49.025009" lon="17.951053">
				<ele>635.000000</ele>
			</trkpt>
			<trkpt lat="49.024991" lon="17.950971">
				<ele>635.000000</ele>
			</trkpt>
			<trkpt lat="49.024962" lon="17.950854">
				<ele>635.000000</ele>
			</trkpt>
			<trkpt lat="49.024856" lon="17.950594">
				<ele>634.000000</ele>
			</trkpt>
			<trkpt lat="49.024691" lon="17.950074">
				<ele>634.000000</ele>
			</trkpt>
			<trkpt lat="49.024608" lon="17.949848">
				<ele>634.000000</ele>
			</trkpt>
			<trkpt lat="49.024573" lon="17.949777">
				<ele>634.000000</ele>
			</trkpt>
			<trkpt lat="49.024532" lon="17.949714">
				<ele>634.000000</ele>
			</trkpt>
			<trkpt lat="49.024449" lon="17.949598">
				<ele>634.000000</ele>
			</trkpt>
			<trkpt lat="49.024390" lon="17.949471">
				<ele>634.000000</ele>
			</trkpt>
			<trkpt lat="49.024314" lon="17.949273">
				<ele>633.000000</ele>
			</trkpt>
			<trkpt lat="49.024250" lon="17.949129">
				<ele>633.000000</ele>
			</trkpt>
			<trkpt lat="49.024143" lon="17.948923">
				<ele>633.000000</ele>
			</trkpt>
			<trkpt lat="49.024079" lon="17.948743">
				<ele>633.000000</ele>
			</trkpt>
			<trkpt lat="49.024037" lon="17.948582">
				<ele>633.000000</ele>
			</trkpt>
			<trkpt lat="49.023996" lon="17.948492">
				<ele>633.000000</ele>
			</trkpt>
			<trkpt lat="49.023949" lon="17.948403">
				<ele>633.000000</ele>
			</trkpt>
			<trkpt lat="49.023937" lon="17.948349">
				<ele>633.000000</ele>
			</trkpt>
			<trkpt lat="49.023884" lon="17.948204">
				<ele>633.000000</ele>
			</trkpt>
			<trkpt lat="49.023790" lon="17.947971">
				<ele>632.000000</ele>
			</trkpt>
			<trkpt lat="49.023707" lon="17.947701">
				<ele>632.000000</ele>
			</trkpt>
			<trkpt lat="49.023666" lon="17.947575">
				<ele>632.000000</ele>
			</trkpt>
			<trkpt lat="49.023666" lon="17.947522">
				<ele>632.000000</ele>
			</trkpt>
			<trkpt lat="49.023678" lon="17.947468">
				<ele>632.000000</ele>
			</trkpt>
			<trkpt lat="49.023690" lon="17.947378">
				<ele>632.000000</ele>
			</trkpt>
			<trkpt lat="49.023672" lon="17.947288">
				<ele>632.000000</ele>
			</trkpt>
			<trkpt lat="49.023631" lon="17.947154">
				<ele>632.000000</ele>
			</trkpt>
			<trkpt lat="49.023584" lon="17.946875">
				<ele>632.000000</ele>
			</trkpt>
			<trkpt lat="49.023554" lon="17.946659">
				<ele>632.000000</ele>
			</trkpt>
			<trkpt lat="49.023554" lon="17.946453">
				<ele>631.000000</ele>
			</trkpt>
			<trkpt lat="49.023548" lon="17.946282">
				<ele>631.000000</ele>
			</trkpt>
			<trkpt lat="49.023531" lon="17.946166">
				<ele>631.000000</ele>
			</trkpt>
			<trkpt lat="49.023489" lon="17.945995">
				<ele>631.000000</ele>
			</trkpt>
			<trkpt lat="49.023478" lon="17.945833">
				<ele>631.000000</ele>
			</trkpt>
			<trkpt lat="49.023460" lon="17.945707">
				<ele>631.000000</ele>
			</trkpt>
			<trkpt lat="49.023413" lon="17.945581">
				<ele>631.000000</ele>
			</trkpt>
			<trkpt lat="49.023348" lon="17.945374">
				<ele>631.000000</ele>
			</trkpt>
			<trkpt lat="49.023307" lon="17.945177">
				<ele>631.000000</ele>
			</trkpt>
			<trkpt lat="49.023289" lon="17.944998">
				<ele>630.000000</ele>
			</trkpt>
			<trkpt lat="49.023295" lon="17.944764">
				<ele>630.000000</ele>
			</trkpt>
			<trkpt lat="49.023372" lon="17.943919">
				<ele>629.000000</ele>
			</trkpt>
			<trkpt lat="49.023419" lon="17.943300">
				<ele>628.000000</ele>
			</trkpt>
			<trkpt lat="49.023436" lon="17.942940">
				<ele>627.000000</ele>
			</trkpt>
			<trkpt lat="49.023442" lon="17.942724">
				<ele>626.000000</ele>
			</trkpt>
			<trkpt lat="49.023436" lon="17.942518">
				<ele>626.000000</ele>
			</trkpt>
			<trkpt lat="49.023413" lon="17.942284">
				<ele>625.000000</ele>
			</trkpt>
			<trkpt lat="49.023395" lon="17.942024">
				<ele>625.000000</ele>
			</trkpt>
			<trkpt lat="49.023389" lon="17.941772">
				<ele>625.000000</ele>
			</trkpt>
			<trkpt lat="49.023407" lon="17.940946">
				<ele>625.000000</ele>
			</trkpt>
			<trkpt lat="49.023425" lon="17.940793">
				<ele>625.000000</ele>
			</trkpt>
			<trkpt lat="49.023495" lon="17.940632">
				<ele>625.000000</ele>
			</trkpt>
			<trkpt lat="49.023513" lon="17.940542">
				<ele>625.000000</ele>
			</trkpt>
			<trkpt lat="49.023537" lon="17.940461">
				<ele>625.000000</ele>
			</trkpt>
			<trkpt lat="49.023542" lon="17.940183">
				<ele>625.000000</ele>
			</trkpt>
			<trkpt lat="49.023542" lon="17.939805">
				<ele>625.000000</ele>
			</trkpt>
			<trkpt lat="49.023513" lon="17.939482">
				<ele>625.000000</ele>
			</trkpt>
			<trkpt lat="49.023489" lon="17.939294">
				<ele>625.000000</ele>
			</trkpt>
			<trkpt lat="49.023484" lon="17.939158">
				<ele>625.000000</ele>
			</trkpt>
			<trkpt lat="49.023495" lon="17.939032">
				<ele>625.000000</ele>
			</trkpt>
			<trkpt lat="49.023519" lon="17.938898">
				<ele>625.000000</ele>
			</trkpt>
			<trkpt lat="49.023519" lon="17.938826">
				<ele>625.000000</ele>
			</trkpt>
			<trkpt lat="49.023525" lon="17.938772">
				<ele>625.000000</ele>
			</trkpt>
			<trkpt lat="49.023501" lon="17.938646">
				<ele>625.000000</ele>
			</trkpt>
			<trkpt lat="49.023478" lon="17.938521">
				<ele>625.000000</ele>
			</trkpt>
			<trkpt lat="49.023472" lon="17.938305">
				<ele>625.000000</ele>
			</trkpt>
			<trkpt lat="49.023466" lon="17.937829">
				<ele>625.000000</ele>
			</trkpt>
			<trkpt lat="49.023484" lon="17.937389">
				<ele>625.000000</ele>
			</trkpt>
			<trkpt lat="49.023525" lon="17.936644">
				<ele>625.000000</ele>
			</trkpt>
			<trkpt lat="49.023542" lon="17.935969">
				<ele>625.000000</ele>
			</trkpt>
			<trkpt lat="49.023542" lon="17.935619">
				<ele>624.000000</ele>
			</trkpt>
			<trkpt lat="49.023531" lon="17.935287">
				<ele>623.000000</ele>
			</trkpt>
			<trkpt lat="49.023501" lon="17.934981">
				<ele>623.000000</ele>
			</trkpt>
			<trkpt lat="49.023466" lon="17.934703">
				<ele>622.000000</ele>
			</trkpt>
			<trkpt lat="49.023407" lon="17.934415">
				<ele>621.000000</ele>
			</trkpt>
			<trkpt lat="49.023336" lon="17.934137">
				<ele>621.000000</ele>
			</trkpt>
			<trkpt lat="49.023236" lon="17.933805">
				<ele>620.000000</ele>
			</trkpt>
			<trkpt lat="49.023095" lon="17.933373">
				<ele>619.000000</ele>
			</trkpt>
			<trkpt lat="49.022877" lon="17.932726">
				<ele>617.000000</ele>
			</trkpt>
			<trkpt lat="49.022700" lon="17.932269">
				<ele>616.000000</ele>
			</trkpt>
			<trkpt lat="49.022512" lon="17.931820">
				<ele>615.000000</ele>
			</trkpt>
			<trkpt lat="49.022258" lon="17.931254">
				<ele>616.000000</ele>
			</trkpt>
			<trkpt lat="49.021433" lon="17.929583">
				<ele>618.000000</ele>
			</trkpt>
			<trkpt lat="49.021103" lon="17.928845">
				<ele>619.000000</ele>
			</trkpt>
			<trkpt lat="49.020944" lon="17.928459">
				<ele>620.000000</ele>
			</trkpt>
			<trkpt lat="49.020780" lon="17.928055">
				<ele>621.000000</ele>
			</trkpt>
			<trkpt lat="49.020615" lon="17.927589">
				<ele>623.000000</ele>
			</trkpt>
			<trkpt lat="49.020456" lon="17.927103">
				<ele>625.000000</ele>
			</trkpt>
			<trkpt lat="49.020314" lon="17.926700">
				<ele>627.000000</ele>
			</trkpt>
			<trkpt lat="49.020143" lon="17.926178">
				<ele>630.000000</ele>
			</trkpt>
			<trkpt lat="49.020102" lon="17.926025">
				<ele>631.000000</ele>
			</trkpt>
			<trkpt lat="49.020073" lon="17.925891">
				<ele>631.000000</ele>
			</trkpt>
			<trkpt lat="49.020031" lon="17.925629">
				<ele>632.000000</ele>
			</trkpt>
			<trkpt lat="49.020014" lon="17.925342">
				<ele>634.000000</ele>
			</trkpt>
			<trkpt lat="49.020002" lon="17.924732">
				<ele>634.000000</ele>
			</trkpt>
			<trkpt lat="49.019990" lon="17.924560">
				<ele>634.000000</ele>
			</trkpt>
			<trkpt lat="49.019961" lon="17.924471">
				<ele>633.000000</ele>
			</trkpt>
			<trkpt lat="49.019949" lon="17.924417">
				<ele>633.000000</ele>
			</trkpt>
			<trkpt lat="49.019914" lon="17.924346">
				<ele>633.000000</ele>
			</trkpt>
			<trkpt lat="49.019866" lon="17.924291">
				<ele>632.000000</ele>
			</trkpt>
			<trkpt lat="49.019831" lon="17.924264">
				<ele>632.000000</ele>
			</trkpt>
			<trkpt lat="49.019778" lon="17.924220">
				<ele>632.000000</ele>
			</trkpt>
			<trkpt lat="49.019436" lon="17.924031">
				<ele>630.000000</ele>
			</trkpt>
			<trkpt lat="49.018948" lon="17.923788">
				<ele>628.000000</ele>
			</trkpt>
			<trkpt lat="49.018848" lon="17.923725">
				<ele>627.000000</ele>
			</trkpt>
			<trkpt lat="49.018759" lon="17.923663">
				<ele>627.000000</ele>
			</trkpt>
			<trkpt lat="49.018683" lon="17.923581">
				<ele>626.000000</ele>
			</trkpt>
			<trkpt lat="49.018624" lon="17.923492">
				<ele>626.000000</ele>
			</trkpt>
			<trkpt lat="49.018553" lon="17.923402">
				<ele>625.000000</ele>
			</trkpt>
			<trkpt lat="49.018482" lon="17.923277">
				<ele>625.000000</ele>
			</trkpt>
			<trkpt lat="49.018241" lon="17.922801">
				<ele>625.000000</ele>
			</trkpt>
			<trkpt lat="49.018046" lon="17.922423">
				<ele>625.000000</ele>
			</trkpt>
			<trkpt lat="49.017975" lon="17.922262">
				<ele>625.000000</ele>
			</trkpt>
			<trkpt lat="49.017911" lon="17.922082">
				<ele>625.000000</ele>
			</trkpt>
			<trkpt lat="49.017887" lon="17.922010">
				<ele>625.000000</ele>
			</trkpt>
			<trkpt lat="49.017840" lon="17.921937">
				<ele>625.000000</ele>
			</trkpt>
			<trkpt lat="49.017804" lon="17.921884">
				<ele>625.000000</ele>
			</trkpt>
			<trkpt lat="49.017751" lon="17.921839">
				<ele>625.000000</ele>
			</trkpt>
			<trkpt lat="49.017639" lon="17.921776">
				<ele>625.000000</ele>
			</trkpt>
			<trkpt lat="49.017486" lon="17.921731">
				<ele>625.000000</ele>
			</trkpt>
			<trkpt lat="49.017404" lon="17.921696">
				<ele>625.000000</ele>
			</trkpt>
			<trkpt lat="49.017345" lon="17.921650">
				<ele>625.000000</ele>
			</trkpt>
			<trkpt lat="49.017292" lon="17.921597">
				<ele>625.000000</ele>
			</trkpt>
			<trkpt lat="49.017251" lon="17.921507">
				<ele>625.000000</ele>
			</trkpt>
			<trkpt lat="49.017209" lon="17.921399">
				<ele>625.000000</ele>
			</trkpt>
			<trkpt lat="49.017157" lon="17.921327">
				<ele>625.000000</ele>
			</trkpt>
			<trkpt lat="49.017091" lon="17.921273">
				<ele>625.000000</ele>
			</trkpt>
			<trkpt lat="49.017004" lon="17.921210">
				<ele>625.000000</ele>
			</trkpt>
			<trkpt lat="49.016862" lon="17.921121">
				<ele>625.000000</ele>
			</trkpt>
			<trkpt lat="49.016732" lon="17.921057">
				<ele>625.000000</ele>
			</trkpt>
			<trkpt lat="49.016603" lon="17.921004">
				<ele>625.000000</ele>
			</trkpt>
			<trkpt lat="49.016479" lon="17.920977">
				<ele>625.000000</ele>
			</trkpt>
			<trkpt lat="49.016355" lon="17.920950">
				<ele>625.000000</ele>
			</trkpt>
			<trkpt lat="49.016220" lon="17.920941">
				<ele>625.000000</ele>
			</trkpt>
			<trkpt lat="49.015860" lon="17.920968">
				<ele>625.000000</ele>
			</trkpt>
			<trkpt lat="49.015742" lon="17.920958">
				<ele>625.000000</ele>
			</trkpt>
			<trkpt lat="49.015642" lon="17.920923">
				<ele>625.000000</ele>
			</trkpt>
			<trkpt lat="49.015548" lon="17.920878">
				<ele>625.000000</ele>
			</trkpt>
			<trkpt lat="49.015431" lon="17.920788">
				<ele>625.000000</ele>
			</trkpt>
			<trkpt lat="49.015336" lon="17.920689">
				<ele>625.000000</ele>
			</trkpt>
			<trkpt lat="49.015242" lon="17.920572">
				<ele>625.000000</ele>
			</trkpt>
			<trkpt lat="49.014953" lon="17.920142">
				<ele>625.000000</ele>
			</trkpt>
			<trkpt lat="49.014617" lon="17.919620">
				<ele>625.000000</ele>
			</trkpt>
			<trkpt lat="49.014352" lon="17.919136">
				<ele>625.000000</ele>
			</trkpt>
			<trkpt lat="49.014099" lon="17.918631">
				<ele>625.000000</ele>
			</trkpt>
			<trkpt lat="49.013769" lon="17.917887">
				<ele>624.000000</ele>
			</trkpt>
			<trkpt lat="49.013669" lon="17.917689">
				<ele>623.000000</ele>
			</trkpt>
			<trkpt lat="49.013562" lon="17.917509">
				<ele>623.000000</ele>
			</trkpt>
			<trkpt lat="49.013456" lon="17.917339">
				<ele>622.000000</ele>
			</trkpt>
			<trkpt lat="49.013339" lon="17.917176">
				<ele>622.000000</ele>
			</trkpt>
			<trkpt lat="49.013074" lon="17.916863">
				<ele>621.000000</ele>
			</trkpt>
			<trkpt lat="49.012549" lon="17.916314">
				<ele>619.000000</ele>
			</trkpt>
			<trkpt lat="49.012266" lon="17.916010">
				<ele>618.000000</ele>
			</trkpt>
			<trkpt lat="49.012042" lon="17.915748">
				<ele>617.000000</ele>
			</trkpt>
			<trkpt lat="49.011494" lon="17.915048">
				<ele>615.000000</ele>
			</trkpt>
			<trkpt lat="49.011318" lon="17.914832">
				<ele>615.000000</ele>
			</trkpt>
			<trkpt lat="49.011241" lon="17.914706">
				<ele>615.000000</ele>
			</trkpt>
			<trkpt lat="49.011183" lon="17.914563">
				<ele>615.000000</ele>
			</trkpt>
			<trkpt lat="49.011129" lon="17.914392">
				<ele>615.000000</ele>
			</trkpt>
			<trkpt lat="49.011029" lon="17.914140">
				<ele>614.000000</ele>
			</trkpt>
			<trkpt lat="49.010976" lon="17.914060">
				<ele>613.000000</ele>
			</trkpt>
			<trkpt lat="49.010923" lon="17.913987">
				<ele>613.000000</ele>
			</trkpt>
			<trkpt lat="49.010876" lon="17.913943">
				<ele>612.000000</ele>
			</trkpt>
			<trkpt lat="49.010811" lon="17.913897">
				<ele>612.000000</ele>
			</trkpt>
			<trkpt lat="49.010740" lon="17.913871">
				<ele>611.000000</ele>
			</trkpt>
			<trkpt lat="49.010676" lon="17.913862">
				<ele>611.000000</ele>
			</trkpt>
			<trkpt lat="49.010558" lon="17.913844">
				<ele>610.000000</ele>
			</trkpt>
			<trkpt lat="49.010298" lon="17.913790">
				<ele>608.000000</ele>
			</trkpt>
			<trkpt lat="49.010139" lon="17.913790">
				<ele>607.000000</ele>
			</trkpt>
			<trkpt lat="49.009862" lon="17.913799">
				<ele>605.000000</ele>
			</trkpt>
			<trkpt lat="49.009680" lon="17.913790">
				<ele>604.000000</ele>
			</trkpt>
			<trkpt lat="49.009491" lon="17.913763">
				<ele>603.000000</ele>
			</trkpt>
			<trkpt lat="49.009302" lon="17.913700">
				<ele>602.000000</ele>
			</trkpt>
			<trkpt lat="49.008885" lon="17.913530">
				<ele>601.000000</ele>
			</trkpt>
			<trkpt lat="49.008413" lon="17.913305">
				<ele>598.000000</ele>
			</trkpt>
			<trkpt lat="49.007918" lon="17.913044">
				<ele>596.000000</ele>
			</trkpt>
			<trkpt lat="49.007441" lon="17.912775">
				<ele>594.000000</ele>
			</trkpt>
			<trkpt lat="49.007105" lon="17.912371">
				<ele>590.000000</ele>
			</trkpt>
			<trkpt lat="49.007010" lon="17.912236">
				<ele>589.000000</ele>
			</trkpt>
			<trkpt lat="49.006934" lon="17.912102">
				<ele>588.000000</ele>
			</trkpt>
			<trkpt lat="49.006857" lon="17.911939">
				<ele>586.000000</ele>
			</trkpt>
			<trkpt lat="49.006792" lon="17.911752">
				<ele>585.000000</ele>
			</trkpt>
			<trkpt lat="49.006721" lon="17.911526">
				<ele>584.000000</ele>
			</trkpt>
			<trkpt lat="49.006674" lon="17.911302">
				<ele>582.000000</ele>
			</trkpt>
			<trkpt lat="49.006651" lon="17.911194">
				<ele>582.000000</ele>
			</trkpt>
			<trkpt lat="49.006615" lon="17.911096">
				<ele>581.000000</ele>
			</trkpt>
			<trkpt lat="49.006492" lon="17.910799">
				<ele>579.000000</ele>
			</trkpt>
			<trkpt lat="49.006398" lon="17.910565">
				<ele>578.000000</ele>
			</trkpt>
			<trkpt lat="49.006292" lon="17.910350">
				<ele>576.000000</ele>
			</trkpt>
			<trkpt lat="49.006180" lon="17.910170">
				<ele>575.000000</ele>
			</trkpt>
			<trkpt lat="49.006062" lon="17.909972">
				<ele>573.000000</ele>
			</trkpt>
			<trkpt lat="49.005968" lon="17.909855">
				<ele>572.000000</ele>
			</trkpt>
			<trkpt lat="49.005867" lon="17.909757">
				<ele>571.000000</ele>
			</trkpt>
			<trkpt lat="49.005779" lon="17.909676">
				<ele>570.000000</ele>
			</trkpt>
			<trkpt lat="49.005667" lon="17.909622">
				<ele>568.000000</ele>
			</trkpt>
			<trkpt lat="49.005567" lon="17.909586">
				<ele>567.000000</ele>
			</trkpt>
			<trkpt lat="49.005443" lon="17.909568">
				<ele>566.000000</ele>
			</trkpt>
			<trkpt lat="49.005036" lon="17.909523">
				<ele>561.000000</ele>
			</trkpt>
			<trkpt lat="49.004759" lon="17.909515">
				<ele>557.000000</ele>
			</trkpt>
			<trkpt lat="49.004500" lon="17.909523">
				<ele>553.000000</ele>
			</trkpt>
			<trkpt lat="49.003622" lon="17.909604">
				<ele>540.000000</ele>
			</trkpt>
			<trkpt lat="49.003551" lon="17.909604">
				<ele>539.000000</ele>
			</trkpt>
			<trkpt lat="49.003481" lon="17.909586">
				<ele>537.000000</ele>
			</trkpt>
			<trkpt lat="49.003410" lon="17.909559">
				<ele>536.000000</ele>
			</trkpt>
			<trkpt lat="49.003357" lon="17.909515">
				<ele>535.000000</ele>
			</trkpt>
			<trkpt lat="49.003310" lon="17.909469">
				<ele>534.000000</ele>
			</trkpt>
			<trkpt lat="49.003269" lon="17.909398">
				<ele>532.000000</ele>
			</trkpt>
			<trkpt lat="49.003245" lon="17.909316">
				<ele>531.000000</ele>
			</trkpt>
			<trkpt lat="49.003227" lon="17.909218">
				<ele>530.000000</ele>
			</trkpt>
			<trkpt lat="49.003210" lon="17.909146">
				<ele>529.000000</ele>
			</trkpt>
			<trkpt lat="49.003198" lon="17.909065">
				<ele>528.000000</ele>
			</trkpt>
			<trkpt lat="49.003168" lon="17.908993">
				<ele>527.000000</ele>
			</trkpt>
			<trkpt lat="49.003133" lon="17.908939">
				<ele>526.000000</ele>
			</trkpt>
			<trkpt lat="49.003050" lon="17.908840">
				<ele>525.000000</ele>
			</trkpt>
			<trkpt lat="49.002891" lon="17.908706">
				<ele>524.000000</ele>
			</trkpt>
			<trkpt lat="49.002791" lon="17.908643">
				<ele>524.000000</ele>
			</trkpt>
			<trkpt lat="49.002703" lon="17.908607">
				<ele>523.000000</ele>
			</trkpt>
			<trkpt lat="49.002614" lon="17.908589">
				<ele>523.000000</ele>
			</trkpt>
			<trkpt lat="49.002508" lon="17.908589">
				<ele>522.000000</ele>
			</trkpt>
			<trkpt lat="49.001984" lon="17.908607">
				<ele>520.000000</ele>
			</trkpt>
			<trkpt lat="49.001848" lon="17.908643">
				<ele>519.000000</ele>
			</trkpt>
			<trkpt lat="49.001730" lon="17.908679">
				<ele>518.000000</ele>
			</trkpt>
			<trkpt lat="49.001612" lon="17.908750">
				<ele>516.000000</ele>
			</trkpt>
			<trkpt lat="49.001430" lon="17.908876">
				<ele>515.000000</ele>
			</trkpt>
			<trkpt lat="49.001270" lon="17.908975">
				<ele>513.000000</ele>
			</trkpt>
			<trkpt lat="49.001153" lon="17.909039">
				<ele>512.000000</ele>
			</trkpt>
			<trkpt lat="49.001029" lon="17.909073">
				<ele>511.000000</ele>
			</trkpt>
			<trkpt lat="49.000876" lon="17.909083">
				<ele>510.000000</ele>
			</trkpt>
			<trkpt lat="49.000640" lon="17.909083">
				<ele>508.000000</ele>
			</trkpt>
			<trkpt lat="49.000422" lon="17.909110">
				<ele>506.000000</ele>
			</trkpt>
			<trkpt lat="49.000216" lon="17.909173">
				<ele>504.000000</ele>
			</trkpt>
			<trkpt lat="48.999803" lon="17.909362">
				<ele>501.000000</ele>
			</trkpt>
			<trkpt lat="48.999697" lon="17.909406">
				<ele>500.000000</ele>
			</trkpt>
			<trkpt lat="48.999620" lon="17.909469">
				<ele>500.000000</ele>
			</trkpt>
			<trkpt lat="48.999550" lon="17.909549">
				<ele>500.000000</ele>
			</trkpt>
			<trkpt lat="48.999485" lon="17.909658">
				<ele>500.000000</ele>
			</trkpt>
			<trkpt lat="48.999391" lon="17.909828">
				<ele>500.000000</ele>
			</trkpt>
			<trkpt lat="48.999314" lon="17.909945">
				<ele>500.000000</ele>
			</trkpt>
			<trkpt lat="48.999231" lon="17.910035">
				<ele>500.000000</ele>
			</trkpt>
			<trkpt lat="48.999137" lon="17.910115">
				<ele>500.000000</ele>
			</trkpt>
			<trkpt lat="48.999084" lon="17.910107">
				<ele>500.000000</ele>
			</trkpt>
			<trkpt lat="48.999031" lon="17.910089">
				<ele>500.000000</ele>
			</trkpt>
			<trkpt lat="48.998996" lon="17.910062">
				<ele>500.000000</ele>
			</trkpt>
			<trkpt lat="48.998972" lon="17.910018">
				<ele>500.000000</ele>
			</trkpt>
			<trkpt lat="48.998943" lon="17.909964">
				<ele>499.000000</ele>
			</trkpt>
			<trkpt lat="48.998948" lon="17.909901">
				<ele>499.000000</ele>
			</trkpt>
			<trkpt lat="48.998954" lon="17.909847">
				<ele>499.000000</ele>
			</trkpt>
			<trkpt lat="48.998984" lon="17.909775">
				<ele>498.000000</ele>
			</trkpt>
			<trkpt lat="48.999013" lon="17.909712">
				<ele>498.000000</ele>
			</trkpt>
			<trkpt lat="48.999031" lon="17.909658">
				<ele>497.000000</ele>
			</trkpt>
			<trkpt lat="48.999037" lon="17.909586">
				<ele>497.000000</ele>
			</trkpt>
			<trkpt lat="48.999007" lon="17.909532">
				<ele>496.000000</ele>
			</trkpt>
			<trkpt lat="48.998984" lon="17.909488">
				<ele>496.000000</ele>
			</trkpt>
			<trkpt lat="48.998948" lon="17.909460">
				<ele>496.000000</ele>
			</trkpt>
			<trkpt lat="48.998866" lon="17.909425">
				<ele>494.000000</ele>
			</trkpt>
			<trkpt lat="48.998783" lon="17.909433">
				<ele>493.000000</ele>
			</trkpt>
			<trkpt lat="48.998607" lon="17.909496">
				<ele>490.000000</ele>
			</trkpt>
			<trkpt lat="48.998442" lon="17.909541">
				<ele>490.000000</ele>
			</trkpt>
			<trkpt lat="48.998289" lon="17.909541">
				<ele>490.000000</ele>
			</trkpt>
			<trkpt lat="48.998153" lon="17.909549">
				<ele>490.000000</ele>
			</trkpt>
			<trkpt lat="48.997770" lon="17.909515">
				<ele>490.000000</ele>
			</trkpt>
			<trkpt lat="48.997623" lon="17.909505">
				<ele>490.000000</ele>
			</trkpt>
			<trkpt lat="48.997517" lon="17.909515">
				<ele>490.000000</ele>
			</trkpt>
			<trkpt lat="48.997410" lon="17.909532">
				<ele>490.000000</ele>
			</trkpt>
			<trkpt lat="48.997269" lon="17.909578">
				<ele>490.000000</ele>
			</trkpt>
			<trkpt lat="48.997116" lon="17.909639">
				<ele>490.000000</ele>
			</trkpt>
			<trkpt lat="48.996980" lon="17.909685">
				<ele>490.000000</ele>
			</trkpt>
			<trkpt lat="48.996809" lon="17.909702">
				<ele>490.000000</ele>
			</trkpt>
			<trkpt lat="48.996520" lon="17.909729">
				<ele>490.000000</ele>
			</trkpt>
			<trkpt lat="48.996367" lon="17.909721">
				<ele>490.000000</ele>
			</trkpt>
			<trkpt lat="48.996296" lon="17.909702">
				<ele>490.000000</ele>
			</trkpt>
			<trkpt lat="48.996232" lon="17.909685">
				<ele>489.000000</ele>
			</trkpt>
			<trkpt lat="48.996120" lon="17.909595">
				<ele>487.000000</ele>
			</trkpt>
			<trkpt lat="48.995996" lon="17.909452">
				<ele>486.000000</ele>
			</trkpt>
			<trkpt lat="48.995860" lon="17.909262">
				<ele>483.000000</ele>
			</trkpt>
			<trkpt lat="48.995742" lon="17.909136">
				<ele>481.000000</ele>
			</trkpt>
			<trkpt lat="48.995601" lon="17.909002">
				<ele>480.000000</ele>
			</trkpt>
			<trkpt lat="48.995489" lon="17.908912">
				<ele>480.000000</ele>
			</trkpt>
			<trkpt lat="48.995365" lon="17.908849">
				<ele>480.000000</ele>
			</trkpt>
			<trkpt lat="48.995229" lon="17.908823">
				<ele>479.000000</ele>
			</trkpt>
			<trkpt lat="48.995088" lon="17.908796">
				<ele>479.000000</ele>
			</trkpt>
			<trkpt lat="48.994900" lon="17.908796">
				<ele>478.000000</ele>
			</trkpt>
			<trkpt lat="48.994853" lon="17.908786">
				<ele>477.000000</ele>
			</trkpt>
			<trkpt lat="48.994811" lon="17.908769">
				<ele>477.000000</ele>
			</trkpt>
			<trkpt lat="48.994652" lon="17.908652">
				<ele>476.000000</ele>
			</trkpt>
			<trkpt lat="48.994581" lon="17.908616">
				<ele>476.000000</ele>
			</trkpt>
			<trkpt lat="48.994499" lon="17.908580">
				<ele>475.000000</ele>
			</trkpt>
			<trkpt lat="48.994416" lon="17.908562">
				<ele>474.000000</ele>
			</trkpt>
			<trkpt lat="48.994310" lon="17.908562">
				<ele>473.000000</ele>
			</trkpt>
			<trkpt lat="48.994086" lon="17.908570">
				<ele>471.000000</ele>
			</trkpt>
			<trkpt lat="48.993703" lon="17.908634">
				<ele>468.000000</ele>
			</trkpt>
			<trkpt lat="48.993697" lon="17.908634">
				<ele>468.000000</ele>
			</trkpt>
			<trkpt lat="48.993638" lon="17.908490">
				<ele>467.000000</ele>
			</trkpt>
			<trkpt lat="48.993597" lon="17.908356">
				<ele>466.000000</ele>
			</trkpt>
			<trkpt lat="48.993544" lon="17.908203">
				<ele>465.000000</ele>
			</trkpt>
			<trkpt lat="48.993479" lon="17.908050">
				<ele>465.000000</ele>
			</trkpt>
			<trkpt lat="48.993397" lon="17.907915">
				<ele>465.000000</ele>
			</trkpt>
			<trkpt lat="48.993320" lon="17.907834">
				<ele>465.000000</ele>
			</trkpt>
			<trkpt lat="48.992836" lon="17.907394">
				<ele>465.000000</ele>
			</trkpt>
			<trkpt lat="48.992766" lon="17.907322">
				<ele>465.000000</ele>
			</trkpt>
			<trkpt lat="48.992713" lon="17.907259">
				<ele>465.000000</ele>
			</trkpt>
			<trkpt lat="48.992671" lon="17.907197">
				<ele>465.000000</ele>
			</trkpt>
			<trkpt lat="48.992648" lon="17.907107">
				<ele>465.000000</ele>
			</trkpt>
			<trkpt lat="48.992595" lon="17.906999">
				<ele>465.000000</ele>
			</trkpt>
			<trkpt lat="48.992577" lon="17.906918">
				<ele>465.000000</ele>
			</trkpt>
			<trkpt lat="48.992571" lon="17.906828">
				<ele>465.000000</ele>
			</trkpt>
			<trkpt lat="48.992571" lon="17.906748">
				<ele>465.000000</ele>
			</trkpt>
			<trkpt lat="48.992589" lon="17.906603">
				<ele>465.000000</ele>
			</trkpt>
			<trkpt lat="48.992571" lon="17.906486">
				<ele>465.000000</ele>
			</trkpt>
			<trkpt lat="48.992548" lon="17.906388">
				<ele>465.000000</ele>
			</trkpt>
			<trkpt lat="48.992495" lon="17.906325">
				<ele>465.000000</ele>
			</trkpt>
			<trkpt lat="48.992276" lon="17.906073">
				<ele>463.000000</ele>
			</trkpt>
			<trkpt lat="48.991876" lon="17.905570">
				<ele>455.000000</ele>
			</trkpt>
			<trkpt lat="48.991817" lon="17.905499">
				<ele>455.000000</ele>
			</trkpt>
			<trkpt lat="48.991752" lon="17.905471">
				<ele>455.000000</ele>
			</trkpt>
			<trkpt lat="48.991687" lon="17.905454">
				<ele>455.000000</ele>
			</trkpt>
			<trkpt lat="48.991593" lon="17.905436">
				<ele>455.000000</ele>
			</trkpt>
			<trkpt lat="48.991492" lon="17.905418">
				<ele>455.000000</ele>
			</trkpt>
			<trkpt lat="48.991374" lon="17.905354">
				<ele>455.000000</ele>
			</trkpt>
			<trkpt lat="48.991234" lon="17.905238">
				<ele>455.000000</ele>
			</trkpt>
			<trkpt lat="48.990998" lon="17.905031">
				<ele>455.000000</ele>
			</trkpt>
			<trkpt lat="48.990956" lon="17.904987">
				<ele>455.000000</ele>
			</trkpt>
			<trkpt lat="48.990886" lon="17.904888">
				<ele>455.000000</ele>
			</trkpt>
			<trkpt lat="48.990815" lon="17.904771">
				<ele>455.000000</ele>
			</trkpt>
			<trkpt lat="48.990756" lon="17.904664">
				<ele>455.000000</ele>
			</trkpt>
			<trkpt lat="48.990715" lon="17.904519">
				<ele>455.000000</ele>
			</trkpt>
			<trkpt lat="48.990673" lon="17.904367">
				<ele>455.000000</ele>
			</trkpt>
			<trkpt lat="48.990644" lon="17.904178">
				<ele>456.000000</ele>
			</trkpt>
			<trkpt lat="48.990591" lon="17.903792">
				<ele>458.000000</ele>
			</trkpt>
			<trkpt lat="48.990532" lon="17.903469">
				<ele>459.000000</ele>
			</trkpt>
			<trkpt lat="48.990414" lon="17.902920">
				<ele>460.000000</ele>
			</trkpt>
			<trkpt lat="48.990237" lon="17.902085">
				<ele>457.000000</ele>
			</trkpt>
			<trkpt lat="48.990049" lon="17.901762">
				<ele>452.000000</ele>
			</trkpt>
			<trkpt lat="48.989984" lon="17.901662">
				<ele>451.000000</ele>
			</trkpt>
			<trkpt lat="48.989942" lon="17.901591">
				<ele>450.000000</ele>
			</trkpt>
			<trkpt lat="48.989889" lon="17.901546">
				<ele>448.000000</ele>
			</trkpt>
			<trkpt lat="48.989836" lon="17.901528">
				<ele>447.000000</ele>
			</trkpt>
			<trkpt lat="48.989689" lon="17.901519">
				<ele>445.000000</ele>
			</trkpt>
			<trkpt lat="48.989424" lon="17.901456">
				<ele>441.000000</ele>
			</trkpt>
			<trkpt lat="48.989300" lon="17.901393">
				<ele>439.000000</ele>
			</trkpt>
			<trkpt lat="48.989200" lon="17.901312">
				<ele>438.000000</ele>
			</trkpt>
			<trkpt lat="48.989170" lon="17.901276">
				<ele>437.000000</ele>
			</trkpt>
			<trkpt lat="48.989135" lon="17.901213">
				<ele>436.000000</ele>
			</trkpt>
			<trkpt lat="48.989105" lon="17.901151">
				<ele>436.000000</ele>
			</trkpt>
			<trkpt lat="48.989093" lon="17.901079">
				<ele>435.000000</ele>
			</trkpt>
			<trkpt lat="48.989088" lon="17.900863">
				<ele>435.000000</ele>
			</trkpt>
			<trkpt lat="48.989064" lon="17.900693">
				<ele>435.000000</ele>
			</trkpt>
			<trkpt lat="48.989040" lon="17.900567">
				<ele>435.000000</ele>
			</trkpt>
			<trkpt lat="48.988999" lon="17.900459">
				<ele>435.000000</ele>
			</trkpt>
			<trkpt lat="48.988940" lon="17.900370">
				<ele>435.000000</ele>
			</trkpt>
			<trkpt lat="48.988858" lon="17.900297">
				<ele>435.000000</ele>
			</trkpt>
			<trkpt lat="48.988628" lon="17.900136">
				<ele>435.000000</ele>
			</trkpt>
			<trkpt lat="48.988498" lon="17.900001">
				<ele>435.000000</ele>
			</trkpt>
			<trkpt lat="48.988303" lon="17.899758">
				<ele>435.000000</ele>
			</trkpt>
			<trkpt lat="48.988097" lon="17.899515">
				<ele>435.000000</ele>
			</trkpt>
			<trkpt lat="48.987897" lon="17.899301">
				<ele>435.000000</ele>
			</trkpt>
			<trkpt lat="48.987620" lon="17.899012">
				<ele>434.000000</ele>
			</trkpt>
			<trkpt lat="48.987172" lon="17.898446">
				<ele>429.000000</ele>
			</trkpt>
			<trkpt lat="48.987036" lon="17.898294">
				<ele>426.000000</ele>
			</trkpt>
			<trkpt lat="48.986936" lon="17.898106">
				<ele>425.000000</ele>
			</trkpt>
			<trkpt lat="48.986830" lon="17.897881">
				<ele>424.000000</ele>
			</trkpt>
			<trkpt lat="48.986742" lon="17.897620">
				<ele>424.000000</ele>
			</trkpt>
			<trkpt lat="48.986630" lon="17.897315">
				<ele>423.000000</ele>
			</trkpt>
			<trkpt lat="48.986594" lon="17.897252">
				<ele>423.000000</ele>
			</trkpt>
			<trkpt lat="48.986559" lon="17.897217">
				<ele>423.000000</ele>
			</trkpt>
			<trkpt lat="48.985167" lon="17.896066">
				<ele>418.000000</ele>
			</trkpt>
			<trkpt lat="48.984973" lon="17.895913">
				<ele>416.000000</ele>
			</trkpt>
			<trkpt lat="48.984796" lon="17.895823">
				<ele>415.000000</ele>
			</trkpt>
			<trkpt lat="48.984619" lon="17.895788">
				<ele>415.000000</ele>
			</trkpt>
			<trkpt lat="48.984348" lon="17.895762">
				<ele>415.000000</ele>
			</trkpt>
			<trkpt lat="48.984265" lon="17.895752">
				<ele>415.000000</ele>
			</trkpt>
			<trkpt lat="48.984142" lon="17.895762">
				<ele>415.000000</ele>
			</trkpt>
			<trkpt lat="48.984012" lon="17.895806">
				<ele>415.000000</ele>
			</trkpt>
			<trkpt lat="48.984059" lon="17.895699">
				<ele>415.000000</ele>
			</trkpt>
			<trkpt lat="48.984071" lon="17.895644">
				<ele>415.000000</ele>
			</trkpt>
			<trkpt lat="48.984083" lon="17.895590">
				<ele>415.000000</ele>
			</trkpt>
			<trkpt lat="48.984083" lon="17.895509">
				<ele>415.000000</ele>
			</trkpt>
			<trkpt lat="48.984106" lon="17.895347">
				<ele>415.000000</ele>
			</trkpt>
			<trkpt lat="48.984106" lon="17.895294">
				<ele>415.000000</ele>
			</trkpt>
			<trkpt lat="48.984100" lon="17.895141">
				<ele>418.000000</ele>
			</trkpt>
			<trkpt lat="48.984077" lon="17.895007">
				<ele>422.000000</ele>
			</trkpt>
			<trkpt lat="48.984035" lon="17.894863">
				<ele>426.000000</ele>
			</trkpt>
			<trkpt lat="48.983982" lon="17.894674">
				<ele>432.000000</ele>
			</trkpt>
			<trkpt lat="48.983835" lon="17.894251">
				<ele>445.000000</ele>
			</trkpt>
			<trkpt lat="48.983794" lon="17.894117">
				<ele>449.000000</ele>
			</trkpt>
			<trkpt lat="48.983770" lon="17.893964">
				<ele>453.000000</ele>
			</trkpt>
			<trkpt lat="48.983723" lon="17.893695">
				<ele>460.000000</ele>
			</trkpt>
			<trkpt lat="48.983652" lon="17.893462">
				<ele>466.000000</ele>
			</trkpt>
			<trkpt lat="48.983617" lon="17.893353">
				<ele>468.000000</ele>
			</trkpt>
			<trkpt lat="48.983593" lon="17.893255">
				<ele>469.000000</ele>
			</trkpt>
			<trkpt lat="48.983576" lon="17.892949">
				<ele>474.000000</ele>
			</trkpt>
			<trkpt lat="48.983558" lon="17.892859">
				<ele>476.000000</ele>
			</trkpt>
			<trkpt lat="48.983517" lon="17.892662">
				<ele>480.000000</ele>
			</trkpt>
			<trkpt lat="48.983505" lon="17.892509">
				<ele>482.000000</ele>
			</trkpt>
			<trkpt lat="48.983499" lon="17.892347">
				<ele>485.000000</ele>
			</trkpt>
			<trkpt lat="48.983493" lon="17.892114">
				<ele>488.000000</ele>
			</trkpt>
			<trkpt lat="48.983458" lon="17.891907">
				<ele>491.000000</ele>
			</trkpt>
			<trkpt lat="48.983399" lon="17.891530">
				<ele>498.000000</ele>
			</trkpt>
			<trkpt lat="48.983369" lon="17.891351">
				<ele>501.000000</ele>
			</trkpt>
			<trkpt lat="48.983357" lon="17.891215">
				<ele>503.000000</ele>
			</trkpt>
			<trkpt lat="48.983334" lon="17.891117">
				<ele>504.000000</ele>
			</trkpt>
			<trkpt lat="48.983304" lon="17.891027">
				<ele>505.000000</ele>
			</trkpt>
			<trkpt lat="48.983299" lon="17.890928">
				<ele>507.000000</ele>
			</trkpt>
			<trkpt lat="48.983287" lon="17.890793">
				<ele>508.000000</ele>
			</trkpt>
			<trkpt lat="48.983251" lon="17.890649">
				<ele>511.000000</ele>
			</trkpt>
			<trkpt lat="48.983228" lon="17.890551">
				<ele>512.000000</ele>
			</trkpt>
			<trkpt lat="48.983222" lon="17.890433">
				<ele>514.000000</ele>
			</trkpt>
			<trkpt lat="48.983240" lon="17.889993">
				<ele>520.000000</ele>
			</trkpt>
			<trkpt lat="48.983240" lon="17.889806">
				<ele>522.000000</ele>
			</trkpt>
			<trkpt lat="48.983240" lon="17.889787">
				<ele>523.000000</ele>
			</trkpt>
			<trkpt lat="48.983240" lon="17.889653">
				<ele>524.000000</ele>
			</trkpt>
			<trkpt lat="48.983234" lon="17.889571">
				<ele>525.000000</ele>
			</trkpt>
			<trkpt lat="48.983169" lon="17.889248">
				<ele>529.000000</ele>
			</trkpt>
			<trkpt lat="48.983163" lon="17.889141">
				<ele>531.000000</ele>
			</trkpt>
			<trkpt lat="48.983157" lon="17.889005">
				<ele>532.000000</ele>
			</trkpt>
			<trkpt lat="48.983151" lon="17.888854">
				<ele>533.000000</ele>
			</trkpt>
			<trkpt lat="48.983139" lon="17.888727">
				<ele>534.000000</ele>
			</trkpt>
			<trkpt lat="48.983116" lon="17.888494">
				<ele>537.000000</ele>
			</trkpt>
			<trkpt lat="48.983116" lon="17.888322">
				<ele>539.000000</ele>
			</trkpt>
			<trkpt lat="48.983133" lon="17.888143">
				<ele>540.000000</ele>
			</trkpt>
			<trkpt lat="48.983151" lon="17.887982">
				<ele>542.000000</ele>
			</trkpt>
			<trkpt lat="48.983133" lon="17.887783">
				<ele>544.000000</ele>
			</trkpt>
			<trkpt lat="48.983122" lon="17.887604">
				<ele>546.000000</ele>
			</trkpt>
			<trkpt lat="48.983116" lon="17.887443">
				<ele>547.000000</ele>
			</trkpt>
			<trkpt lat="48.983110" lon="17.887317">
				<ele>548.000000</ele>
			</trkpt>
			<trkpt lat="48.983086" lon="17.887200">
				<ele>549.000000</ele>
			</trkpt>
			<trkpt lat="48.983098" lon="17.887173">
				<ele>550.000000</ele>
			</trkpt>
			<trkpt lat="48.983128" lon="17.887020">
				<ele>551.000000</ele>
			</trkpt>
			<trkpt lat="48.983157" lon="17.886886">
				<ele>553.000000</ele>
			</trkpt>
			<trkpt lat="48.983275" lon="17.886527">
				<ele>557.000000</ele>
			</trkpt>
			<trkpt lat="48.983304" lon="17.886418">
				<ele>558.000000</ele>
			</trkpt>
			<trkpt lat="48.983328" lon="17.886257">
				<ele>559.000000</ele>
			</trkpt>
			<trkpt lat="48.983257" lon="17.886167">
				<ele>560.000000</ele>
			</trkpt>
			<trkpt lat="48.983204" lon="17.886059">
				<ele>561.000000</ele>
			</trkpt>
			<trkpt lat="48.983110" lon="17.885871">
				<ele>561.000000</ele>
			</trkpt>
			<trkpt lat="48.982974" lon="17.885601">
				<ele>563.000000</ele>
			</trkpt>
			<trkpt lat="48.982898" lon="17.885448">
				<ele>563.000000</ele>
			</trkpt>
			<trkpt lat="48.982856" lon="17.885296">
				<ele>564.000000</ele>
			</trkpt>
			<trkpt lat="48.982827" lon="17.885143">
				<ele>564.000000</ele>
			</trkpt>
			<trkpt lat="48.982786" lon="17.884864">
				<ele>565.000000</ele>
			</trkpt>
			<trkpt lat="48.982738" lon="17.884541">
				<ele>566.000000</ele>
			</trkpt>
			<trkpt lat="48.982691" lon="17.884397">
				<ele>566.000000</ele>
			</trkpt>
			<trkpt lat="48.982620" lon="17.884271">
				<ele>566.000000</ele>
			</trkpt>
			<trkpt lat="48.982544" lon="17.884127">
				<ele>567.000000</ele>
			</trkpt>
			<trkpt lat="48.982468" lon="17.884001">
				<ele>567.000000</ele>
			</trkpt>
			<trkpt lat="48.982202" lon="17.883670">
				<ele>568.000000</ele>
			</trkpt>
			<trkpt lat="48.981548" lon="17.882825">
				<ele>571.000000</ele>
			</trkpt>
			<trkpt lat="48.981383" lon="17.882646">
				<ele>572.000000</ele>
			</trkpt>
			<trkpt lat="48.981253" lon="17.882529">
				<ele>573.000000</ele>
			</trkpt>
			<trkpt lat="48.980652" lon="17.882053">
				<ele>578.000000</ele>
			</trkpt>
			<trkpt lat="48.980263" lon="17.881774">
				<ele>583.000000</ele>
			</trkpt>
			<trkpt lat="48.980274" lon="17.881693">
				<ele>584.000000</ele>
			</trkpt>
			<trkpt lat="48.980274" lon="17.881604">
				<ele>584.000000</ele>
			</trkpt>
			<trkpt lat="48.980280" lon="17.881523">
				<ele>585.000000</ele>
			</trkpt>
			<trkpt lat="48.980263" lon="17.881414">
				<ele>586.000000</ele>
			</trkpt>
			<trkpt lat="48.980204" lon="17.881208">
				<ele>588.000000</ele>
			</trkpt>
			<trkpt lat="48.980080" lon="17.880885">
				<ele>591.000000</ele>
			</trkpt>
			<trkpt lat="48.980056" lon="17.880785">
				<ele>591.000000</ele>
			</trkpt>
			<trkpt lat="48.980038" lon="17.880714">
				<ele>592.000000</ele>
			</trkpt>
			<trkpt lat="48.980033" lon="17.880634">
				<ele>592.000000</ele>
			</trkpt>
			<trkpt lat="48.980044" lon="17.880571">
				<ele>593.000000</ele>
			</trkpt>
			<trkpt lat="48.980103" lon="17.880355">
				<ele>595.000000</ele>
			</trkpt>
			<trkpt lat="48.980115" lon="17.880220">
				<ele>595.000000</ele>
			</trkpt>
			<trkpt lat="48.980127" lon="17.879915">
				<ele>595.000000</ele>
			</trkpt>
			<trkpt lat="48.980115" lon="17.879861">
				<ele>595.000000</ele>
			</trkpt>
			<trkpt lat="48.980109" lon="17.879780">
				<ele>595.000000</ele>
			</trkpt>
			<trkpt lat="48.980097" lon="17.879412">
				<ele>595.000000</ele>
			</trkpt>
			<trkpt lat="48.980056" lon="17.879007">
				<ele>595.000000</ele>
			</trkpt>
			<trkpt lat="48.980015" lon="17.878640">
				<ele>595.000000</ele>
			</trkpt>
			<trkpt lat="48.980015" lon="17.878504">
				<ele>594.000000</ele>
			</trkpt>
			<trkpt lat="48.980015" lon="17.878397">
				<ele>594.000000</ele>
			</trkpt>
			<trkpt lat="48.980038" lon="17.878288">
				<ele>594.000000</ele>
			</trkpt>
			<trkpt lat="48.980068" lon="17.878181">
				<ele>593.000000</ele>
			</trkpt>
			<trkpt lat="48.980115" lon="17.878001">
				<ele>593.000000</ele>
			</trkpt>
			<trkpt lat="48.980127" lon="17.877911">
				<ele>592.000000</ele>
			</trkpt>
			<trkpt lat="48.980127" lon="17.877822">
				<ele>592.000000</ele>
			</trkpt>
			<trkpt lat="48.980121" lon="17.877741">
				<ele>592.000000</ele>
			</trkpt>
			<trkpt lat="48.980103" lon="17.877651">
				<ele>591.000000</ele>
			</trkpt>
			<trkpt lat="48.980056" lon="17.877435">
				<ele>591.000000</ele>
			</trkpt>
			<trkpt lat="48.979921" lon="17.877032">
				<ele>588.000000</ele>
			</trkpt>
			<trkpt lat="48.979755" lon="17.876564">
				<ele>585.000000</ele>
			</trkpt>
			<trkpt lat="48.979567" lon="17.876043">
				<ele>583.000000</ele>
			</trkpt>
			<trkpt lat="48.979254" lon="17.875055">
				<ele>580.000000</ele>
			</trkpt>
			<trkpt lat="48.979195" lon="17.874858">
				<ele>580.000000</ele>
			</trkpt>
			<trkpt lat="48.979172" lon="17.874749">
				<ele>580.000000</ele>
			</trkpt>
			<trkpt lat="48.979154" lon="17.874642">
				<ele>581.000000</ele>
			</trkpt>
			<trkpt lat="48.979160" lon="17.874543">
				<ele>582.000000</ele>
			</trkpt>
			<trkpt lat="48.979178" lon="17.874480">
				<ele>582.000000</ele>
			</trkpt>
			<trkpt lat="48.979207" lon="17.874300">
				<ele>582.000000</ele>
			</trkpt>
			<trkpt lat="48.979254" lon="17.874156">
				<ele>583.000000</ele>
			</trkpt>
			<trkpt lat="48.979313" lon="17.874022">
				<ele>583.000000</ele>
			</trkpt>
			<trkpt lat="48.979419" lon="17.873806">
				<ele>583.000000</ele>
			</trkpt>
			<trkpt lat="48.979484" lon="17.873690">
				<ele>583.000000</ele>
			</trkpt>
			<trkpt lat="48.979478" lon="17.873608">
				<ele>584.000000</ele>
			</trkpt>
			<trkpt lat="48.979461" lon="17.873537">
				<ele>584.000000</ele>
			</trkpt>
			<trkpt lat="48.979437" lon="17.873483">
				<ele>584.000000</ele>
			</trkpt>
			<trkpt lat="48.979402" lon="17.873438">
				<ele>584.000000</ele>
			</trkpt>
			<trkpt lat="48.979278" lon="17.873393">
				<ele>579.000000</ele>
			</trkpt>
			<trkpt lat="48.978594" lon="17.873024">
				<ele>572.000000</ele>
			</trkpt>
			<trkpt lat="48.975846" lon="17.871686">
				<ele>544.000000</ele>
			</trkpt>
			<trkpt lat="48.975363" lon="17.871453">
				<ele>539.000000</ele>
			</trkpt>
			<trkpt lat="48.974992" lon="17.871300">
				<ele>536.000000</ele>
			</trkpt>
			<trkpt lat="48.974891" lon="17.871237">
				<ele>535.000000</ele>
			</trkpt>
			<trkpt lat="48.974814" lon="17.871166">
				<ele>534.000000</ele>
			</trkpt>
			<trkpt lat="48.974755" lon="17.871066">
				<ele>534.000000</ele>
			</trkpt>
			<trkpt lat="48.974703" lon="17.870923">
				<ele>533.000000</ele>
			</trkpt>
			<trkpt lat="48.974372" lon="17.869745">
				<ele>524.000000</ele>
			</trkpt>
			<trkpt lat="48.974171" lon="17.869082">
				<ele>516.000000</ele>
			</trkpt>
			<trkpt lat="48.974107" lon="17.868856">
				<ele>513.000000</ele>
			</trkpt>
			<trkpt lat="48.974030" lon="17.868677">
				<ele>511.000000</ele>
			</trkpt>
			<trkpt lat="48.973941" lon="17.868533">
				<ele>509.000000</ele>
			</trkpt>
			<trkpt lat="48.973824" lon="17.868398">
				<ele>507.000000</ele>
			</trkpt>
			<trkpt lat="48.973293" lon="17.867922">
				<ele>499.000000</ele>
			</trkpt>
			<trkpt lat="48.973093" lon="17.867761">
				<ele>497.000000</ele>
			</trkpt>
			<trkpt lat="48.972993" lon="17.867688">
				<ele>496.000000</ele>
			</trkpt>
			<trkpt lat="48.972898" lon="17.867635">
				<ele>495.000000</ele>
			</trkpt>
			<trkpt lat="48.972639" lon="17.867545">
				<ele>492.000000</ele>
			</trkpt>
			<trkpt lat="48.971619" lon="17.867185">
				<ele>483.000000</ele>
			</trkpt>
			<trkpt lat="48.971200" lon="17.867024">
				<ele>479.000000</ele>
			</trkpt>
			<trkpt lat="48.970710" lon="17.866818">
				<ele>474.000000</ele>
			</trkpt>
			<trkpt lat="48.970516" lon="17.866719">
				<ele>471.000000</ele>
			</trkpt>
			<trkpt lat="48.970357" lon="17.866619">
				<ele>468.000000</ele>
			</trkpt>
			<trkpt lat="48.970215" lon="17.866485">
				<ele>465.000000</ele>
			</trkpt>
			<trkpt lat="48.970079" lon="17.866332">
				<ele>462.000000</ele>
			</trkpt>
			<trkpt lat="48.969944" lon="17.866153">
				<ele>458.000000</ele>
			</trkpt>
			<trkpt lat="48.969849" lon="17.866053">
				<ele>456.000000</ele>
			</trkpt>
			<trkpt lat="48.969755" lon="17.865982">
				<ele>454.000000</ele>
			</trkpt>
			<trkpt lat="48.969637" lon="17.865937">
				<ele>452.000000</ele>
			</trkpt>
			<trkpt lat="48.969130" lon="17.865740">
				<ele>442.000000</ele>
			</trkpt>
			<trkpt lat="48.968475" lon="17.865514">
				<ele>430.000000</ele>
			</trkpt>
			<trkpt lat="48.968228" lon="17.865424">
				<ele>425.000000</ele>
			</trkpt>
			<trkpt lat="48.968175" lon="17.865398">
				<ele>424.000000</ele>
			</trkpt>
			<trkpt lat="48.968133" lon="17.865353">
				<ele>424.000000</ele>
			</trkpt>
			<trkpt lat="48.968116" lon="17.865290">
				<ele>423.000000</ele>
			</trkpt>
			<trkpt lat="48.968033" lon="17.864625">
				<ele>417.000000</ele>
			</trkpt>
			<trkpt lat="48.967933" lon="17.863593">
				<ele>407.000000</ele>
			</trkpt>
			<trkpt lat="48.967921" lon="17.863323">
				<ele>405.000000</ele>
			</trkpt>
			<trkpt lat="48.967921" lon="17.863170">
				<ele>403.000000</ele>
			</trkpt>
			<trkpt lat="48.967927" lon="17.863063">
				<ele>402.000000</ele>
			</trkpt>
			<trkpt lat="48.967945" lon="17.862954">
				<ele>401.000000</ele>
			</trkpt>
			<trkpt lat="48.967974" lon="17.862847">
				<ele>400.000000</ele>
			</trkpt>
			<trkpt lat="48.968063" lon="17.862595">
				<ele>398.000000</ele>
			</trkpt>
			<trkpt lat="48.968287" lon="17.862074">
				<ele>391.000000</ele>
			</trkpt>
			<trkpt lat="48.968464" lon="17.861661">
				<ele>393.000000</ele>
			</trkpt>
			<trkpt lat="48.968646" lon="17.861203">
				<ele>390.000000</ele>
			</trkpt>
			<trkpt lat="48.968688" lon="17.861069">
				<ele>390.000000</ele>
			</trkpt>
			<trkpt lat="48.968705" lon="17.860952">
				<ele>390.000000</ele>
			</trkpt>
			<trkpt lat="48.968192" lon="17.860996">
				<ele>388.000000</ele>
			</trkpt>
			<trkpt lat="48.967608" lon="17.861050">
				<ele>386.000000</ele>
			</trkpt>
			<trkpt lat="48.967443" lon="17.861069">
				<ele>385.000000</ele>
			</trkpt>
			<trkpt lat="48.967290" lon="17.861113">
				<ele>385.000000</ele>
			</trkpt>
			<trkpt lat="48.967119" lon="17.861185">
				<ele>384.000000</ele>
			</trkpt>
			<trkpt lat="48.966871" lon="17.861310">
				<ele>383.000000</ele>
			</trkpt>
			<trkpt lat="48.966818" lon="17.861069">
				<ele>383.000000</ele>
			</trkpt>
			<trkpt lat="48.966806" lon="17.861006">
				<ele>384.000000</ele>
			</trkpt>
			<trkpt lat="48.966812" lon="17.860933">
				<ele>384.000000</ele>
			</trkpt>
			<trkpt lat="48.966954" lon="17.860610">
				<ele>384.000000</ele>
			</trkpt>
			<trkpt lat="48.967048" lon="17.860350">
				<ele>385.000000</ele>
			</trkpt>
			<trkpt lat="48.967131" lon="17.860061">
				<ele>386.000000</ele>
			</trkpt>
			<trkpt lat="48.967378" lon="17.859344">
				<ele>388.000000</ele>
			</trkpt>
			<trkpt lat="48.967508" lon="17.858912">
				<ele>390.000000</ele>
			</trkpt>
			<trkpt lat="48.967561" lon="17.858679">
				<ele>391.000000</ele>
			</trkpt>
			<trkpt lat="48.967614" lon="17.858220">
				<ele>392.000000</ele>
			</trkpt>
			<trkpt lat="48.967667" lon="17.857987">
				<ele>393.000000</ele>
			</trkpt>
			<trkpt lat="48.967844" lon="17.857260">
				<ele>395.000000</ele>
			</trkpt>
			<trkpt lat="48.967951" lon="17.856765">
				<ele>396.000000</ele>
			</trkpt>
			<trkpt lat="48.968080" lon="17.856055">
				<ele>396.000000</ele>
			</trkpt>
			<trkpt lat="48.968198" lon="17.855373">
				<ele>397.000000</ele>
			</trkpt>
			<trkpt lat="48.968281" lon="17.854977">
				<ele>398.000000</ele>
			</trkpt>
			<trkpt lat="48.968475" lon="17.854044">
				<ele>399.000000</ele>
			</trkpt>
			<trkpt lat="48.968587" lon="17.853495">
				<ele>400.000000</ele>
			</trkpt>
			<trkpt lat="48.968658" lon="17.853208">
				<ele>400.000000</ele>
			</trkpt>
			<trkpt lat="48.968758" lon="17.852849">
				<ele>400.000000</ele>
			</trkpt>
			<trkpt lat="48.968853" lon="17.852507">
				<ele>400.000000</ele>
			</trkpt>
			<trkpt lat="48.968988" lon="17.852121">
				<ele>401.000000</ele>
			</trkpt>
			<trkpt lat="48.969201" lon="17.851501">
				<ele>401.000000</ele>
			</trkpt>
			<trkpt lat="48.969360" lon="17.851052">
				<ele>401.000000</ele>
			</trkpt>
			<trkpt lat="48.969407" lon="17.850836">
				<ele>401.000000</ele>
			</trkpt>
			<trkpt lat="48.969466" lon="17.850593">
				<ele>401.000000</ele>
			</trkpt>
			<trkpt lat="48.969555" lon="17.850126">
				<ele>402.000000</ele>
			</trkpt>
			<trkpt lat="48.969702" lon="17.849237">
				<ele>402.000000</ele>
			</trkpt>
			<trkpt lat="48.969726" lon="17.849021">
				<ele>402.000000</ele>
			</trkpt>
			<trkpt lat="48.969726" lon="17.848834">
				<ele>402.000000</ele>
			</trkpt>
			<trkpt lat="48.969714" lon="17.848626">
				<ele>402.000000</ele>
			</trkpt>
			<trkpt lat="48.969661" lon="17.848375">
				<ele>402.000000</ele>
			</trkpt>
			<trkpt lat="48.969578" lon="17.848052">
				<ele>403.000000</ele>
			</trkpt>
			<trkpt lat="48.969490" lon="17.847800">
				<ele>403.000000</ele>
			</trkpt>
			<trkpt lat="48.969389" lon="17.847593">
				<ele>403.000000</ele>
			</trkpt>
			<trkpt lat="48.969260" lon="17.847369">
				<ele>403.000000</ele>
			</trkpt>
			<trkpt lat="48.968576" lon="17.846272">
				<ele>404.000000</ele>
			</trkpt>
			<trkpt lat="48.968422" lon="17.846048">
				<ele>404.000000</ele>
			</trkpt>
			<trkpt lat="48.967968" lon="17.845366">
				<ele>404.000000</ele>
			</trkpt>
			<trkpt lat="48.967915" lon="17.845285">
				<ele>404.000000</ele>
			</trkpt>
			<trkpt lat="48.967868" lon="17.845168">
				<ele>404.000000</ele>
			</trkpt>
			<trkpt lat="48.967833" lon="17.845087">
				<ele>404.000000</ele>
			</trkpt>
			<trkpt lat="48.967797" lon="17.844989">
				<ele>405.000000</ele>
			</trkpt>
			<trkpt lat="48.967750" lon="17.844754">
				<ele>405.000000</ele>
			</trkpt>
			<trkpt lat="48.967703" lon="17.844377">
				<ele>405.000000</ele>
			</trkpt>
			<trkpt lat="48.967667" lon="17.844000">
				<ele>405.000000</ele>
			</trkpt>
			<trkpt lat="48.967679" lon="17.843695">
				<ele>406.000000</ele>
			</trkpt>
			<trkpt lat="48.967679" lon="17.843560">
				<ele>406.000000</ele>
			</trkpt>
			<trkpt lat="48.967703" lon="17.843408">
				<ele>406.000000</ele>
			</trkpt>
			<trkpt lat="48.967774" lon="17.843048">
				<ele>407.000000</ele>
			</trkpt>
			<trkpt lat="48.967903" lon="17.842518">
				<ele>408.000000</ele>
			</trkpt>
			<trkpt lat="48.968145" lon="17.841620">
				<ele>410.000000</ele>
			</trkpt>
			<trkpt lat="48.968033" lon="17.841574">
				<ele>410.000000</ele>
			</trkpt>
			<trkpt lat="48.967815" lon="17.841467">
				<ele>412.000000</ele>
			</trkpt>
			<trkpt lat="48.967608" lon="17.841341">
				<ele>414.000000</ele>
			</trkpt>
			<trkpt lat="48.967019" lon="17.840955">
				<ele>423.000000</ele>
			</trkpt>
			<trkpt lat="48.966918" lon="17.840865">
				<ele>424.000000</ele>
			</trkpt>
			<trkpt lat="48.966848" lon="17.840766">
				<ele>426.000000</ele>
			</trkpt>
			<trkpt lat="48.966806" lon="17.840641">
				<ele>428.000000</ele>
			</trkpt>
			<trkpt lat="48.966777" lon="17.840479">
				<ele>430.000000</ele>
			</trkpt>
			<trkpt lat="48.966706" lon="17.839733">
				<ele>437.000000</ele>
			</trkpt>
			<trkpt lat="48.966694" lon="17.839662">
				<ele>438.000000</ele>
			</trkpt>
			<trkpt lat="48.966671" lon="17.839599">
				<ele>439.000000</ele>
			</trkpt>
			<trkpt lat="48.966647" lon="17.839553">
				<ele>440.000000</ele>
			</trkpt>
			<trkpt lat="48.966612" lon="17.839509">
				<ele>440.000000</ele>
			</trkpt>
			<trkpt lat="48.966559" lon="17.839463">
				<ele>442.000000</ele>
			</trkpt>
			<trkpt lat="48.966506" lon="17.839437">
				<ele>443.000000</ele>
			</trkpt>
			<trkpt lat="48.966352" lon="17.839410">
				<ele>446.000000</ele>
			</trkpt>
			<trkpt lat="48.966028" lon="17.839392">
				<ele>451.000000</ele>
			</trkpt>
			<trkpt lat="48.965326" lon="17.839337">
				<ele>461.000000</ele>
			</trkpt>
			<trkpt lat="48.965238" lon="17.839337">
				<ele>463.000000</ele>
			</trkpt>
			<trkpt lat="48.965155" lon="17.839356">
				<ele>464.000000</ele>
			</trkpt>
			<trkpt lat="48.964949" lon="17.839427">
				<ele>467.000000</ele>
			</trkpt>
			<trkpt lat="48.964784" lon="17.839473">
				<ele>469.000000</ele>
			</trkpt>
			<trkpt lat="48.964648" lon="17.839482">
				<ele>472.000000</ele>
			</trkpt>
			<trkpt lat="48.964406" lon="17.839427">
				<ele>476.000000</ele>
			</trkpt>
			<trkpt lat="48.964212" lon="17.839356">
				<ele>481.000000</ele>
			</trkpt>
			<trkpt lat="48.964005" lon="17.839247">
				<ele>486.000000</ele>
			</trkpt>
			<trkpt lat="48.963769" lon="17.839104">
				<ele>491.000000</ele>
			</trkpt>
			<trkpt lat="48.963669" lon="17.839033">
				<ele>493.000000</ele>
			</trkpt>
			<trkpt lat="48.963492" lon="17.838897">
				<ele>498.000000</ele>
			</trkpt>
			<trkpt lat="48.963421" lon="17.838853">
				<ele>499.000000</ele>
			</trkpt>
			<trkpt lat="48.963345" lon="17.838834">
				<ele>501.000000</ele>
			</trkpt>
			<trkpt lat="48.962955" lon="17.838781">
				<ele>508.000000</ele>
			</trkpt>
			<trkpt lat="48.962731" lon="17.838781">
				<ele>514.000000</ele>
			</trkpt>
			<trkpt lat="48.962643" lon="17.838790">
				<ele>515.000000</ele>
			</trkpt>
			<trkpt lat="48.962578" lon="17.838817">
				<ele>516.000000</ele>
			</trkpt>
			<trkpt lat="48.962354" lon="17.838924">
				<ele>521.000000</ele>
			</trkpt>
			<trkpt lat="48.962242" lon="17.838960">
				<ele>523.000000</ele>
			</trkpt>
			<trkpt lat="48.962171" lon="17.838970">
				<ele>524.000000</ele>
			</trkpt>
			<trkpt lat="48.962100" lon="17.838978">
				<ele>526.000000</ele>
			</trkpt>
			<trkpt lat="48.962012" lon="17.838960">
				<ele>527.000000</ele>
			</trkpt>
			<trkpt lat="48.961911" lon="17.838943">
				<ele>529.000000</ele>
			</trkpt>
			<trkpt lat="48.961693" lon="17.838897">
				<ele>533.000000</ele>
			</trkpt>
			<trkpt lat="48.961563" lon="17.838853">
				<ele>536.000000</ele>
			</trkpt>
			<trkpt lat="48.961463" lon="17.838808">
				<ele>538.000000</ele>
			</trkpt>
			<trkpt lat="48.961375" lon="17.838790">
				<ele>539.000000</ele>
			</trkpt>
			<trkpt lat="48.961274" lon="17.838781">
				<ele>541.000000</ele>
			</trkpt>
			<trkpt lat="48.961133" lon="17.838798">
				<ele>544.000000</ele>
			</trkpt>
			<trkpt lat="48.961021" lon="17.838808">
				<ele>546.000000</ele>
			</trkpt>
			<trkpt lat="48.960915" lon="17.838790">
				<ele>549.000000</ele>
			</trkpt>
			<trkpt lat="48.960561" lon="17.838673">
				<ele>556.000000</ele>
			</trkpt>
			<trkpt lat="48.960272" lon="17.838574">
				<ele>561.000000</ele>
			</trkpt>
			<trkpt lat="48.960136" lon="17.838538">
				<ele>563.000000</ele>
			</trkpt>
			<trkpt lat="48.960048" lon="17.838547">
				<ele>564.000000</ele>
			</trkpt>
			<trkpt lat="48.959977" lon="17.838574">
				<ele>565.000000</ele>
			</trkpt>
			<trkpt lat="48.959883" lon="17.838637">
				<ele>567.000000</ele>
			</trkpt>
			<trkpt lat="48.959799" lon="17.838700">
				<ele>568.000000</ele>
			</trkpt>
			<trkpt lat="48.959628" lon="17.838880">
				<ele>572.000000</ele>
			</trkpt>
			<trkpt lat="48.959363" lon="17.839060">
				<ele>576.000000</ele>
			</trkpt>
			<trkpt lat="48.959240" lon="17.839158">
				<ele>578.000000</ele>
			</trkpt>
			<trkpt lat="48.959133" lon="17.839274">
				<ele>579.000000</ele>
			</trkpt>
			<trkpt lat="48.958531" lon="17.839922">
				<ele>589.000000</ele>
			</trkpt>
			<trkpt lat="48.958426" lon="17.840039">
				<ele>590.000000</ele>
			</trkpt>
			<trkpt lat="48.958308" lon="17.840182">
				<ele>591.000000</ele>
			</trkpt>
			<trkpt lat="48.958261" lon="17.840228">
				<ele>591.000000</ele>
			</trkpt>
			<trkpt lat="48.958196" lon="17.840263">
				<ele>591.000000</ele>
			</trkpt>
			<trkpt lat="48.958059" lon="17.840308">
				<ele>592.000000</ele>
			</trkpt>
			<trkpt lat="48.957942" lon="17.840379">
				<ele>592.000000</ele>
			</trkpt>
			<trkpt lat="48.957835" lon="17.840461">
				<ele>593.000000</ele>
			</trkpt>
			<trkpt lat="48.957647" lon="17.840595">
				<ele>593.000000</ele>
			</trkpt>
			<trkpt lat="48.957487" lon="17.840712">
				<ele>594.000000</ele>
			</trkpt>
			<trkpt lat="48.957393" lon="17.840766">
				<ele>594.000000</ele>
			</trkpt>
			<trkpt lat="48.957305" lon="17.840784">
				<ele>594.000000</ele>
			</trkpt>
			<trkpt lat="48.957104" lon="17.840811">
				<ele>595.000000</ele>
			</trkpt>
			<trkpt lat="48.956850" lon="17.840811">
				<ele>597.000000</ele>
			</trkpt>
			<trkpt lat="48.956591" lon="17.840802">
				<ele>599.000000</ele>
			</trkpt>
			<trkpt lat="48.956455" lon="17.840802">
				<ele>600.000000</ele>
			</trkpt>
			<trkpt lat="48.956314" lon="17.840838">
				<ele>601.000000</ele>
			</trkpt>
			<trkpt lat="48.956178" lon="17.840901">
				<ele>602.000000</ele>
			</trkpt>
			<trkpt lat="48.955966" lon="17.841008">
				<ele>603.000000</ele>
			</trkpt>
			<trkpt lat="48.955783" lon="17.841090">
				<ele>605.000000</ele>
			</trkpt>
			<trkpt lat="48.955582" lon="17.841152">
				<ele>606.000000</ele>
			</trkpt>
			<trkpt lat="48.955258" lon="17.841242">
				<ele>608.000000</ele>
			</trkpt>
			<trkpt lat="48.955016" lon="17.841314">
				<ele>609.000000</ele>
			</trkpt>
			<trkpt lat="48.954851" lon="17.841360">
				<ele>609.000000</ele>
			</trkpt>
			<trkpt lat="48.954686" lon="17.841377">
				<ele>610.000000</ele>
			</trkpt>
			<trkpt lat="48.954579" lon="17.841377">
				<ele>611.000000</ele>
			</trkpt>
			<trkpt lat="48.954355" lon="17.841386">
				<ele>612.000000</ele>
			</trkpt>
			<trkpt lat="48.953913" lon="17.841395">
				<ele>614.000000</ele>
			</trkpt>
			<trkpt lat="48.953636" lon="17.841395">
				<ele>615.000000</ele>
			</trkpt>
			<trkpt lat="48.953494" lon="17.841377">
				<ele>616.000000</ele>
			</trkpt>
			<trkpt lat="48.953347" lon="17.841341">
				<ele>617.000000</ele>
			</trkpt>
			<trkpt lat="48.952910" lon="17.841161">
				<ele>619.000000</ele>
			</trkpt>
			<trkpt lat="48.952745" lon="17.841117">
				<ele>620.000000</ele>
			</trkpt>
			<trkpt lat="48.952556" lon="17.841045">
				<ele>622.000000</ele>
			</trkpt>
			<trkpt lat="48.952226" lon="17.840918">
				<ele>626.000000</ele>
			</trkpt>
			<trkpt lat="48.952067" lon="17.840882">
				<ele>628.000000</ele>
			</trkpt>
			<trkpt lat="48.951878" lon="17.840847">
				<ele>631.000000</ele>
			</trkpt>
			<trkpt lat="48.951660" lon="17.840855">
				<ele>635.000000</ele>
			</trkpt>
			<trkpt lat="48.951306" lon="17.840649">
				<ele>637.000000</ele>
			</trkpt>
			<trkpt lat="48.950887" lon="17.840461">
				<ele>640.000000</ele>
			</trkpt>
			<trkpt lat="48.950131" lon="17.840129">
				<ele>647.000000</ele>
			</trkpt>
			<trkpt lat="48.949825" lon="17.840002">
				<ele>650.000000</ele>
			</trkpt>
			<trkpt lat="48.949524" lon="17.839903">
				<ele>653.000000</ele>
			</trkpt>
			<trkpt lat="48.949152" lon="17.839706">
				<ele>657.000000</ele>
			</trkpt>
			<trkpt lat="48.948828" lon="17.839400">
				<ele>660.000000</ele>
			</trkpt>
			<trkpt lat="48.948739" lon="17.839310">
				<ele>661.000000</ele>
			</trkpt>
			<trkpt lat="48.948686" lon="17.839230">
				<ele>662.000000</ele>
			</trkpt>
			<trkpt lat="48.948633" lon="17.839131">
				<ele>662.000000</ele>
			</trkpt>
			<trkpt lat="48.948604" lon="17.839023">
				<ele>663.000000</ele>
			</trkpt>
			<trkpt lat="48.948568" lon="17.838880">
				<ele>663.000000</ele>
			</trkpt>
			<trkpt lat="48.948545" lon="17.838718">
				<ele>664.000000</ele>
			</trkpt>
			<trkpt lat="48.948533" lon="17.838467">
				<ele>665.000000</ele>
			</trkpt>
			<trkpt lat="48.948533" lon="17.838232">
				<ele>666.000000</ele>
			</trkpt>
			<trkpt lat="48.948556" lon="17.837991">
				<ele>667.000000</ele>
			</trkpt>
			<trkpt lat="48.948598" lon="17.837721">
				<ele>668.000000</ele>
			</trkpt>
			<trkpt lat="48.948391" lon="17.838341">
				<ele>671.000000</ele>
			</trkpt>
			<trkpt lat="48.948285" lon="17.838647">
				<ele>673.000000</ele>
			</trkpt>
			<trkpt lat="48.948155" lon="17.838951">
				<ele>675.000000</ele>
			</trkpt>
			<trkpt lat="48.948014" lon="17.839247">
				<ele>677.000000</ele>
			</trkpt>
			<trkpt lat="48.947943" lon="17.839364">
				<ele>678.000000</ele>
			</trkpt>
			<trkpt lat="48.947878" lon="17.839446">
				<ele>678.000000</ele>
			</trkpt>
			<trkpt lat="48.947819" lon="17.839482">
				<ele>679.000000</ele>
			</trkpt>
			<trkpt lat="48.947736" lon="17.839500">
				<ele>679.000000</ele>
			</trkpt>
			<trkpt lat="48.947642" lon="17.839500">
				<ele>680.000000</ele>
			</trkpt>
			<trkpt lat="48.947666" lon="17.839284">
				<ele>681.000000</ele>
			</trkpt>
			<trkpt lat="48.947754" lon="17.838448">
				<ele>686.000000</ele>
			</trkpt>
			<trkpt lat="48.947937" lon="17.836723">
				<ele>696.000000</ele>
			</trkpt>
			<trkpt lat="48.947919" lon="17.836697">
				<ele>697.000000</ele>
			</trkpt>
			<trkpt lat="48.947902" lon="17.836660">
				<ele>697.000000</ele>
			</trkpt>
			<trkpt lat="48.947896" lon="17.836616">
				<ele>697.000000</ele>
			</trkpt>
			<trkpt lat="48.947896" lon="17.836563">
				<ele>697.000000</ele>
			</trkpt>
			<trkpt lat="48.947919" lon="17.836454">
				<ele>698.000000</ele>
			</trkpt>
			<trkpt lat="48.947978" lon="17.836238">
				<ele>700.000000</ele>
			</trkpt>
			<trkpt lat="48.948037" lon="17.835970">
				<ele>701.000000</ele>
			</trkpt>
			<trkpt lat="48.948073" lon="17.835735">
				<ele>703.000000</ele>
			</trkpt>
			<trkpt lat="48.948084" lon="17.835475">
				<ele>705.000000</ele>
			</trkpt>
			<trkpt lat="48.948096" lon="17.834936">
				<ele>709.000000</ele>
			</trkpt>
			<trkpt lat="48.948090" lon="17.834810">
				<ele>710.000000</ele>
			</trkpt>
			<trkpt lat="48.948067" lon="17.834685">
				<ele>711.000000</ele>
			</trkpt>
			<trkpt lat="48.948037" lon="17.834559">
				<ele>712.000000</ele>
			</trkpt>
			<trkpt lat="48.947996" lon="17.834460">
				<ele>712.000000</ele>
			</trkpt>
			<trkpt lat="48.947907" lon="17.834352">
				<ele>714.000000</ele>
			</trkpt>
			<trkpt lat="48.947896" lon="17.834334">
				<ele>714.000000</ele>
			</trkpt>
			<trkpt lat="48.947837" lon="17.834263">
				<ele>715.000000</ele>
			</trkpt>
			<trkpt lat="48.947766" lon="17.834217">
				<ele>715.000000</ele>
			</trkpt>
			<trkpt lat="48.947612" lon="17.834127">
				<ele>717.000000</ele>
			</trkpt>
			<trkpt lat="48.947430" lon="17.834064">
				<ele>719.000000</ele>
			</trkpt>
			<trkpt lat="48.947229" lon="17.834037">
				<ele>720.000000</ele>
			</trkpt>
			<trkpt lat="48.944675" lon="17.833786">
				<ele>745.000000</ele>
			</trkpt>
			<trkpt lat="48.944580" lon="17.833777">
				<ele>746.000000</ele>
			</trkpt>
			<trkpt lat="48.944420" lon="17.833741">
				<ele>746.000000</ele>
			</trkpt>
			<trkpt lat="48.944297" lon="17.833706">
				<ele>747.000000</ele>
			</trkpt>
			<trkpt lat="48.944173" lon="17.833634">
				<ele>747.000000</ele>
			</trkpt>
			<trkpt lat="48.943648" lon="17.833265">
				<ele>749.000000</ele>
			</trkpt>
			<trkpt lat="48.943500" lon="17.833167">
				<ele>750.000000</ele>
			</trkpt>
			<trkpt lat="48.943329" lon="17.833077">
				<ele>751.000000</ele>
			</trkpt>
			<trkpt lat="48.943146" lon="17.832987">
				<ele>751.000000</ele>
			</trkpt>
			<trkpt lat="48.942727" lon="17.832789">
				<ele>753.000000</ele>
			</trkpt>
			<trkpt lat="48.941901" lon="17.832331">
				<ele>758.000000</ele>
			</trkpt>
			<trkpt lat="48.941459" lon="17.832115">
				<ele>761.000000</ele>
			</trkpt>
			<trkpt lat="48.941471" lon="17.831936">
				<ele>761.000000</ele>
			</trkpt>
			<trkpt lat="48.941465" lon="17.831773">
				<ele>762.000000</ele>
			</trkpt>
			<trkpt lat="48.941441" lon="17.831622">
				<ele>762.000000</ele>
			</trkpt>
			<trkpt lat="48.941412" lon="17.831442">
				<ele>763.000000</ele>
			</trkpt>
			<trkpt lat="48.941376" lon="17.831297">
				<ele>764.000000</ele>
			</trkpt>
			<trkpt lat="48.941317" lon="17.831118">
				<ele>764.000000</ele>
			</trkpt>
			<trkpt lat="48.941093" lon="17.830507">
				<ele>767.000000</ele>
			</trkpt>
			<trkpt lat="48.940916" lon="17.830005">
				<ele>768.000000</ele>
			</trkpt>
			<trkpt lat="48.940809" lon="17.829600">
				<ele>770.000000</ele>
			</trkpt>
			<trkpt lat="48.940769" lon="17.829420">
				<ele>770.000000</ele>
			</trkpt>
			<trkpt lat="48.940733" lon="17.829232">
				<ele>771.000000</ele>
			</trkpt>
			<trkpt lat="48.940716" lon="17.829052">
				<ele>772.000000</ele>
			</trkpt>
			<trkpt lat="48.940710" lon="17.828899">
				<ele>772.000000</ele>
			</trkpt>
			<trkpt lat="48.940697" lon="17.828584">
				<ele>773.000000</ele>
			</trkpt>
			<trkpt lat="48.940703" lon="17.828297">
				<ele>774.000000</ele>
			</trkpt>
			<trkpt lat="48.940721" lon="17.828037">
				<ele>775.000000</ele>
			</trkpt>
			<trkpt lat="48.940745" lon="17.827794">
				<ele>775.000000</ele>
			</trkpt>
			<trkpt lat="48.940786" lon="17.827570">
				<ele>776.000000</ele>
			</trkpt>
			<trkpt lat="48.940839" lon="17.827328">
				<ele>776.000000</ele>
			</trkpt>
			<trkpt lat="48.941005" lon="17.826636">
				<ele>777.000000</ele>
			</trkpt>
			<trkpt lat="48.941176" lon="17.825989">
				<ele>777.000000</ele>
			</trkpt>
			<trkpt lat="48.941294" lon="17.825576">
				<ele>778.000000</ele>
			</trkpt>
			<trkpt lat="48.941370" lon="17.825360">
				<ele>778.000000</ele>
			</trkpt>
			<trkpt lat="48.941447" lon="17.825162">
				<ele>778.000000</ele>
			</trkpt>
			<trkpt lat="48.941665" lon="17.824668">
				<ele>779.000000</ele>
			</trkpt>
			<trkpt lat="48.942131" lon="17.823644">
				<ele>781.000000</ele>
			</trkpt>
			<trkpt lat="48.942379" lon="17.823051">
				<ele>784.000000</ele>
			</trkpt>
			<trkpt lat="48.942474" lon="17.822818">
				<ele>785.000000</ele>
			</trkpt>
			<trkpt lat="48.942562" lon="17.822548">
				<ele>785.000000</ele>
			</trkpt>
			<trkpt lat="48.942621" lon="17.822305">
				<ele>785.000000</ele>
			</trkpt>
			<trkpt lat="48.942668" lon="17.822045">
				<ele>785.000000</ele>
			</trkpt>
			<trkpt lat="48.942698" lon="17.821749">
				<ele>785.000000</ele>
			</trkpt>
			<trkpt lat="48.942710" lon="17.821408">
				<ele>785.000000</ele>
			</trkpt>
			<trkpt lat="48.942692" lon="17.821049">
				<ele>784.000000</ele>
			</trkpt>
			<trkpt lat="48.942645" lon="17.820662">
				<ele>782.000000</ele>
			</trkpt>
			<trkpt lat="48.942603" lon="17.820186">
				<ele>780.000000</ele>
			</trkpt>
			<trkpt lat="48.942586" lon="17.819745">
				<ele>777.000000</ele>
			</trkpt>
			<trkpt lat="48.942598" lon="17.819324">
				<ele>775.000000</ele>
			</trkpt>
			<trkpt lat="48.942621" lon="17.819089">
				<ele>774.000000</ele>
			</trkpt>
			<trkpt lat="48.942645" lon="17.818865">
				<ele>773.000000</ele>
			</trkpt>
			<trkpt lat="48.942721" lon="17.818399">
				<ele>770.000000</ele>
			</trkpt>
			<trkpt lat="48.942822" lon="17.817940">
				<ele>767.000000</ele>
			</trkpt>
			<trkpt lat="48.942934" lon="17.817473">
				<ele>765.000000</ele>
			</trkpt>
			<trkpt lat="48.943211" lon="17.816439">
				<ele>765.000000</ele>
			</trkpt>
			<trkpt lat="48.943453" lon="17.815577">
				<ele>765.000000</ele>
			</trkpt>
			<trkpt lat="48.943618" lon="17.815038">
				<ele>765.000000</ele>
			</trkpt>
			<trkpt lat="48.943795" lon="17.814571">
				<ele>765.000000</ele>
			</trkpt>
			<trkpt lat="48.943901" lon="17.814302">
				<ele>765.000000</ele>
			</trkpt>
			<trkpt lat="48.944002" lon="17.814059">
				<ele>766.000000</ele>
			</trkpt>
			<trkpt lat="48.944120" lon="17.813835">
				<ele>767.000000</ele>
			</trkpt>
			<trkpt lat="48.944338" lon="17.813395">
				<ele>768.000000</ele>
			</trkpt>
			<trkpt lat="48.944563" lon="17.812990">
				<ele>770.000000</ele>
			</trkpt>
			<trkpt lat="48.945430" lon="17.811382">
				<ele>775.000000</ele>
			</trkpt>
			<trkpt lat="48.945607" lon="17.811041">
				<ele>775.000000</ele>
			</trkpt>
			<trkpt lat="48.945760" lon="17.810690">
				<ele>775.000000</ele>
			</trkpt>
			<trkpt lat="48.946020" lon="17.810053">
				<ele>775.000000</ele>
			</trkpt>
			<trkpt lat="48.946238" lon="17.809424">
				<ele>775.000000</ele>
			</trkpt>
			<trkpt lat="48.946309" lon="17.809217">
				<ele>775.000000</ele>
			</trkpt>
			<trkpt lat="48.946415" lon="17.808930">
				<ele>775.000000</ele>
			</trkpt>
			<trkpt lat="48.946539" lon="17.808642">
				<ele>775.000000</ele>
			</trkpt>
			<trkpt lat="48.946680" lon="17.808391">
				<ele>775.000000</ele>
			</trkpt>
			<trkpt lat="48.946828" lon="17.808157">
				<ele>775.000000</ele>
			</trkpt>
			<trkpt lat="48.947005" lon="17.807950">
				<ele>775.000000</ele>
			</trkpt>
			<trkpt lat="48.947377" lon="17.807529">
				<ele>772.000000</ele>
			</trkpt>
			<trkpt lat="48.947017" lon="17.807420">
				<ele>776.000000</ele>
			</trkpt>
			<trkpt lat="48.946338" lon="17.807170">
				<ele>778.000000</ele>
			</trkpt>
			<trkpt lat="48.946037" lon="17.807070">
				<ele>779.000000</ele>
			</trkpt>
			<trkpt lat="48.945725" lon="17.806963">
				<ele>780.000000</ele>
			</trkpt>
			<trkpt lat="48.945518" lon="17.806864">
				<ele>780.000000</ele>
			</trkpt>
			<trkpt lat="48.945318" lon="17.806747">
				<ele>780.000000</ele>
			</trkpt>
			<trkpt lat="48.945105" lon="17.806585">
				<ele>780.000000</ele>
			</trkpt>
			<trkpt lat="48.944999" lon="17.806495">
				<ele>780.000000</ele>
			</trkpt>
			<trkpt lat="48.944917" lon="17.806451">
				<ele>780.000000</ele>
			</trkpt>
			<trkpt lat="48.944845" lon="17.806424">
				<ele>780.000000</ele>
			</trkpt>
			<trkpt lat="48.944769" lon="17.806405">
				<ele>780.000000</ele>
			</trkpt>
			<trkpt lat="48.944556" lon="17.806837">
				<ele>779.000000</ele>
			</trkpt>
			<trkpt lat="48.944385" lon="17.806873">
				<ele>776.000000</ele>
			</trkpt>
			<trkpt lat="48.944249" lon="17.806917">
				<ele>774.000000</ele>
			</trkpt>
			<trkpt lat="48.944084" lon="17.807034">
				<ele>771.000000</ele>
			</trkpt>
			<trkpt lat="48.944019" lon="17.807043">
				<ele>769.000000</ele>
			</trkpt>
			<trkpt lat="48.943966" lon="17.807043">
				<ele>768.000000</ele>
			</trkpt>
			<trkpt lat="48.943907" lon="17.806998">
				<ele>767.000000</ele>
			</trkpt>
			<trkpt lat="48.943854" lon="17.806927">
				<ele>766.000000</ele>
			</trkpt>
			<trkpt lat="48.943713" lon="17.806738">
				<ele>764.000000</ele>
			</trkpt>
			<trkpt lat="48.943612" lon="17.806621">
				<ele>762.000000</ele>
			</trkpt>
			<trkpt lat="48.943353" lon="17.806388">
				<ele>759.000000</ele>
			</trkpt>
			<trkpt lat="48.943211" lon="17.806262">
				<ele>757.000000</ele>
			</trkpt>
			<trkpt lat="48.943105" lon="17.806307">
				<ele>755.000000</ele>
			</trkpt>
			<trkpt lat="48.943034" lon="17.806334">
				<ele>754.000000</ele>
			</trkpt>
			<trkpt lat="48.942957" lon="17.806342">
				<ele>753.000000</ele>
			</trkpt>
			<trkpt lat="48.942851" lon="17.806307">
				<ele>751.000000</ele>
			</trkpt>
			<trkpt lat="48.942639" lon="17.806244">
				<ele>748.000000</ele>
			</trkpt>
			<trkpt lat="48.942155" lon="17.806038">
				<ele>740.000000</ele>
			</trkpt>
			<trkpt lat="48.942013" lon="17.805948">
				<ele>737.000000</ele>
			</trkpt>
			<trkpt lat="48.941901" lon="17.805858">
				<ele>735.000000</ele>
			</trkpt>
			<trkpt lat="48.941583" lon="17.805570">
				<ele>731.000000</ele>
			</trkpt>
			<trkpt lat="48.941435" lon="17.805436">
				<ele>729.000000</ele>
			</trkpt>
			<trkpt lat="48.941317" lon="17.805346">
				<ele>728.000000</ele>
			</trkpt>
			<trkpt lat="48.941211" lon="17.805292">
				<ele>727.000000</ele>
			</trkpt>
			<trkpt lat="48.941070" lon="17.805229">
				<ele>725.000000</ele>
			</trkpt>
			<trkpt lat="48.940927" lon="17.805166">
				<ele>724.000000</ele>
			</trkpt>
			<trkpt lat="48.940680" lon="17.804986">
				<ele>720.000000</ele>
			</trkpt>
			<trkpt lat="48.940497" lon="17.804833">
				<ele>718.000000</ele>
			</trkpt>
			<trkpt lat="48.940373" lon="17.804707">
				<ele>716.000000</ele>
			</trkpt>
			<trkpt lat="48.940267" lon="17.804591">
				<ele>715.000000</ele>
			</trkpt>
			<trkpt lat="48.940160" lon="17.804465">
				<ele>713.000000</ele>
			</trkpt>
			<trkpt lat="48.940066" lon="17.804321">
				<ele>712.000000</ele>
			</trkpt>
			<trkpt lat="48.939972" lon="17.804151">
				<ele>710.000000</ele>
			</trkpt>
			<trkpt lat="48.939877" lon="17.803971">
				<ele>708.000000</ele>
			</trkpt>
			<trkpt lat="48.939801" lon="17.803801">
				<ele>706.000000</ele>
			</trkpt>
			<trkpt lat="48.939647" lon="17.803388">
				<ele>702.000000</ele>
			</trkpt>
			<trkpt lat="48.939399" lon="17.802560">
				<ele>695.000000</ele>
			</trkpt>
			<trkpt lat="48.939329" lon="17.802399">
				<ele>694.000000</ele>
			</trkpt>
			<trkpt lat="48.939264" lon="17.802229">
				<ele>693.000000</ele>
			</trkpt>
			<trkpt lat="48.939158" lon="17.802030">
				<ele>692.000000</ele>
			</trkpt>
			<trkpt lat="48.939063" lon="17.801887">
				<ele>692.000000</ele>
			</trkpt>
			<trkpt lat="48.938927" lon="17.801707">
				<ele>691.000000</ele>
			</trkpt>
			<trkpt lat="48.938792" lon="17.801573">
				<ele>690.000000</ele>
			</trkpt>
			<trkpt lat="48.938627" lon="17.801375">
				<ele>690.000000</ele>
			</trkpt>
			<trkpt lat="48.938520" lon="17.801267">
				<ele>690.000000</ele>
			</trkpt>
			<trkpt lat="48.938414" lon="17.801195">
				<ele>690.000000</ele>
			</trkpt>
			<trkpt lat="48.938320" lon="17.801178">
				<ele>691.000000</ele>
			</trkpt>
			<trkpt lat="48.938060" lon="17.800998">
				<ele>694.000000</ele>
			</trkpt>
			<trkpt lat="48.938001" lon="17.800944">
				<ele>695.000000</ele>
			</trkpt>
			<trkpt lat="48.937936" lon="17.800881">
				<ele>697.000000</ele>
			</trkpt>
			<trkpt lat="48.937824" lon="17.800711">
				<ele>700.000000</ele>
			</trkpt>
			<trkpt lat="48.937730" lon="17.800531">
				<ele>703.000000</ele>
			</trkpt>
			<trkpt lat="48.937422" lon="17.799938">
				<ele>715.000000</ele>
			</trkpt>
			<trkpt lat="48.937334" lon="17.799793">
				<ele>718.000000</ele>
			</trkpt>
			<trkpt lat="48.937240" lon="17.799659">
				<ele>721.000000</ele>
			</trkpt>
			<trkpt lat="48.937222" lon="17.799246">
				<ele>725.000000</ele>
			</trkpt>
			<trkpt lat="48.937199" lon="17.799138">
				<ele>727.000000</ele>
			</trkpt>
			<trkpt lat="48.937163" lon="17.799021">
				<ele>729.000000</ele>
			</trkpt>
			<trkpt lat="48.937081" lon="17.798797">
				<ele>734.000000</ele>
			</trkpt>
			<trkpt lat="48.937028" lon="17.798644">
				<ele>737.000000</ele>
			</trkpt>
			<trkpt lat="48.936986" lon="17.798491">
				<ele>740.000000</ele>
			</trkpt>
			<trkpt lat="48.936962" lon="17.798321">
				<ele>742.000000</ele>
			</trkpt>
			<trkpt lat="48.936939" lon="17.797998">
				<ele>746.000000</ele>
			</trkpt>
			<trkpt lat="48.936880" lon="17.797315">
				<ele>755.000000</ele>
			</trkpt>
			<trkpt lat="48.936827" lon="17.796893">
				<ele>761.000000</ele>
			</trkpt>
			<trkpt lat="48.936691" lon="17.795967">
				<ele>775.000000</ele>
			</trkpt>
			<trkpt lat="48.936644" lon="17.795715">
				<ele>779.000000</ele>
			</trkpt>
			<trkpt lat="48.936585" lon="17.795464">
				<ele>783.000000</ele>
			</trkpt>
			<trkpt lat="48.936355" lon="17.794476">
				<ele>796.000000</ele>
			</trkpt>
			<trkpt lat="48.936290" lon="17.794233">
				<ele>798.000000</ele>
			</trkpt>
			<trkpt lat="48.936213" lon="17.793982">
				<ele>800.000000</ele>
			</trkpt>
			<trkpt lat="48.935953" lon="17.793237">
				<ele>806.000000</ele>
			</trkpt>
			<trkpt lat="48.935263" lon="17.791269">
				<ele>820.000000</ele>
			</trkpt>
			<trkpt lat="48.934850" lon="17.790155">
				<ele>830.000000</ele>
			</trkpt>
			<trkpt lat="48.934673" lon="17.789669">
				<ele>835.000000</ele>
			</trkpt>
			<trkpt lat="48.934318" lon="17.788772">
				<ele>841.000000</ele>
			</trkpt>
			<trkpt lat="48.933610" lon="17.787119">
				<ele>843.000000</ele>
			</trkpt>
			<trkpt lat="48.933250" lon="17.786239">
				<ele>839.000000</ele>
			</trkpt>
			<trkpt lat="48.932896" lon="17.785277">
				<ele>836.000000</ele>
			</trkpt>
			<trkpt lat="48.932749" lon="17.784901">
				<ele>835.000000</ele>
			</trkpt>
			<trkpt lat="48.932578" lon="17.784522">
				<ele>835.000000</ele>
			</trkpt>
			<trkpt lat="48.932454" lon="17.784316">
				<ele>835.000000</ele>
			</trkpt>
			<trkpt lat="48.932383" lon="17.784226">
				<ele>835.000000</ele>
			</trkpt>
			<trkpt lat="48.932312" lon="17.784145">
				<ele>835.000000</ele>
			</trkpt>
			<trkpt lat="48.932230" lon="17.784056">
				<ele>835.000000</ele>
			</trkpt>
			<trkpt lat="48.932129" lon="17.783983">
				<ele>835.000000</ele>
			</trkpt>
			<trkpt lat="48.931646" lon="17.783651">
				<ele>835.000000</ele>
			</trkpt>
			<trkpt lat="48.931221" lon="17.783346">
				<ele>837.000000</ele>
			</trkpt>
			<trkpt lat="48.930819" lon="17.783085">
				<ele>840.000000</ele>
			</trkpt>
			<trkpt lat="48.930418" lon="17.782834">
				<ele>843.000000</ele>
			</trkpt>
			<trkpt lat="48.930011" lon="17.782591">
				<ele>846.000000</ele>
			</trkpt>
			<trkpt lat="48.929456" lon="17.782285">
				<ele>851.000000</ele>
			</trkpt>
			<trkpt lat="48.928358" lon="17.781719">
				<ele>860.000000</ele>
			</trkpt>
			<trkpt lat="48.928111" lon="17.781612">
				<ele>861.000000</ele>
			</trkpt>
			<trkpt lat="48.927880" lon="17.781505">
				<ele>862.000000</ele>
			</trkpt>
			<trkpt lat="48.927656" lon="17.781423">
				<ele>863.000000</ele>
			</trkpt>
			<trkpt lat="48.927449" lon="17.781369">
				<ele>864.000000</ele>
			</trkpt>
			<trkpt lat="48.926995" lon="17.781262">
				<ele>865.000000</ele>
			</trkpt>
			<trkpt lat="48.926062" lon="17.781119">
				<ele>862.000000</ele>
			</trkpt>
			<trkpt lat="48.925809" lon="17.781090">
				<ele>862.000000</ele>
			</trkpt>
			<trkpt lat="48.925702" lon="17.781100">
				<ele>861.000000</ele>
			</trkpt>
			<trkpt lat="48.925596" lon="17.781109">
				<ele>861.000000</ele>
			</trkpt>
			<trkpt lat="48.925495" lon="17.781136">
				<ele>861.000000</ele>
			</trkpt>
			<trkpt lat="48.925377" lon="17.781190">
				<ele>860.000000</ele>
			</trkpt>
			<trkpt lat="48.925112" lon="17.781325">
				<ele>860.000000</ele>
			</trkpt>
			<trkpt lat="48.924923" lon="17.781432">
				<ele>860.000000</ele>
			</trkpt>
			<trkpt lat="48.924693" lon="17.781585">
				<ele>860.000000</ele>
			</trkpt>
			<trkpt lat="48.924522" lon="17.781702">
				<ele>860.000000</ele>
			</trkpt>
			<trkpt lat="48.924174" lon="17.781918">
				<ele>860.000000</ele>
			</trkpt>
			<trkpt lat="48.923323" lon="17.782438">
				<ele>861.000000</ele>
			</trkpt>
			<trkpt lat="48.923046" lon="17.782591">
				<ele>863.000000</ele>
			</trkpt>
			<trkpt lat="48.922727" lon="17.782744">
				<ele>865.000000</ele>
			</trkpt>
			<trkpt lat="48.922131" lon="17.783058">
				<ele>869.000000</ele>
			</trkpt>
			<trkpt lat="48.921936" lon="17.783130">
				<ele>870.000000</ele>
			</trkpt>
			<trkpt lat="48.921742" lon="17.783184">
				<ele>871.000000</ele>
			</trkpt>
			<trkpt lat="48.921428" lon="17.783264">
				<ele>872.000000</ele>
			</trkpt>
			<trkpt lat="48.921169" lon="17.783293">
				<ele>872.000000</ele>
			</trkpt>
			<trkpt lat="48.920909" lon="17.783293">
				<ele>873.000000</ele>
			</trkpt>
			<trkpt lat="48.920531" lon="17.783238">
				<ele>874.000000</ele>
			</trkpt>
			<trkpt lat="48.920225" lon="17.783220">
				<ele>875.000000</ele>
			</trkpt>
			<trkpt lat="48.919752" lon="17.783211">
				<ele>877.000000</ele>
			</trkpt>
			<trkpt lat="48.919528" lon="17.783203">
				<ele>879.000000</ele>
			</trkpt>
			<trkpt lat="48.919345" lon="17.783148">
				<ele>880.000000</ele>
			</trkpt>
			<trkpt lat="48.919198" lon="17.783085">
				<ele>881.000000</ele>
			</trkpt>
			<trkpt lat="48.918867" lon="17.782941">
				<ele>884.000000</ele>
			</trkpt>
			<trkpt lat="48.918678" lon="17.782861">
				<ele>887.000000</ele>
			</trkpt>
			<trkpt lat="48.918312" lon="17.782744">
				<ele>892.000000</ele>
			</trkpt>
			<trkpt lat="48.917928" lon="17.782654">
				<ele>897.000000</ele>
			</trkpt>
			<trkpt lat="48.917551" lon="17.782609">
				<ele>902.000000</ele>
			</trkpt>
			<trkpt lat="48.916824" lon="17.782547">
				<ele>910.000000</ele>
			</trkpt>
			<trkpt lat="48.916771" lon="17.782528">
				<ele>910.000000</ele>
			</trkpt>
			<trkpt lat="48.916736" lon="17.782492">
				<ele>910.000000</ele>
			</trkpt>
			<trkpt lat="48.916718" lon="17.782457">
				<ele>910.000000</ele>
			</trkpt>
			<trkpt lat="48.916659" lon="17.782285">
				<ele>909.000000</ele>
			</trkpt>
			<trkpt lat="48.916624" lon="17.782232">
				<ele>908.000000</ele>
			</trkpt>
			<trkpt lat="48.916588" lon="17.782187">
				<ele>907.000000</ele>
			</trkpt>
			<trkpt lat="48.916511" lon="17.782106">
				<ele>906.000000</ele>
			</trkpt>
			<trkpt lat="48.916441" lon="17.782016">
				<ele>905.000000</ele>
			</trkpt>
			<trkpt lat="48.916216" lon="17.781648">
				<ele>898.000000</ele>
			</trkpt>
			<trkpt lat="48.916104" lon="17.781469">
				<ele>896.000000</ele>
			</trkpt>
			<trkpt lat="48.916027" lon="17.781306">
				<ele>893.000000</ele>
			</trkpt>
			<trkpt lat="48.915951" lon="17.781153">
				<ele>891.000000</ele>
			</trkpt>
			<trkpt lat="48.915874" lon="17.780956">
				<ele>888.000000</ele>
			</trkpt>
			<trkpt lat="48.915803" lon="17.780794">
				<ele>885.000000</ele>
			</trkpt>
			<trkpt lat="48.915756" lon="17.780677">
				<ele>883.000000</ele>
			</trkpt>
			<trkpt lat="48.915673" lon="17.780570">
				<ele>881.000000</ele>
			</trkpt>
			<trkpt lat="48.915579" lon="17.780435">
				<ele>879.000000</ele>
			</trkpt>
			<trkpt lat="48.915490" lon="17.780327">
				<ele>876.000000</ele>
			</trkpt>
			<trkpt lat="48.915425" lon="17.780211">
				<ele>874.000000</ele>
			</trkpt>
			<trkpt lat="48.915189" lon="17.779752">
				<ele>865.000000</ele>
			</trkpt>
			<trkpt lat="48.915113" lon="17.779635">
				<ele>863.000000</ele>
			</trkpt>
			<trkpt lat="48.915041" lon="17.779545">
				<ele>862.000000</ele>
			</trkpt>
			<trkpt lat="48.914717" lon="17.779258">
				<ele>856.000000</ele>
			</trkpt>
			<trkpt lat="48.914575" lon="17.779096">
				<ele>853.000000</ele>
			</trkpt>
			<trkpt lat="48.914457" lon="17.778945">
				<ele>849.000000</ele>
			</trkpt>
			<trkpt lat="48.914339" lon="17.778773">
				<ele>846.000000</ele>
			</trkpt>
			<trkpt lat="48.914221" lon="17.778549">
				<ele>843.000000</ele>
			</trkpt>
			<trkpt lat="48.913347" lon="17.776806">
				<ele>828.000000</ele>
			</trkpt>
			<trkpt lat="48.913247" lon="17.776419">
				<ele>825.000000</ele>
			</trkpt>
			<trkpt lat="48.913058" lon="17.775629">
				<ele>821.000000</ele>
			</trkpt>
			<trkpt lat="48.913011" lon="17.775423">
				<ele>819.000000</ele>
			</trkpt>
			<trkpt lat="48.912963" lon="17.775163">
				<ele>817.000000</ele>
			</trkpt>
			<trkpt lat="48.912934" lon="17.774928">
				<ele>815.000000</ele>
			</trkpt>
			<trkpt lat="48.912910" lon="17.774677">
				<ele>812.000000</ele>
			</trkpt>
			<trkpt lat="48.912892" lon="17.774282">
				<ele>808.000000</ele>
			</trkpt>
			<trkpt lat="48.912887" lon="17.773482">
				<ele>798.000000</ele>
			</trkpt>
			<trkpt lat="48.912887" lon="17.773177">
				<ele>794.000000</ele>
			</trkpt>
			<trkpt lat="48.912863" lon="17.772844">
				<ele>788.000000</ele>
			</trkpt>
			<trkpt lat="48.912828" lon="17.772494">
				<ele>782.000000</ele>
			</trkpt>
			<trkpt lat="48.912780" lon="17.772144">
				<ele>775.000000</ele>
			</trkpt>
			<trkpt lat="48.912704" lon="17.771785">
				<ele>765.000000</ele>
			</trkpt>
			<trkpt lat="48.912603" lon="17.771452">
				<ele>757.000000</ele>
			</trkpt>
			<trkpt lat="48.912485" lon="17.771146">
				<ele>748.000000</ele>
			</trkpt>
			<trkpt lat="48.912344" lon="17.770886">
				<ele>738.000000</ele>
			</trkpt>
			<trkpt lat="48.912172" lon="17.770590">
				<ele>727.000000</ele>
			</trkpt>
			<trkpt lat="48.911972" lon="17.770303">
				<ele>716.000000</ele>
			</trkpt>
			<trkpt lat="48.911718" lon="17.769987">
				<ele>704.000000</ele>
			</trkpt>
			<trkpt lat="48.911942" lon="17.769341">
				<ele>696.000000</ele>
			</trkpt>
			<trkpt lat="48.912031" lon="17.769045">
				<ele>692.000000</ele>
			</trkpt>
			<trkpt lat="48.912102" lon="17.768793">
				<ele>688.000000</ele>
			</trkpt>
			<trkpt lat="48.912149" lon="17.768532">
				<ele>684.000000</ele>
			</trkpt>
			<trkpt lat="48.912202" lon="17.768263">
				<ele>680.000000</ele>
			</trkpt>
			<trkpt lat="48.912243" lon="17.767985">
				<ele>677.000000</ele>
			</trkpt>
			<trkpt lat="48.912279" lon="17.767661">
				<ele>672.000000</ele>
			</trkpt>
			<trkpt lat="48.912314" lon="17.767437">
				<ele>669.000000</ele>
			</trkpt>
			<trkpt lat="48.912403" lon="17.767077">
				<ele>664.000000</ele>
			</trkpt>
			<trkpt lat="48.912426" lon="17.766861">
				<ele>661.000000</ele>
			</trkpt>
			<trkpt lat="48.912456" lon="17.766305">
				<ele>654.000000</ele>
			</trkpt>
			<trkpt lat="48.912479" lon="17.766071">
				<ele>651.000000</ele>
			</trkpt>
			<trkpt lat="48.912509" lon="17.765882">
				<ele>649.000000</ele>
			</trkpt>
			<trkpt lat="48.912550" lon="17.765695">
				<ele>648.000000</ele>
			</trkpt>
			<trkpt lat="48.912591" lon="17.765542">
				<ele>647.000000</ele>
			</trkpt>
			<trkpt lat="48.912639" lon="17.765379">
				<ele>645.000000</ele>
			</trkpt>
			<trkpt lat="48.912704" lon="17.765253">
				<ele>644.000000</ele>
			</trkpt>
			<trkpt lat="48.912774" lon="17.765039">
				<ele>643.000000</ele>
			</trkpt>
			<trkpt lat="48.912822" lon="17.764823">
				<ele>641.000000</ele>
			</trkpt>
			<trkpt lat="48.912845" lon="17.764589">
				<ele>638.000000</ele>
			</trkpt>
			<trkpt lat="48.912845" lon="17.764328">
				<ele>634.000000</ele>
			</trkpt>
			<trkpt lat="48.912816" lon="17.764058">
				<ele>630.000000</ele>
			</trkpt>
			<trkpt lat="48.912816" lon="17.763915">
				<ele>628.000000</ele>
			</trkpt>
			<trkpt lat="48.912887" lon="17.763592">
				<ele>621.000000</ele>
			</trkpt>
			<trkpt lat="48.912987" lon="17.763205">
				<ele>612.000000</ele>
			</trkpt>
			<trkpt lat="48.913016" lon="17.763106">
				<ele>610.000000</ele>
			</trkpt>
			<trkpt lat="48.913022" lon="17.762999">
				<ele>607.000000</ele>
			</trkpt>
			<trkpt lat="48.913016" lon="17.762909">
				<ele>604.000000</ele>
			</trkpt>
			<trkpt lat="48.912975" lon="17.762685">
				<ele>600.000000</ele>
			</trkpt>
			<trkpt lat="48.912957" lon="17.762586">
				<ele>598.000000</ele>
			</trkpt>
			<trkpt lat="48.912922" lon="17.762326">
				<ele>593.000000</ele>
			</trkpt>
			<trkpt lat="48.912863" lon="17.762110">
				<ele>590.000000</ele>
			</trkpt>
			<trkpt lat="48.912822" lon="17.762020">
				<ele>589.000000</ele>
			</trkpt>
			<trkpt lat="48.912774" lon="17.761939">
				<ele>587.000000</ele>
			</trkpt>
			<trkpt lat="48.912721" lon="17.761867">
				<ele>586.000000</ele>
			</trkpt>
			<trkpt lat="48.912662" lon="17.761804">
				<ele>585.000000</ele>
			</trkpt>
			<trkpt lat="48.912603" lon="17.761750">
				<ele>584.000000</ele>
			</trkpt>
			<trkpt lat="48.912521" lon="17.761705">
				<ele>582.000000</ele>
			</trkpt>
			<trkpt lat="48.912438" lon="17.761661">
				<ele>581.000000</ele>
			</trkpt>
			<trkpt lat="48.912361" lon="17.761643">
				<ele>579.000000</ele>
			</trkpt>
			<trkpt lat="48.912149" lon="17.761561">
				<ele>576.000000</ele>
			</trkpt>
			<trkpt lat="48.912066" lon="17.761525">
				<ele>574.000000</ele>
			</trkpt>
			<trkpt lat="48.912013" lon="17.761490">
				<ele>572.000000</ele>
			</trkpt>
			<trkpt lat="48.911972" lon="17.761445">
				<ele>571.000000</ele>
			</trkpt>
			<trkpt lat="48.911936" lon="17.761382">
				<ele>570.000000</ele>
			</trkpt>
			<trkpt lat="48.911919" lon="17.761319">
				<ele>569.000000</ele>
			</trkpt>
			<trkpt lat="48.911919" lon="17.761247">
				<ele>568.000000</ele>
			</trkpt>
			<trkpt lat="48.911913" lon="17.761139">
				<ele>566.000000</ele>
			</trkpt>
			<trkpt lat="48.911901" lon="17.761014">
				<ele>564.000000</ele>
			</trkpt>
			<trkpt lat="48.911865" lon="17.760879">
				<ele>560.000000</ele>
			</trkpt>
			<trkpt lat="48.911824" lon="17.760753">
				<ele>557.000000</ele>
			</trkpt>
			<trkpt lat="48.911806" lon="17.760655">
				<ele>555.000000</ele>
			</trkpt>
			<trkpt lat="48.911801" lon="17.760555">
				<ele>553.000000</ele>
			</trkpt>
			<trkpt lat="48.911818" lon="17.760276">
				<ele>548.000000</ele>
			</trkpt>
			<trkpt lat="48.911818" lon="17.760169">
				<ele>546.000000</ele>
			</trkpt>
			<trkpt lat="48.911806" lon="17.760079">
				<ele>544.000000</ele>
			</trkpt>
			<trkpt lat="48.911777" lon="17.759990">
				<ele>543.000000</ele>
			</trkpt>
			<trkpt lat="48.911736" lon="17.759917">
				<ele>541.000000</ele>
			</trkpt>
			<trkpt lat="48.911677" lon="17.759873">
				<ele>540.000000</ele>
			</trkpt>
			<trkpt lat="48.911593" lon="17.759863">
				<ele>539.000000</ele>
			</trkpt>
			<trkpt lat="48.911494" lon="17.759900">
				<ele>538.000000</ele>
			</trkpt>
			<trkpt lat="48.911039" lon="17.760152">
				<ele>532.000000</ele>
			</trkpt>
			<trkpt lat="48.910968" lon="17.760169">
				<ele>531.000000</ele>
			</trkpt>
			<trkpt lat="48.910891" lon="17.760169">
				<ele>530.000000</ele>
			</trkpt>
			<trkpt lat="48.910832" lon="17.760125">
				<ele>529.000000</ele>
			</trkpt>
			<trkpt lat="48.910779" lon="17.760070">
				<ele>527.000000</ele>
			</trkpt>
			<trkpt lat="48.910726" lon="17.759972">
				<ele>525.000000</ele>
			</trkpt>
			<trkpt lat="48.910649" lon="17.759756">
				<ele>523.000000</ele>
			</trkpt>
			<trkpt lat="48.910679" lon="17.759621">
				<ele>521.000000</ele>
			</trkpt>
			<trkpt lat="48.910755" lon="17.759424">
				<ele>519.000000</ele>
			</trkpt>
			<trkpt lat="48.911252" lon="17.758005">
				<ele>507.000000</ele>
			</trkpt>
			<trkpt lat="48.911511" lon="17.757196">
				<ele>499.000000</ele>
			</trkpt>
			<trkpt lat="48.911641" lon="17.756774">
				<ele>495.000000</ele>
			</trkpt>
			<trkpt lat="48.911736" lon="17.756504">
				<ele>492.000000</ele>
			</trkpt>
			<trkpt lat="48.911842" lon="17.756280">
				<ele>490.000000</ele>
			</trkpt>
			<trkpt lat="48.911936" lon="17.756100">
				<ele>487.000000</ele>
			</trkpt>
			<trkpt lat="48.911995" lon="17.755777">
				<ele>484.000000</ele>
			</trkpt>
			<trkpt lat="48.912031" lon="17.755534">
				<ele>481.000000</ele>
			</trkpt>
			<trkpt lat="48.912054" lon="17.755292">
				<ele>479.000000</ele>
			</trkpt>
			<trkpt lat="48.912096" lon="17.755058">
				<ele>476.000000</ele>
			</trkpt>
			<trkpt lat="48.912137" lon="17.754842">
				<ele>474.000000</ele>
			</trkpt>
			<trkpt lat="48.912243" lon="17.754429">
				<ele>470.000000</ele>
			</trkpt>
			<trkpt lat="48.912279" lon="17.754240">
				<ele>467.000000</ele>
			</trkpt>
			<trkpt lat="48.912296" lon="17.754060">
				<ele>466.000000</ele>
			</trkpt>
			<trkpt lat="48.912314" lon="17.753873">
				<ele>464.000000</ele>
			</trkpt>
			<trkpt lat="48.912308" lon="17.753603">
				<ele>461.000000</ele>
			</trkpt>
			<trkpt lat="48.912320" lon="17.753458">
				<ele>459.000000</ele>
			</trkpt>
			<trkpt lat="48.912344" lon="17.753342">
				<ele>458.000000</ele>
			</trkpt>
			<trkpt lat="48.912379" lon="17.753261">
				<ele>457.000000</ele>
			</trkpt>
			<trkpt lat="48.912444" lon="17.753181">
				<ele>456.000000</ele>
			</trkpt>
			<trkpt lat="48.912544" lon="17.753091">
				<ele>454.000000</ele>
			</trkpt>
			<trkpt lat="48.912621" lon="17.752974">
				<ele>452.000000</ele>
			</trkpt>
			<trkpt lat="48.912698" lon="17.752839">
				<ele>450.000000</ele>
			</trkpt>
			<trkpt lat="48.912780" lon="17.752642">
				<ele>447.000000</ele>
			</trkpt>
			<trkpt lat="48.912839" lon="17.752479">
				<ele>444.000000</ele>
			</trkpt>
			<trkpt lat="48.912869" lon="17.752309">
				<ele>441.000000</ele>
			</trkpt>
			<trkpt lat="48.912875" lon="17.752112">
				<ele>438.000000</ele>
			</trkpt>
			<trkpt lat="48.912863" lon="17.751869">
				<ele>435.000000</ele>
			</trkpt>
			<trkpt lat="48.912857" lon="17.751743">
				<ele>434.000000</ele>
			</trkpt>
			<trkpt lat="48.912887" lon="17.751626">
				<ele>432.000000</ele>
			</trkpt>
			<trkpt lat="48.912934" lon="17.751527">
				<ele>431.000000</ele>
			</trkpt>
			<trkpt lat="48.913011" lon="17.751456">
				<ele>429.000000</ele>
			</trkpt>
			<trkpt lat="48.913241" lon="17.751231">
				<ele>426.000000</ele>
			</trkpt>
			<trkpt lat="48.913589" lon="17.750881">
				<ele>424.000000</ele>
			</trkpt>
			<trkpt lat="48.913637" lon="17.750818">
				<ele>423.000000</ele>
			</trkpt>
			<trkpt lat="48.913666" lon="17.750728">
				<ele>423.000000</ele>
			</trkpt>
			<trkpt lat="48.913666" lon="17.750629">
				<ele>423.000000</ele>
			</trkpt>
			<trkpt lat="48.913643" lon="17.750504">
				<ele>423.000000</ele>
			</trkpt>
			<trkpt lat="48.913619" lon="17.750422">
				<ele>422.000000</ele>
			</trkpt>
			<trkpt lat="48.913548" lon="17.750279">
				<ele>422.000000</ele>
			</trkpt>
			<trkpt lat="48.913524" lon="17.750216">
				<ele>422.000000</ele>
			</trkpt>
			<trkpt lat="48.913501" lon="17.750144">
				<ele>421.000000</ele>
			</trkpt>
			<trkpt lat="48.913465" lon="17.750091">
				<ele>421.000000</ele>
			</trkpt>
			<trkpt lat="48.913395" lon="17.750001">
				<ele>421.000000</ele>
			</trkpt>
			<trkpt lat="48.913312" lon="17.749955">
				<ele>420.000000</ele>
			</trkpt>
			<trkpt lat="48.913111" lon="17.749875">
				<ele>419.000000</ele>
			</trkpt>
			<trkpt lat="48.912940" lon="17.749866">
				<ele>418.000000</ele>
			</trkpt>
			<trkpt lat="48.912733" lon="17.749892">
				<ele>417.000000</ele>
			</trkpt>
			<trkpt lat="48.912639" lon="17.749892">
				<ele>416.000000</ele>
			</trkpt>
			<trkpt lat="48.912562" lon="17.749875">
				<ele>416.000000</ele>
			</trkpt>
			<trkpt lat="48.912491" lon="17.749812">
				<ele>415.000000</ele>
			</trkpt>
			<trkpt lat="48.912420" lon="17.749739">
				<ele>415.000000</ele>
			</trkpt>
			<trkpt lat="48.912379" lon="17.749668">
				<ele>415.000000</ele>
			</trkpt>
			<trkpt lat="48.912344" lon="17.749605">
				<ele>415.000000</ele>
			</trkpt>
			<trkpt lat="48.912320" lon="17.749533">
				<ele>415.000000</ele>
			</trkpt>
			<trkpt lat="48.912302" lon="17.749462">
				<ele>415.000000</ele>
			</trkpt>
			<trkpt lat="48.912285" lon="17.749380">
				<ele>415.000000</ele>
			</trkpt>
			<trkpt lat="48.912285" lon="17.749282">
				<ele>415.000000</ele>
			</trkpt>
			<trkpt lat="48.912290" lon="17.749084">
				<ele>415.000000</ele>
			</trkpt>
			<trkpt lat="48.912285" lon="17.748994">
				<ele>415.000000</ele>
			</trkpt>
			<trkpt lat="48.912249" lon="17.748913">
				<ele>415.000000</ele>
			</trkpt>
			<trkpt lat="48.912196" lon="17.748841">
				<ele>415.000000</ele>
			</trkpt>
			<trkpt lat="48.912155" lon="17.748814">
				<ele>414.000000</ele>
			</trkpt>
			<trkpt lat="48.912031" lon="17.748751">
				<ele>413.000000</ele>
			</trkpt>
			<trkpt lat="48.911925" lon="17.748689">
				<ele>412.000000</ele>
			</trkpt>
			<trkpt lat="48.911842" lon="17.748608">
				<ele>411.000000</ele>
			</trkpt>
			<trkpt lat="48.911730" lon="17.748437">
				<ele>410.000000</ele>
			</trkpt>
			<trkpt lat="48.911635" lon="17.748294">
				<ele>409.000000</ele>
			</trkpt>
			<trkpt lat="48.911541" lon="17.748204">
				<ele>409.000000</ele>
			</trkpt>
			<trkpt lat="48.911452" lon="17.748131">
				<ele>408.000000</ele>
			</trkpt>
			<trkpt lat="48.911363" lon="17.748097">
				<ele>408.000000</ele>
			</trkpt>
			<trkpt lat="48.911298" lon="17.748087">
				<ele>408.000000</ele>
			</trkpt>
			<trkpt lat="48.911239" lon="17.748051">
				<ele>407.000000</ele>
			</trkpt>
			<trkpt lat="48.911174" lon="17.748007">
				<ele>407.000000</ele>
			</trkpt>
			<trkpt lat="48.911121" lon="17.747952">
				<ele>407.000000</ele>
			</trkpt>
			<trkpt lat="48.911080" lon="17.747889">
				<ele>406.000000</ele>
			</trkpt>
			<trkpt lat="48.911027" lon="17.747808">
				<ele>406.000000</ele>
			</trkpt>
			<trkpt lat="48.910950" lon="17.747611">
				<ele>405.000000</ele>
			</trkpt>
			<trkpt lat="48.910791" lon="17.747126">
				<ele>404.000000</ele>
			</trkpt>
			<trkpt lat="48.910631" lon="17.746613">
				<ele>402.000000</ele>
			</trkpt>
			<trkpt lat="48.910566" lon="17.746389">
				<ele>402.000000</ele>
			</trkpt>
			<trkpt lat="48.910490" lon="17.746227">
				<ele>401.000000</ele>
			</trkpt>
			<trkpt lat="48.910401" lon="17.746066">
				<ele>401.000000</ele>
			</trkpt>
			<trkpt lat="48.910277" lon="17.745913">
				<ele>400.000000</ele>
			</trkpt>
			<trkpt lat="48.910230" lon="17.745841">
				<ele>400.000000</ele>
			</trkpt>
			<trkpt lat="48.910177" lon="17.745743">
				<ele>399.000000</ele>
			</trkpt>
			<trkpt lat="48.910065" lon="17.745437">
				<ele>398.000000</ele>
			</trkpt>
			<trkpt lat="48.910018" lon="17.745338">
				<ele>398.000000</ele>
			</trkpt>
			<trkpt lat="48.909953" lon="17.745239">
				<ele>397.000000</ele>
			</trkpt>
			<trkpt lat="48.909894" lon="17.745177">
				<ele>397.000000</ele>
			</trkpt>
			<trkpt lat="48.909810" lon="17.745095">
				<ele>396.000000</ele>
			</trkpt>
			<trkpt lat="48.909663" lon="17.744925">
				<ele>396.000000</ele>
			</trkpt>
			<trkpt lat="48.909587" lon="17.744835">
				<ele>395.000000</ele>
			</trkpt>
			<trkpt lat="48.909403" lon="17.744673">
				<ele>394.000000</ele>
			</trkpt>
			<trkpt lat="48.909250" lon="17.744502">
				<ele>393.000000</ele>
			</trkpt>
			<trkpt lat="48.909138" lon="17.744350">
				<ele>393.000000</ele>
			</trkpt>
			<trkpt lat="48.909008" lon="17.744126">
				<ele>392.000000</ele>
			</trkpt>
			<trkpt lat="48.908955" lon="17.744036">
				<ele>392.000000</ele>
			</trkpt>
			<trkpt lat="48.908896" lon="17.743990">
				<ele>391.000000</ele>
			</trkpt>
			<trkpt lat="48.908825" lon="17.743963">
				<ele>391.000000</ele>
			</trkpt>
			<trkpt lat="48.908754" lon="17.743946">
				<ele>391.000000</ele>
			</trkpt>
			<trkpt lat="48.908689" lon="17.743936">
				<ele>391.000000</ele>
			</trkpt>
			<trkpt lat="48.908648" lon="17.743910">
				<ele>390.000000</ele>
			</trkpt>
			<trkpt lat="48.908595" lon="17.743856">
				<ele>390.000000</ele>
			</trkpt>
			<trkpt lat="48.908541" lon="17.743784">
				<ele>390.000000</ele>
			</trkpt>
			<trkpt lat="48.908488" lon="17.743721">
				<ele>390.000000</ele>
			</trkpt>
			<trkpt lat="48.908435" lon="17.743694">
				<ele>389.000000</ele>
			</trkpt>
			<trkpt lat="48.908382" lon="17.743676">
				<ele>389.000000</ele>
			</trkpt>
			<trkpt lat="48.908246" lon="17.743694">
				<ele>388.000000</ele>
			</trkpt>
			<trkpt lat="48.908181" lon="17.743694">
				<ele>388.000000</ele>
			</trkpt>
			<trkpt lat="48.908057" lon="17.743649">
				<ele>387.000000</ele>
			</trkpt>
			<trkpt lat="48.907945" lon="17.743569">
				<ele>387.000000</ele>
			</trkpt>
			<trkpt lat="48.907856" lon="17.743497">
				<ele>386.000000</ele>
			</trkpt>
			<trkpt lat="48.907827" lon="17.743460">
				<ele>386.000000</ele>
			</trkpt>
			<trkpt lat="48.907821" lon="17.743434">
				<ele>386.000000</ele>
			</trkpt>
			<trkpt lat="48.907537" lon="17.743649">
				<ele>385.000000</ele>
			</trkpt>
			<trkpt lat="48.906440" lon="17.742795">
				<ele>379.000000</ele>
			</trkpt>
			<trkpt lat="48.906351" lon="17.742734">
				<ele>378.000000</ele>
			</trkpt>
			<trkpt lat="48.906274" lon="17.742707">
				<ele>378.000000</ele>
			</trkpt>
			<trkpt lat="48.906179" lon="17.742688">
				<ele>377.000000</ele>
			</trkpt>
			<trkpt lat="48.906038" lon="17.742661">
				<ele>377.000000</ele>
			</trkpt>
			<trkpt lat="48.905601" lon="17.742644">
				<ele>374.000000</ele>
			</trkpt>
			<trkpt lat="48.905264" lon="17.742617">
				<ele>373.000000</ele>
			</trkpt>
			<trkpt lat="48.905076" lon="17.742598">
				<ele>372.000000</ele>
			</trkpt>
			<trkpt lat="48.905005" lon="17.742607">
				<ele>372.000000</ele>
			</trkpt>
			<trkpt lat="48.904952" lon="17.742644">
				<ele>372.000000</ele>
			</trkpt>
			<trkpt lat="48.904769" lon="17.742841">
				<ele>371.000000</ele>
			</trkpt>
			<trkpt lat="48.904597" lon="17.743038">
				<ele>370.000000</ele>
			</trkpt>
			<trkpt lat="48.904396" lon="17.743326">
				<ele>371.000000</ele>
			</trkpt>
			<trkpt lat="48.904314" lon="17.743443">
				<ele>371.000000</ele>
			</trkpt>
			<trkpt lat="48.904219" lon="17.743541">
				<ele>371.000000</ele>
			</trkpt>
			<trkpt lat="48.904125" lon="17.743640">
				<ele>371.000000</ele>
			</trkpt>
			<trkpt lat="48.904018" lon="17.743730">
				<ele>372.000000</ele>
			</trkpt>
			<trkpt lat="48.903794" lon="17.743927">
				<ele>372.000000</ele>
			</trkpt>
			<trkpt lat="48.903741" lon="17.743955">
				<ele>372.000000</ele>
			</trkpt>
			<trkpt lat="48.903676" lon="17.743963">
				<ele>373.000000</ele>
			</trkpt>
			<trkpt lat="48.903587" lon="17.743946">
				<ele>373.000000</ele>
			</trkpt>
			<trkpt lat="48.903393" lon="17.743883">
				<ele>373.000000</ele>
			</trkpt>
			<trkpt lat="48.903127" lon="17.743757">
				<ele>374.000000</ele>
			</trkpt>
			<trkpt lat="48.903044" lon="17.743703">
				<ele>374.000000</ele>
			</trkpt>
			<trkpt lat="48.902967" lon="17.743640">
				<ele>374.000000</ele>
			</trkpt>
			<trkpt lat="48.902749" lon="17.743380">
				<ele>375.000000</ele>
			</trkpt>
			<trkpt lat="48.902648" lon="17.743281">
				<ele>375.000000</ele>
			</trkpt>
			<trkpt lat="48.902483" lon="17.743137">
				<ele>380.000000</ele>
			</trkpt>
			<trkpt lat="48.902147" lon="17.742805">
				<ele>386.000000</ele>
			</trkpt>
			<trkpt lat="48.901981" lon="17.742634">
				<ele>388.000000</ele>
			</trkpt>
			<trkpt lat="48.901816" lon="17.742491">
				<ele>390.000000</ele>
			</trkpt>
			<trkpt lat="48.901692" lon="17.742328">
				<ele>392.000000</ele>
			</trkpt>
			<trkpt lat="48.901579" lon="17.742176">
				<ele>393.000000</ele>
			</trkpt>
			<trkpt lat="48.901450" lon="17.741933">
				<ele>396.000000</ele>
			</trkpt>
			<trkpt lat="48.901190" lon="17.741457">
				<ele>399.000000</ele>
			</trkpt>
			<trkpt lat="48.901089" lon="17.741296">
				<ele>401.000000</ele>
			</trkpt>
			<trkpt lat="48.900983" lon="17.741143">
				<ele>402.000000</ele>
			</trkpt>
			<trkpt lat="48.900765" lon="17.740883">
				<ele>404.000000</ele>
			</trkpt>
			<trkpt lat="48.900611" lon="17.740757">
				<ele>406.000000</ele>
			</trkpt>
			<trkpt lat="48.900499" lon="17.740667">
				<ele>407.000000</ele>
			</trkpt>
			<trkpt lat="48.900411" lon="17.740604">
				<ele>408.000000</ele>
			</trkpt>
			<trkpt lat="48.900322" lon="17.740586">
				<ele>408.000000</ele>
			</trkpt>
			<trkpt lat="48.900222" lon="17.740594">
				<ele>409.000000</ele>
			</trkpt>
			<trkpt lat="48.900104" lon="17.740621">
				<ele>410.000000</ele>
			</trkpt>
			<trkpt lat="48.899849" lon="17.740631">
				<ele>415.000000</ele>
			</trkpt>
			<trkpt lat="48.899584" lon="17.740657">
				<ele>419.000000</ele>
			</trkpt>
			<trkpt lat="48.899430" lon="17.740694">
				<ele>422.000000</ele>
			</trkpt>
			<trkpt lat="48.899383" lon="17.740703">
				<ele>423.000000</ele>
			</trkpt>
			<trkpt lat="48.899277" lon="17.740711">
				<ele>424.000000</ele>
			</trkpt>
			<trkpt lat="48.899176" lon="17.740694">
				<ele>426.000000</ele>
			</trkpt>
			<trkpt lat="48.899070" lon="17.740657">
				<ele>427.000000</ele>
			</trkpt>
			<trkpt lat="48.898899" lon="17.740577">
				<ele>429.000000</ele>
			</trkpt>
			<trkpt lat="48.898781" lon="17.740550">
				<ele>431.000000</ele>
			</trkpt>
			<trkpt lat="48.898686" lon="17.740514">
				<ele>432.000000</ele>
			</trkpt>
			<trkpt lat="48.898580" lon="17.740505">
				<ele>434.000000</ele>
			</trkpt>
			<trkpt lat="48.898432" lon="17.740514">
				<ele>436.000000</ele>
			</trkpt>
			<trkpt lat="48.897895" lon="17.740550">
				<ele>449.000000</ele>
			</trkpt>
			<trkpt lat="48.897777" lon="17.740577">
				<ele>452.000000</ele>
			</trkpt>
			<trkpt lat="48.897712" lon="17.740586">
				<ele>453.000000</ele>
			</trkpt>
			<trkpt lat="48.897647" lon="17.740621">
				<ele>455.000000</ele>
			</trkpt>
			<trkpt lat="48.897594" lon="17.740684">
				<ele>456.000000</ele>
			</trkpt>
			<trkpt lat="48.897334" lon="17.741009">
				<ele>465.000000</ele>
			</trkpt>
			<trkpt lat="48.897239" lon="17.740856">
				<ele>465.000000</ele>
			</trkpt>
			<trkpt lat="48.897163" lon="17.740721">
				<ele>465.000000</ele>
			</trkpt>
			<trkpt lat="48.897091" lon="17.740560">
				<ele>465.000000</ele>
			</trkpt>
			<trkpt lat="48.896997" lon="17.740344">
				<ele>465.000000</ele>
			</trkpt>
			<trkpt lat="48.896902" lon="17.740101">
				<ele>465.000000</ele>
			</trkpt>
			<trkpt lat="48.896778" lon="17.739688">
				<ele>469.000000</ele>
			</trkpt>
			<trkpt lat="48.896690" lon="17.739391">
				<ele>473.000000</ele>
			</trkpt>
			<trkpt lat="48.896619" lon="17.739212">
				<ele>475.000000</ele>
			</trkpt>
			<trkpt lat="48.896542" lon="17.739032">
				<ele>477.000000</ele>
			</trkpt>
			<trkpt lat="48.896448" lon="17.738852">
				<ele>479.000000</ele>
			</trkpt>
			<trkpt lat="48.896353" lon="17.738663">
				<ele>480.000000</ele>
			</trkpt>
			<trkpt lat="48.896288" lon="17.738484">
				<ele>481.000000</ele>
			</trkpt>
			<trkpt lat="48.896088" lon="17.737793">
				<ele>483.000000</ele>
			</trkpt>
			<trkpt lat="48.896052" lon="17.737657">
				<ele>484.000000</ele>
			</trkpt>
			<trkpt lat="48.895987" lon="17.737361">
				<ele>484.000000</ele>
			</trkpt>
			<trkpt lat="48.895940" lon="17.737208">
				<ele>485.000000</ele>
			</trkpt>
			<trkpt lat="48.895810" lon="17.736876">
				<ele>490.000000</ele>
			</trkpt>
			<trkpt lat="48.895781" lon="17.736778">
				<ele>491.000000</ele>
			</trkpt>
			<trkpt lat="48.895745" lon="17.736669">
				<ele>492.000000</ele>
			</trkpt>
			<trkpt lat="48.895734" lon="17.736481">
				<ele>494.000000</ele>
			</trkpt>
			<trkpt lat="48.895709" lon="17.735942">
				<ele>499.000000</ele>
			</trkpt>
			<trkpt lat="48.895704" lon="17.735834">
				<ele>500.000000</ele>
			</trkpt>
			<trkpt lat="48.895675" lon="17.735736">
				<ele>501.000000</ele>
			</trkpt>
			<trkpt lat="48.895591" lon="17.735457">
				<ele>505.000000</ele>
			</trkpt>
			<trkpt lat="48.895526" lon="17.735241">
				<ele>507.000000</ele>
			</trkpt>
			<trkpt lat="48.895485" lon="17.735034">
				<ele>510.000000</ele>
			</trkpt>
			<trkpt lat="48.895438" lon="17.734783">
				<ele>513.000000</ele>
			</trkpt>
			<trkpt lat="48.895343" lon="17.734208">
				<ele>521.000000</ele>
			</trkpt>
			<trkpt lat="48.895302" lon="17.734028">
				<ele>523.000000</ele>
			</trkpt>
			<trkpt lat="48.895255" lon="17.733876">
				<ele>525.000000</ele>
			</trkpt>
			<trkpt lat="48.895202" lon="17.733732">
				<ele>528.000000</ele>
			</trkpt>
			<trkpt lat="48.895143" lon="17.733606">
				<ele>531.000000</ele>
			</trkpt>
			<trkpt lat="48.895066" lon="17.733480">
				<ele>533.000000</ele>
			</trkpt>
			<trkpt lat="48.894954" lon="17.733336">
				<ele>537.000000</ele>
			</trkpt>
			<trkpt lat="48.894830" lon="17.733193">
				<ele>540.000000</ele>
			</trkpt>
			<trkpt lat="48.894676" lon="17.733076">
				<ele>543.000000</ele>
			</trkpt>
			<trkpt lat="48.894535" lon="17.733004">
				<ele>545.000000</ele>
			</trkpt>
			<trkpt lat="48.894198" lon="17.732843">
				<ele>545.000000</ele>
			</trkpt>
			<trkpt lat="48.894038" lon="17.732753">
				<ele>545.000000</ele>
			</trkpt>
			<trkpt lat="48.893891" lon="17.732636">
				<ele>545.000000</ele>
			</trkpt>
			<trkpt lat="48.893719" lon="17.732520">
				<ele>545.000000</ele>
			</trkpt>
			<trkpt lat="48.893483" lon="17.732331">
				<ele>545.000000</ele>
			</trkpt>
			<trkpt lat="48.893253" lon="17.732141">
				<ele>543.000000</ele>
			</trkpt>
			<trkpt lat="48.892970" lon="17.731881">
				<ele>539.000000</ele>
			</trkpt>
			<trkpt lat="48.892662" lon="17.731639">
				<ele>535.000000</ele>
			</trkpt>
			<trkpt lat="48.891883" lon="17.731109">
				<ele>523.000000</ele>
			</trkpt>
			<trkpt lat="48.891652" lon="17.730920">
				<ele>520.000000</ele>
			</trkpt>
			<trkpt lat="48.891563" lon="17.730857">
				<ele>518.000000</ele>
			</trkpt>
			<trkpt lat="48.891292" lon="17.730677">
				<ele>514.000000</ele>
			</trkpt>
			<trkpt lat="48.891191" lon="17.730623">
				<ele>513.000000</ele>
			</trkpt>
			<trkpt lat="48.891132" lon="17.730533">
				<ele>512.000000</ele>
			</trkpt>
			<trkpt lat="48.891079" lon="17.730426">
				<ele>511.000000</ele>
			</trkpt>
			<trkpt lat="48.891038" lon="17.730300">
				<ele>509.000000</ele>
			</trkpt>
			<trkpt lat="48.891003" lon="17.730147">
				<ele>507.000000</ele>
			</trkpt>
			<trkpt lat="48.890961" lon="17.730031">
				<ele>505.000000</ele>
			</trkpt>
			<trkpt lat="48.890920" lon="17.729950">
				<ele>504.000000</ele>
			</trkpt>
			<trkpt lat="48.890861" lon="17.729878">
				<ele>502.000000</ele>
			</trkpt>
			<trkpt lat="48.890743" lon="17.729725">
				<ele>499.000000</ele>
			</trkpt>
			<trkpt lat="48.890554" lon="17.729411">
				<ele>495.000000</ele>
			</trkpt>
			<trkpt lat="48.890442" lon="17.729267">
				<ele>492.000000</ele>
			</trkpt>
			<trkpt lat="48.890353" lon="17.729187">
				<ele>491.000000</ele>
			</trkpt>
			<trkpt lat="48.890311" lon="17.729124">
				<ele>490.000000</ele>
			</trkpt>
			<trkpt lat="48.890265" lon="17.729069">
				<ele>488.000000</ele>
			</trkpt>
			<trkpt lat="48.890240" lon="17.728971">
				<ele>487.000000</ele>
			</trkpt>
			<trkpt lat="48.890187" lon="17.728845">
				<ele>485.000000</ele>
			</trkpt>
			<trkpt lat="48.890081" lon="17.728585">
				<ele>480.000000</ele>
			</trkpt>
			<trkpt lat="48.890022" lon="17.728413">
				<ele>477.000000</ele>
			</trkpt>
			<trkpt lat="48.889939" lon="17.728099">
				<ele>472.000000</ele>
			</trkpt>
			<trkpt lat="48.889892" lon="17.727794">
				<ele>467.000000</ele>
			</trkpt>
			<trkpt lat="48.889863" lon="17.727461">
				<ele>462.000000</ele>
			</trkpt>
			<trkpt lat="48.889851" lon="17.726931">
				<ele>453.000000</ele>
			</trkpt>
			<trkpt lat="48.889845" lon="17.726805">
				<ele>451.000000</ele>
			</trkpt>
			<trkpt lat="48.889809" lon="17.726698">
				<ele>449.000000</ele>
			</trkpt>
			<trkpt lat="48.889774" lon="17.726627">
				<ele>448.000000</ele>
			</trkpt>
			<trkpt lat="48.889715" lon="17.726572">
				<ele>446.000000</ele>
			</trkpt>
			<trkpt lat="48.889561" lon="17.726482">
				<ele>442.000000</ele>
			</trkpt>
			<trkpt lat="48.889449" lon="17.726365">
				<ele>439.000000</ele>
			</trkpt>
			<trkpt lat="48.889343" lon="17.726212">
				<ele>436.000000</ele>
			</trkpt>
			<trkpt lat="48.889124" lon="17.725872">
				<ele>432.000000</ele>
			</trkpt>
			<trkpt lat="48.888752" lon="17.725306">
				<ele>422.000000</ele>
			</trkpt>
			<trkpt lat="48.888663" lon="17.725189">
				<ele>420.000000</ele>
			</trkpt>
			<trkpt lat="48.888587" lon="17.725099">
				<ele>418.000000</ele>
			</trkpt>
			<trkpt lat="48.888492" lon="17.725027">
				<ele>417.000000</ele>
			</trkpt>
			<trkpt lat="48.888368" lon="17.724956">
				<ele>415.000000</ele>
			</trkpt>
			<trkpt lat="48.888297" lon="17.724910">
				<ele>414.000000</ele>
			</trkpt>
			<trkpt lat="48.888227" lon="17.724847">
				<ele>412.000000</ele>
			</trkpt>
			<trkpt lat="48.888162" lon="17.724776">
				<ele>410.000000</ele>
			</trkpt>
			<trkpt lat="48.888103" lon="17.724694">
				<ele>408.000000</ele>
			</trkpt>
			<trkpt lat="48.888067" lon="17.724614">
				<ele>407.000000</ele>
			</trkpt>
			<trkpt lat="48.888026" lon="17.724497">
				<ele>406.000000</ele>
			</trkpt>
			<trkpt lat="48.887990" lon="17.724390">
				<ele>404.000000</ele>
			</trkpt>
			<trkpt lat="48.887967" lon="17.724254">
				<ele>403.000000</ele>
			</trkpt>
			<trkpt lat="48.887920" lon="17.723977">
				<ele>401.000000</ele>
			</trkpt>
			<trkpt lat="48.887836" lon="17.723375">
				<ele>396.000000</ele>
			</trkpt>
			<trkpt lat="48.887765" lon="17.722943">
				<ele>392.000000</ele>
			</trkpt>
			<trkpt lat="48.887706" lon="17.722656">
				<ele>389.000000</ele>
			</trkpt>
			<trkpt lat="48.887653" lon="17.722449">
				<ele>387.000000</ele>
			</trkpt>
			<trkpt lat="48.887582" lon="17.722207">
				<ele>384.000000</ele>
			</trkpt>
			<trkpt lat="48.887476" lon="17.721891">
				<ele>380.000000</ele>
			</trkpt>
			<trkpt lat="48.887382" lon="17.721667">
				<ele>377.000000</ele>
			</trkpt>
			<trkpt lat="48.887287" lon="17.721434">
				<ele>374.000000</ele>
			</trkpt>
			<trkpt lat="48.887157" lon="17.721165">
				<ele>370.000000</ele>
			</trkpt>
			<trkpt lat="48.887092" lon="17.721021">
				<ele>368.000000</ele>
			</trkpt>
			<trkpt lat="48.887039" lon="17.720895">
				<ele>366.000000</ele>
			</trkpt>
			<trkpt lat="48.886951" lon="17.720581">
				<ele>363.000000</ele>
			</trkpt>
			<trkpt lat="48.886862" lon="17.720509">
				<ele>362.000000</ele>
			</trkpt>
			<trkpt lat="48.886744" lon="17.720392">
				<ele>361.000000</ele>
			</trkpt>
			<trkpt lat="48.886655" lon="17.720499">
				<ele>360.000000</ele>
			</trkpt>
			<trkpt lat="48.886591" lon="17.720545">
				<ele>359.000000</ele>
			</trkpt>
			<trkpt lat="48.886526" lon="17.720545">
				<ele>359.000000</ele>
			</trkpt>
			<trkpt lat="48.886472" lon="17.720518">
				<ele>359.000000</ele>
			</trkpt>
			<trkpt lat="48.886183" lon="17.720167">
				<ele>356.000000</ele>
			</trkpt>
			<trkpt lat="48.885982" lon="17.719952">
				<ele>356.000000</ele>
			</trkpt>
			<trkpt lat="48.885905" lon="17.719817">
				<ele>357.000000</ele>
			</trkpt>
			<trkpt lat="48.885592" lon="17.719270">
				<ele>360.000000</ele>
			</trkpt>
			<trkpt lat="48.885380" lon="17.719664">
				<ele>360.000000</ele>
			</trkpt>
			<trkpt lat="48.885315" lon="17.719781">
				<ele>360.000000</ele>
			</trkpt>
			<trkpt lat="48.885226" lon="17.719952">
				<ele>360.000000</ele>
			</trkpt>
			<trkpt lat="48.885031" lon="17.720329">
				<ele>360.000000</ele>
			</trkpt>
			<trkpt lat="48.884830" lon="17.720679">
				<ele>359.000000</ele>
			</trkpt>
			<trkpt lat="48.884765" lon="17.720788">
				<ele>359.000000</ele>
			</trkpt>
			<trkpt lat="48.884606" lon="17.721038">
				<ele>359.000000</ele>
			</trkpt>
			<trkpt lat="48.884405" lon="17.721325">
				<ele>358.000000</ele>
			</trkpt>
			<trkpt lat="48.883796" lon="17.722117">
				<ele>356.000000</ele>
			</trkpt>
			<trkpt lat="48.883424" lon="17.721272">
				<ele>356.000000</ele>
			</trkpt>
			<trkpt lat="48.883194" lon="17.720733">
				<ele>365.000000</ele>
			</trkpt>
			<trkpt lat="48.882899" lon="17.719987">
				<ele>375.000000</ele>
			</trkpt>
			<trkpt lat="48.882709" lon="17.719817">
				<ele>379.000000</ele>
			</trkpt>
			<trkpt lat="48.882562" lon="17.719646">
				<ele>382.000000</ele>
			</trkpt>
			<trkpt lat="48.882402" lon="17.719457">
				<ele>386.000000</ele>
			</trkpt>
			<trkpt lat="48.882172" lon="17.719134">
				<ele>391.000000</ele>
			</trkpt>
			<trkpt lat="48.882101" lon="17.719035">
				<ele>393.000000</ele>
			</trkpt>
			<trkpt lat="48.882036" lon="17.718964">
				<ele>395.000000</ele>
			</trkpt>
			<trkpt lat="48.881782" lon="17.718748">
				<ele>400.000000</ele>
			</trkpt>
			<trkpt lat="48.881634" lon="17.718587">
				<ele>403.000000</ele>
			</trkpt>
			<trkpt lat="48.881380" lon="17.718262">
				<ele>409.000000</ele>
			</trkpt>
			<trkpt lat="48.881126" lon="17.718012">
				<ele>415.000000</ele>
			</trkpt>
			<trkpt lat="48.880990" lon="17.717912">
				<ele>418.000000</ele>
			</trkpt>
			<trkpt lat="48.880878" lon="17.717805">
				<ele>421.000000</ele>
			</trkpt>
			<trkpt lat="48.880790" lon="17.717706">
				<ele>423.000000</ele>
			</trkpt>
			<trkpt lat="48.880713" lon="17.717599">
				<ele>425.000000</ele>
			</trkpt>
			<trkpt lat="48.880606" lon="17.717436">
				<ele>428.000000</ele>
			</trkpt>
			<trkpt lat="48.880542" lon="17.717310">
				<ele>431.000000</ele>
			</trkpt>
			<trkpt lat="48.880477" lon="17.717230">
				<ele>433.000000</ele>
			</trkpt>
			<trkpt lat="48.880405" lon="17.717157">
				<ele>435.000000</ele>
			</trkpt>
			<trkpt lat="48.880317" lon="17.717067">
				<ele>437.000000</ele>
			</trkpt>
			<trkpt lat="48.878799" lon="17.715828">
				<ele>476.000000</ele>
			</trkpt>
			<trkpt lat="48.877617" lon="17.714822">
				<ele>516.000000</ele>
			</trkpt>
			<trkpt lat="48.876713" lon="17.714050">
				<ele>549.000000</ele>
			</trkpt>
			<trkpt lat="48.876146" lon="17.713601">
				<ele>568.000000</ele>
			</trkpt>
			<trkpt lat="48.875472" lon="17.713125">
				<ele>585.000000</ele>
			</trkpt>
			<trkpt lat="48.875313" lon="17.712981">
				<ele>587.000000</ele>
			</trkpt>
			<trkpt lat="48.875182" lon="17.712838">
				<ele>589.000000</ele>
			</trkpt>
			<trkpt lat="48.875077" lon="17.712666">
				<ele>590.000000</ele>
			</trkpt>
			<trkpt lat="48.874887" lon="17.712343">
				<ele>595.000000</ele>
			</trkpt>
			<trkpt lat="48.874810" lon="17.712226">
				<ele>597.000000</ele>
			</trkpt>
			<trkpt lat="48.874698" lon="17.712100">
				<ele>601.000000</ele>
			</trkpt>
			<trkpt lat="48.874556" lon="17.711983">
				<ele>605.000000</ele>
			</trkpt>
			<trkpt lat="48.874415" lon="17.711867">
				<ele>610.000000</ele>
			</trkpt>
			<trkpt lat="48.874308" lon="17.711767">
				<ele>614.000000</ele>
			</trkpt>
			<trkpt lat="48.874220" lon="17.711651">
				<ele>618.000000</ele>
			</trkpt>
			<trkpt lat="48.874108" lon="17.711471">
				<ele>623.000000</ele>
			</trkpt>
			<trkpt lat="48.873824" lon="17.710977">
				<ele>635.000000</ele>
			</trkpt>
			<trkpt lat="48.873658" lon="17.710708">
				<ele>639.000000</ele>
			</trkpt>
			<trkpt lat="48.873599" lon="17.710591">
				<ele>641.000000</ele>
			</trkpt>
			<trkpt lat="48.873452" lon="17.710304">
				<ele>646.000000</ele>
			</trkpt>
			<trkpt lat="48.873398" lon="17.710232">
				<ele>647.000000</ele>
			</trkpt>
			<trkpt lat="48.873328" lon="17.710159">
				<ele>649.000000</ele>
			</trkpt>
			<trkpt lat="48.873162" lon="17.710008">
				<ele>652.000000</ele>
			</trkpt>
			<trkpt lat="48.873032" lon="17.709863">
				<ele>654.000000</ele>
			</trkpt>
			<trkpt lat="48.872920" lon="17.709683">
				<ele>657.000000</ele>
			</trkpt>
			<trkpt lat="48.872807" lon="17.709450">
				<ele>659.000000</ele>
			</trkpt>
			<trkpt lat="48.872701" lon="17.709226">
				<ele>662.000000</ele>
			</trkpt>
			<trkpt lat="48.872601" lon="17.709056">
				<ele>664.000000</ele>
			</trkpt>
			<trkpt lat="48.872471" lon="17.708893">
				<ele>668.000000</ele>
			</trkpt>
			<trkpt lat="48.872300" lon="17.708723">
				<ele>673.000000</ele>
			</trkpt>
			<trkpt lat="48.872116" lon="17.708561">
				<ele>677.000000</ele>
			</trkpt>
			<trkpt lat="48.871951" lon="17.708391">
				<ele>680.000000</ele>
			</trkpt>
			<trkpt lat="48.871809" lon="17.708211">
				<ele>684.000000</ele>
			</trkpt>
			<trkpt lat="48.871673" lon="17.708004">
				<ele>688.000000</ele>
			</trkpt>
			<trkpt lat="48.871537" lon="17.707807">
				<ele>691.000000</ele>
			</trkpt>
			<trkpt lat="48.871407" lon="17.707662">
				<ele>694.000000</ele>
			</trkpt>
			<trkpt lat="48.871266" lon="17.707546">
				<ele>696.000000</ele>
			</trkpt>
			<trkpt lat="48.870929" lon="17.707312">
				<ele>701.000000</ele>
			</trkpt>
			<trkpt lat="48.870751" lon="17.707178">
				<ele>704.000000</ele>
			</trkpt>
			<trkpt lat="48.870273" lon="17.706872">
				<ele>713.000000</ele>
			</trkpt>
			<trkpt lat="48.870072" lon="17.706737">
				<ele>717.000000</ele>
			</trkpt>
			<trkpt lat="48.869960" lon="17.706656">
				<ele>719.000000</ele>
			</trkpt>
			<trkpt lat="48.869842" lon="17.706612">
				<ele>721.000000</ele>
			</trkpt>
			<trkpt lat="48.869705" lon="17.706603">
				<ele>724.000000</ele>
			</trkpt>
			<trkpt lat="48.869581" lon="17.706585">
				<ele>726.000000</ele>
			</trkpt>
			<trkpt lat="48.869481" lon="17.706549">
				<ele>728.000000</ele>
			</trkpt>
			<trkpt lat="48.869392" lon="17.706504">
				<ele>730.000000</ele>
			</trkpt>
			<trkpt lat="48.869286" lon="17.706423">
				<ele>732.000000</ele>
			</trkpt>
			<trkpt lat="48.869174" lon="17.706316">
				<ele>734.000000</ele>
			</trkpt>
			<trkpt lat="48.869067" lon="17.706270">
				<ele>735.000000</ele>
			</trkpt>
			<trkpt lat="48.868961" lon="17.706234">
				<ele>736.000000</ele>
			</trkpt>
			<trkpt lat="48.868825" lon="17.706234">
				<ele>737.000000</ele>
			</trkpt>
			<trkpt lat="48.868719" lon="17.706226">
				<ele>738.000000</ele>
			</trkpt>
			<trkpt lat="48.868624" lon="17.706190">
				<ele>739.000000</ele>
			</trkpt>
			<trkpt lat="48.868535" lon="17.706144">
				<ele>740.000000</ele>
			</trkpt>
			<trkpt lat="48.868411" lon="17.706054">
				<ele>741.000000</ele>
			</trkpt>
			<trkpt lat="48.868317" lon="17.706001">
				<ele>742.000000</ele>
			</trkpt>
			<trkpt lat="48.868217" lon="17.705964">
				<ele>744.000000</ele>
			</trkpt>
			<trkpt lat="48.868122" lon="17.705947">
				<ele>745.000000</ele>
			</trkpt>
			<trkpt lat="48.867921" lon="17.705938">
				<ele>748.000000</ele>
			</trkpt>
			<trkpt lat="48.867619" lon="17.705911">
				<ele>751.000000</ele>
			</trkpt>
			<trkpt lat="48.867401" lon="17.705884">
				<ele>752.000000</ele>
			</trkpt>
			<trkpt lat="48.867194" lon="17.705830">
				<ele>752.000000</ele>
			</trkpt>
			<trkpt lat="48.866946" lon="17.705758">
				<ele>753.000000</ele>
			</trkpt>
			<trkpt lat="48.866739" lon="17.705695">
				<ele>754.000000</ele>
			</trkpt>
			<trkpt lat="48.866644" lon="17.705660">
				<ele>755.000000</ele>
			</trkpt>
			<trkpt lat="48.866538" lon="17.705605">
				<ele>755.000000</ele>
			</trkpt>
			<trkpt lat="48.866438" lon="17.705515">
				<ele>757.000000</ele>
			</trkpt>
			<trkpt lat="48.866296" lon="17.705398">
				<ele>759.000000</ele>
			</trkpt>
			<trkpt lat="48.866030" lon="17.705264">
				<ele>763.000000</ele>
			</trkpt>
			<trkpt lat="48.865936" lon="17.705201">
				<ele>765.000000</ele>
			</trkpt>
			<trkpt lat="48.865865" lon="17.705129">
				<ele>766.000000</ele>
			</trkpt>
			<trkpt lat="48.865812" lon="17.705031">
				<ele>767.000000</ele>
			</trkpt>
			<trkpt lat="48.865788" lon="17.704922">
				<ele>768.000000</ele>
			</trkpt>
			<trkpt lat="48.865753" lon="17.704798">
				<ele>769.000000</ele>
			</trkpt>
			<trkpt lat="48.865723" lon="17.704698">
				<ele>770.000000</ele>
			</trkpt>
			<trkpt lat="48.865675" lon="17.704599">
				<ele>770.000000</ele>
			</trkpt>
			<trkpt lat="48.865616" lon="17.704501">
				<ele>770.000000</ele>
			</trkpt>
			<trkpt lat="48.865539" lon="17.704393">
				<ele>770.000000</ele>
			</trkpt>
			<trkpt lat="48.865492" lon="17.704322">
				<ele>770.000000</ele>
			</trkpt>
			<trkpt lat="48.865463" lon="17.704240">
				<ele>770.000000</ele>
			</trkpt>
			<trkpt lat="48.865439" lon="17.704142">
				<ele>770.000000</ele>
			</trkpt>
			<trkpt lat="48.865398" lon="17.703962">
				<ele>770.000000</ele>
			</trkpt>
			<trkpt lat="48.865345" lon="17.703817">
				<ele>770.000000</ele>
			</trkpt>
			<trkpt lat="48.865191" lon="17.703459">
				<ele>770.000000</ele>
			</trkpt>
			<trkpt lat="48.864902" lon="17.702865">
				<ele>770.000000</ele>
			</trkpt>
			<trkpt lat="48.864736" lon="17.702588">
				<ele>775.000000</ele>
			</trkpt>
			<trkpt lat="48.864629" lon="17.702444">
				<ele>778.000000</ele>
			</trkpt>
			<trkpt lat="48.864541" lon="17.702345">
				<ele>780.000000</ele>
			</trkpt>
			<trkpt lat="48.864435" lon="17.702228">
				<ele>783.000000</ele>
			</trkpt>
			<trkpt lat="48.864316" lon="17.702129">
				<ele>785.000000</ele>
			</trkpt>
			<trkpt lat="48.864192" lon="17.702012">
				<ele>788.000000</ele>
			</trkpt>
			<trkpt lat="48.864104" lon="17.701886">
				<ele>791.000000</ele>
			</trkpt>
			<trkpt lat="48.864033" lon="17.701743">
				<ele>794.000000</ele>
			</trkpt>
			<trkpt lat="48.863974" lon="17.701554">
				<ele>797.000000</ele>
			</trkpt>
			<trkpt lat="48.863938" lon="17.701383">
				<ele>800.000000</ele>
			</trkpt>
			<trkpt lat="48.863885" lon="17.701257">
				<ele>802.000000</ele>
			</trkpt>
			<trkpt lat="48.863826" lon="17.701150">
				<ele>804.000000</ele>
			</trkpt>
			<trkpt lat="48.863713" lon="17.700980">
				<ele>807.000000</ele>
			</trkpt>
			<trkpt lat="48.863678" lon="17.700926">
				<ele>808.000000</ele>
			</trkpt>
			<trkpt lat="48.863566" lon="17.700710">
				<ele>811.000000</ele>
			</trkpt>
			<trkpt lat="48.863477" lon="17.700512">
				<ele>812.000000</ele>
			</trkpt>
			<trkpt lat="48.863430" lon="17.700333">
				<ele>812.000000</ele>
			</trkpt>
			<trkpt lat="48.863288" lon="17.699821">
				<ele>815.000000</ele>
			</trkpt>
			<trkpt lat="48.863040" lon="17.698913">
				<ele>823.000000</ele>
			</trkpt>
			<trkpt lat="48.862904" lon="17.698464">
				<ele>829.000000</ele>
			</trkpt>
			<trkpt lat="48.862839" lon="17.698230">
				<ele>833.000000</ele>
			</trkpt>
			<trkpt lat="48.862768" lon="17.697781">
				<ele>839.000000</ele>
			</trkpt>
			<trkpt lat="48.862727" lon="17.697574">
				<ele>841.000000</ele>
			</trkpt>
			<trkpt lat="48.862697" lon="17.697431">
				<ele>843.000000</ele>
			</trkpt>
			<trkpt lat="48.862679" lon="17.697278">
				<ele>844.000000</ele>
			</trkpt>
			<trkpt lat="48.862685" lon="17.697135">
				<ele>845.000000</ele>
			</trkpt>
			<trkpt lat="48.862703" lon="17.696856">
				<ele>847.000000</ele>
			</trkpt>
			<trkpt lat="48.862703" lon="17.696668">
				<ele>848.000000</ele>
			</trkpt>
			<trkpt lat="48.862703" lon="17.696479">
				<ele>849.000000</ele>
			</trkpt>
			<trkpt lat="48.862667" lon="17.696282">
				<ele>850.000000</ele>
			</trkpt>
			<trkpt lat="48.862620" lon="17.696039">
				<ele>850.000000</ele>
			</trkpt>
			<trkpt lat="48.862579" lon="17.695832">
				<ele>851.000000</ele>
			</trkpt>
			<trkpt lat="48.862561" lon="17.695634">
				<ele>852.000000</ele>
			</trkpt>
			<trkpt lat="48.862538" lon="17.695446">
				<ele>852.000000</ele>
			</trkpt>
			<trkpt lat="48.862526" lon="17.695177">
				<ele>853.000000</ele>
			</trkpt>
			<trkpt lat="48.862473" lon="17.693928">
				<ele>858.000000</ele>
			</trkpt>
			<trkpt lat="48.862455" lon="17.693613">
				<ele>860.000000</ele>
			</trkpt>
			<trkpt lat="48.862408" lon="17.693353">
				<ele>862.000000</ele>
			</trkpt>
			<trkpt lat="48.862331" lon="17.693074">
				<ele>865.000000</ele>
			</trkpt>
			<trkpt lat="48.862195" lon="17.692670">
				<ele>868.000000</ele>
			</trkpt>
			<trkpt lat="48.862278" lon="17.692337">
				<ele>870.000000</ele>
			</trkpt>
			<trkpt lat="48.862325" lon="17.692050">
				<ele>872.000000</ele>
			</trkpt>
			<trkpt lat="48.862360" lon="17.691727">
				<ele>873.000000</ele>
			</trkpt>
			<trkpt lat="48.862372" lon="17.691332">
				<ele>876.000000</ele>
			</trkpt>
			<trkpt lat="48.862366" lon="17.691098">
				<ele>878.000000</ele>
			</trkpt>
			<trkpt lat="48.862360" lon="17.690909">
				<ele>879.000000</ele>
			</trkpt>
			<trkpt lat="48.862348" lon="17.690747">
				<ele>880.000000</ele>
			</trkpt>
			<trkpt lat="48.862325" lon="17.690577">
				<ele>880.000000</ele>
			</trkpt>
			<trkpt lat="48.862254" lon="17.690263">
				<ele>880.000000</ele>
			</trkpt>
			<trkpt lat="48.862136" lon="17.689858">
				<ele>880.000000</ele>
			</trkpt>
			<trkpt lat="48.861841" lon="17.689041">
				<ele>880.000000</ele>
			</trkpt>
			<trkpt lat="48.861686" lon="17.688601">
				<ele>880.000000</ele>
			</trkpt>
			<trkpt lat="48.861580" lon="17.688259">
				<ele>880.000000</ele>
			</trkpt>
			<trkpt lat="48.861503" lon="17.687999">
				<ele>880.000000</ele>
			</trkpt>
			<trkpt lat="48.861444" lon="17.687747">
				<ele>880.000000</ele>
			</trkpt>
			<trkpt lat="48.861397" lon="17.687477">
				<ele>880.000000</ele>
			</trkpt>
			<trkpt lat="48.861267" lon="17.686724">
				<ele>881.000000</ele>
			</trkpt>
			<trkpt lat="48.861202" lon="17.686319">
				<ele>883.000000</ele>
			</trkpt>
			<trkpt lat="48.861167" lon="17.685978">
				<ele>885.000000</ele>
			</trkpt>
			<trkpt lat="48.861143" lon="17.685708">
				<ele>887.000000</ele>
			</trkpt>
			<trkpt lat="48.861131" lon="17.685429">
				<ele>889.000000</ele>
			</trkpt>
			<trkpt lat="48.861131" lon="17.685133">
				<ele>891.000000</ele>
			</trkpt>
			<trkpt lat="48.861119" lon="17.684567">
				<ele>896.000000</ele>
			</trkpt>
			<trkpt lat="48.861089" lon="17.684082">
				<ele>900.000000</ele>
			</trkpt>
			<trkpt lat="48.861049" lon="17.683598">
				<ele>904.000000</ele>
			</trkpt>
			<trkpt lat="48.860965" lon="17.682914">
				<ele>908.000000</ele>
			</trkpt>
			<trkpt lat="48.860936" lon="17.682707">
				<ele>909.000000</ele>
			</trkpt>
			<trkpt lat="48.860883" lon="17.682555">
				<ele>910.000000</ele>
			</trkpt>
			<trkpt lat="48.860818" lon="17.682403">
				<ele>910.000000</ele>
			</trkpt>
			<trkpt lat="48.860723" lon="17.682240">
				<ele>911.000000</ele>
			</trkpt>
			<trkpt lat="48.860410" lon="17.681764">
				<ele>914.000000</ele>
			</trkpt>
			<trkpt lat="48.860321" lon="17.681638">
				<ele>915.000000</ele>
			</trkpt>
			<trkpt lat="48.860226" lon="17.681521">
				<ele>916.000000</ele>
			</trkpt>
			<trkpt lat="48.860144" lon="17.681450">
				<ele>917.000000</ele>
			</trkpt>
			<trkpt lat="48.860091" lon="17.681405">
				<ele>917.000000</ele>
			</trkpt>
			<trkpt lat="48.860049" lon="17.681378">
				<ele>918.000000</ele>
			</trkpt>
			<trkpt lat="48.859996" lon="17.681387">
				<ele>918.000000</ele>
			</trkpt>
			<trkpt lat="48.859984" lon="17.681414">
				<ele>920.000000</ele>
			</trkpt>
			<trkpt lat="48.859872" lon="17.681405">
				<ele>920.000000</ele>
			</trkpt>
			<trkpt lat="48.859506" lon="17.681521">
				<ele>919.000000</ele>
			</trkpt>
			<trkpt lat="48.859104" lon="17.681665">
				<ele>917.000000</ele>
			</trkpt>
			<trkpt lat="48.858495" lon="17.681774">
				<ele>914.000000</ele>
			</trkpt>
			<trkpt lat="48.858224" lon="17.681827">
				<ele>912.000000</ele>
			</trkpt>
			<trkpt lat="48.858093" lon="17.681845">
				<ele>911.000000</ele>
			</trkpt>
			<trkpt lat="48.857857" lon="17.681935">
				<ele>910.000000</ele>
			</trkpt>
			<trkpt lat="48.857869" lon="17.681908">
				<ele>910.000000</ele>
			</trkpt>
			<trkpt lat="48.857869" lon="17.681854">
				<ele>910.000000</ele>
			</trkpt>
			<trkpt lat="48.857863" lon="17.681827">
				<ele>911.000000</ele>
			</trkpt>
			<trkpt lat="48.857839" lon="17.681791">
				<ele>912.000000</ele>
			</trkpt>
			<trkpt lat="48.857810" lon="17.681737">
				<ele>913.000000</ele>
			</trkpt>
			<trkpt lat="48.857786" lon="17.681665">
				<ele>914.000000</ele>
			</trkpt>
			<trkpt lat="48.857774" lon="17.681594">
				<ele>915.000000</ele>
			</trkpt>
			<trkpt lat="48.857774" lon="17.681477">
				<ele>917.000000</ele>
			</trkpt>
			<trkpt lat="48.857869" lon="17.680139">
				<ele>938.000000</ele>
			</trkpt>
			<trkpt lat="48.857869" lon="17.679779">
				<ele>942.000000</ele>
			</trkpt>
			<trkpt lat="48.857839" lon="17.679042">
				<ele>950.000000</ele>
			</trkpt>
			<trkpt lat="48.857827" lon="17.678728">
				<ele>953.000000</ele>
			</trkpt>
			<trkpt lat="48.857839" lon="17.678548">
				<ele>954.000000</ele>
			</trkpt>
			<trkpt lat="48.857857" lon="17.678351">
				<ele>956.000000</ele>
			</trkpt>
			<trkpt lat="48.857940" lon="17.677938">
				<ele>959.000000</ele>
			</trkpt>
			<trkpt lat="48.857957" lon="17.677821">
				<ele>960.000000</ele>
			</trkpt>
			<trkpt lat="48.857963" lon="17.677740">
				<ele>961.000000</ele>
			</trkpt>
			<trkpt lat="48.857963" lon="17.677632">
				<ele>962.000000</ele>
			</trkpt>
			<trkpt lat="48.857963" lon="17.677489">
				<ele>962.000000</ele>
			</trkpt>
			<trkpt lat="48.857951" lon="17.677300">
				<ele>963.000000</ele>
			</trkpt>
			<trkpt lat="48.857910" lon="17.677030">
				<ele>965.000000</ele>
			</trkpt>
			<trkpt lat="48.857845" lon="17.676680">
				<ele>967.000000</ele>
			</trkpt>
			<trkpt lat="48.857780" lon="17.676177">
				<ele>970.000000</ele>
			</trkpt>
			<trkpt lat="48.857774" lon="17.676069">
				<ele>970.000000</ele>
			</trkpt>
			<trkpt lat="48.857786" lon="17.675826">
				<ele>970.000000</ele>
			</trkpt>
			<trkpt lat="48.857727" lon="17.675835">
				<ele>970.000000</ele>
			</trkpt>
			<trkpt lat="48.857662" lon="17.675808">
				<ele>970.000000</ele>
			</trkpt>
			<trkpt lat="48.857609" lon="17.675772">
				<ele>970.000000</ele>
			</trkpt>
			<trkpt lat="48.857550" lon="17.675692">
				<ele>970.000000</ele>
			</trkpt>
			<trkpt lat="48.857479" lon="17.675558">
				<ele>969.000000</ele>
			</trkpt>
			<trkpt lat="48.857378" lon="17.675378">
				<ele>968.000000</ele>
			</trkpt>
			<trkpt lat="48.857325" lon="17.675225">
				<ele>968.000000</ele>
			</trkpt>
			<trkpt lat="48.857254" lon="17.674856">
				<ele>967.000000</ele>
			</trkpt>
			<trkpt lat="48.857201" lon="17.674613">
				<ele>966.000000</ele>
			</trkpt>
			<trkpt lat="48.857088" lon="17.674550">
				<ele>956.000000</ele>
			</trkpt>
			<trkpt lat="48.857059" lon="17.674407">
				<ele>956.000000</ele>
			</trkpt>
			<trkpt lat="48.857006" lon="17.674254">
				<ele>956.000000</ele>
			</trkpt>
			<trkpt lat="48.856947" lon="17.674137">
				<ele>957.000000</ele>
			</trkpt>
			<trkpt lat="48.856775" lon="17.673841">
				<ele>958.000000</ele>
			</trkpt>
			<trkpt lat="48.856492" lon="17.673338">
				<ele>959.000000</ele>
			</trkpt>
			<trkpt lat="48.856349" lon="17.673059">
				<ele>960.000000</ele>
			</trkpt>
			<trkpt lat="48.856143" lon="17.672619">
				<ele>960.000000</ele>
			</trkpt>
			<trkpt lat="48.855576" lon="17.671281">
				<ele>960.000000</ele>
			</trkpt>
			<trkpt lat="48.854955" lon="17.669663">
				<ele>960.000000</ele>
			</trkpt>
			<trkpt lat="48.854866" lon="17.669439">
				<ele>960.000000</ele>
			</trkpt>
			<trkpt lat="48.854766" lon="17.669233">
				<ele>960.000000</ele>
			</trkpt>
			<trkpt lat="48.854671" lon="17.669089">
				<ele>960.000000</ele>
			</trkpt>
			<trkpt lat="48.854511" lon="17.668910">
				<ele>960.000000</ele>
			</trkpt>
			<trkpt lat="48.854446" lon="17.668837">
				<ele>960.000000</ele>
			</trkpt>
			<trkpt lat="48.854405" lon="17.668784">
				<ele>960.000000</ele>
			</trkpt>
			<trkpt lat="48.854375" lon="17.668667">
				<ele>960.000000</ele>
			</trkpt>
			<trkpt lat="48.854316" lon="17.668703">
				<ele>960.000000</ele>
			</trkpt>
			<trkpt lat="48.854328" lon="17.668218">
				<ele>958.000000</ele>
			</trkpt>
			<trkpt lat="48.854305" lon="17.667984">
				<ele>956.000000</ele>
			</trkpt>
			<trkpt lat="48.854293" lon="17.667805">
				<ele>955.000000</ele>
			</trkpt>
			<trkpt lat="48.854287" lon="17.667642">
				<ele>953.000000</ele>
			</trkpt>
			<trkpt lat="48.854275" lon="17.667212">
				<ele>949.000000</ele>
			</trkpt>
			<trkpt lat="48.854263" lon="17.666673">
				<ele>942.000000</ele>
			</trkpt>
			<trkpt lat="48.854263" lon="17.666547">
				<ele>941.000000</ele>
			</trkpt>
			<trkpt lat="48.854287" lon="17.666439">
				<ele>939.000000</ele>
			</trkpt>
			<trkpt lat="48.854316" lon="17.666323">
				<ele>936.000000</ele>
			</trkpt>
			<trkpt lat="48.854310" lon="17.666223">
				<ele>935.000000</ele>
			</trkpt>
			<trkpt lat="48.854305" lon="17.666124">
				<ele>933.000000</ele>
			</trkpt>
			<trkpt lat="48.854322" lon="17.665963">
				<ele>930.000000</ele>
			</trkpt>
			<trkpt lat="48.854399" lon="17.664921">
				<ele>910.000000</ele>
			</trkpt>
			<trkpt lat="48.854435" lon="17.664679">
				<ele>905.000000</ele>
			</trkpt>
			<trkpt lat="48.854452" lon="17.664598">
				<ele>903.000000</ele>
			</trkpt>
			<trkpt lat="48.854482" lon="17.664499">
				<ele>901.000000</ele>
			</trkpt>
			<trkpt lat="48.854541" lon="17.664409">
				<ele>898.000000</ele>
			</trkpt>
			<trkpt lat="48.854654" lon="17.664212">
				<ele>893.000000</ele>
			</trkpt>
			<trkpt lat="48.854707" lon="17.664076">
				<ele>890.000000</ele>
			</trkpt>
			<trkpt lat="48.854778" lon="17.663860">
				<ele>886.000000</ele>
			</trkpt>
			<trkpt lat="48.854825" lon="17.663637">
				<ele>882.000000</ele>
			</trkpt>
			<trkpt lat="48.854849" lon="17.663411">
				<ele>878.000000</ele>
			</trkpt>
			<trkpt lat="48.854878" lon="17.663080">
				<ele>872.000000</ele>
			</trkpt>
			<trkpt lat="48.854979" lon="17.662468">
				<ele>864.000000</ele>
			</trkpt>
			<trkpt lat="48.855020" lon="17.662289">
				<ele>862.000000</ele>
			</trkpt>
			<trkpt lat="48.855091" lon="17.662092">
				<ele>860.000000</ele>
			</trkpt>
			<trkpt lat="48.855185" lon="17.661813">
				<ele>856.000000</ele>
			</trkpt>
			<trkpt lat="48.855256" lon="17.661526">
				<ele>854.000000</ele>
			</trkpt>
			<trkpt lat="48.855445" lon="17.660663">
				<ele>846.000000</ele>
			</trkpt>
			<trkpt lat="48.855522" lon="17.660394">
				<ele>844.000000</ele>
			</trkpt>
			<trkpt lat="48.855622" lon="17.660105">
				<ele>841.000000</ele>
			</trkpt>
			<trkpt lat="48.855700" lon="17.659891">
				<ele>840.000000</ele>
			</trkpt>
			<trkpt lat="48.855735" lon="17.659738">
				<ele>839.000000</ele>
			</trkpt>
			<trkpt lat="48.855759" lon="17.659602">
				<ele>838.000000</ele>
			</trkpt>
			<trkpt lat="48.855771" lon="17.659442">
				<ele>838.000000</ele>
			</trkpt>
			<trkpt lat="48.855806" lon="17.658723">
				<ele>835.000000</ele>
			</trkpt>
			<trkpt lat="48.855812" lon="17.658327">
				<ele>835.000000</ele>
			</trkpt>
			<trkpt lat="48.855806" lon="17.657994">
				<ele>835.000000</ele>
			</trkpt>
			<trkpt lat="48.855788" lon="17.657492">
				<ele>835.000000</ele>
			</trkpt>
			<trkpt lat="48.855788" lon="17.656746">
				<ele>835.000000</ele>
			</trkpt>
			<trkpt lat="48.855806" lon="17.655983">
				<ele>835.000000</ele>
			</trkpt>
			<trkpt lat="48.855788" lon="17.655461">
				<ele>835.000000</ele>
			</trkpt>
			<trkpt lat="48.855782" lon="17.654958">
				<ele>835.000000</ele>
			</trkpt>
			<trkpt lat="48.855765" lon="17.654734">
				<ele>835.000000</ele>
			</trkpt>
			<trkpt lat="48.855729" lon="17.654528">
				<ele>835.000000</ele>
			</trkpt>
			<trkpt lat="48.855557" lon="17.653782">
				<ele>835.000000</ele>
			</trkpt>
			<trkpt lat="48.855511" lon="17.653522">
				<ele>835.000000</ele>
			</trkpt>
			<trkpt lat="48.855463" lon="17.653234">
				<ele>835.000000</ele>
			</trkpt>
			<trkpt lat="48.855357" lon="17.652470">
				<ele>835.000000</ele>
			</trkpt>
			<trkpt lat="48.855315" lon="17.652237">
				<ele>835.000000</ele>
			</trkpt>
			<trkpt lat="48.855256" lon="17.651994">
				<ele>835.000000</ele>
			</trkpt>
			<trkpt lat="48.855233" lon="17.651905">
				<ele>835.000000</ele>
			</trkpt>
			<trkpt lat="48.855168" lon="17.651679">
				<ele>835.000000</ele>
			</trkpt>
			<trkpt lat="48.855091" lon="17.651473">
				<ele>835.000000</ele>
			</trkpt>
			<trkpt lat="48.855002" lon="17.651258">
				<ele>835.000000</ele>
			</trkpt>
			<trkpt lat="48.854949" lon="17.651052">
				<ele>835.000000</ele>
			</trkpt>
			<trkpt lat="48.854908" lon="17.650836">
				<ele>835.000000</ele>
			</trkpt>
			<trkpt lat="48.854860" lon="17.650494">
				<ele>835.000000</ele>
			</trkpt>
			<trkpt lat="48.854825" lon="17.650188">
				<ele>835.000000</ele>
			</trkpt>
			<trkpt lat="48.854784" lon="17.649981">
				<ele>835.000000</ele>
			</trkpt>
			<trkpt lat="48.854725" lon="17.649784">
				<ele>835.000000</ele>
			</trkpt>
			<trkpt lat="48.854641" lon="17.649578">
				<ele>835.000000</ele>
			</trkpt>
			<trkpt lat="48.854488" lon="17.649218">
				<ele>835.000000</ele>
			</trkpt>
			<trkpt lat="48.854435" lon="17.649092">
				<ele>835.000000</ele>
			</trkpt>
			<trkpt lat="48.854399" lon="17.648939">
				<ele>835.000000</ele>
			</trkpt>
			<trkpt lat="48.854293" lon="17.648473">
				<ele>835.000000</ele>
			</trkpt>
			<trkpt lat="48.854234" lon="17.648060">
				<ele>831.000000</ele>
			</trkpt>
			<trkpt lat="48.854228" lon="17.647566">
				<ele>832.000000</ele>
			</trkpt>
			<trkpt lat="48.854240" lon="17.647404">
				<ele>833.000000</ele>
			</trkpt>
			<trkpt lat="48.854251" lon="17.647224">
				<ele>833.000000</ele>
			</trkpt>
			<trkpt lat="48.854287" lon="17.646972">
				<ele>834.000000</ele>
			</trkpt>
			<trkpt lat="48.854316" lon="17.646757">
				<ele>834.000000</ele>
			</trkpt>
			<trkpt lat="48.854458" lon="17.646173">
				<ele>830.000000</ele>
			</trkpt>
			<trkpt lat="48.854565" lon="17.645742">
				<ele>825.000000</ele>
			</trkpt>
			<trkpt lat="48.854683" lon="17.645247">
				<ele>818.000000</ele>
			</trkpt>
			<trkpt lat="48.854736" lon="17.644924">
				<ele>814.000000</ele>
			</trkpt>
			<trkpt lat="48.854759" lon="17.644610">
				<ele>808.000000</ele>
			</trkpt>
			<trkpt lat="48.854772" lon="17.644215">
				<ele>801.000000</ele>
			</trkpt>
			<trkpt lat="48.854748" lon="17.643586">
				<ele>791.000000</ele>
			</trkpt>
			<trkpt lat="48.854713" lon="17.642148">
				<ele>775.000000</ele>
			</trkpt>
			<trkpt lat="48.854700" lon="17.641744">
				<ele>773.000000</ele>
			</trkpt>
			<trkpt lat="48.854700" lon="17.641278">
				<ele>772.000000</ele>
			</trkpt>
			<trkpt lat="48.854730" lon="17.640873">
				<ele>771.000000</ele>
			</trkpt>
			<trkpt lat="48.854766" lon="17.640496">
				<ele>769.000000</ele>
			</trkpt>
			<trkpt lat="48.854819" lon="17.640110">
				<ele>768.000000</ele>
			</trkpt>
			<trkpt lat="48.854890" lon="17.639733">
				<ele>767.000000</ele>
			</trkpt>
			<trkpt lat="48.855132" lon="17.638565">
				<ele>765.000000</ele>
			</trkpt>
			<trkpt lat="48.855168" lon="17.638358">
				<ele>765.000000</ele>
			</trkpt>
			<trkpt lat="48.855197" lon="17.638142">
				<ele>765.000000</ele>
			</trkpt>
			<trkpt lat="48.855221" lon="17.637962">
				<ele>765.000000</ele>
			</trkpt>
			<trkpt lat="48.855227" lon="17.637765">
				<ele>765.000000</ele>
			</trkpt>
			<trkpt lat="48.855209" lon="17.637370">
				<ele>766.000000</ele>
			</trkpt>
			<trkpt lat="48.855132" lon="17.636597">
				<ele>767.000000</ele>
			</trkpt>
			<trkpt lat="48.855097" lon="17.635986">
				<ele>768.000000</ele>
			</trkpt>
			<trkpt lat="48.855055" lon="17.635366">
				<ele>768.000000</ele>
			</trkpt>
			<trkpt lat="48.855014" lon="17.634683">
				<ele>769.000000</ele>
			</trkpt>
			<trkpt lat="48.854990" lon="17.633848">
				<ele>773.000000</ele>
			</trkpt>
			<trkpt lat="48.854979" lon="17.633561">
				<ele>775.000000</ele>
			</trkpt>
			<trkpt lat="48.854955" lon="17.633345">
				<ele>775.000000</ele>
			</trkpt>
			<trkpt lat="48.854925" lon="17.633148">
				<ele>775.000000</ele>
			</trkpt>
			<trkpt lat="48.854878" lon="17.632968">
				<ele>775.000000</ele>
			</trkpt>
			<trkpt lat="48.854843" lon="17.632859">
				<ele>775.000000</ele>
			</trkpt>
			<trkpt lat="48.854784" lon="17.632708">
				<ele>775.000000</ele>
			</trkpt>
			<trkpt lat="48.854694" lon="17.632536">
				<ele>775.000000</ele>
			</trkpt>
			<trkpt lat="48.854417" lon="17.632052">
				<ele>770.000000</ele>
			</trkpt>
			<trkpt lat="48.854074" lon="17.631441">
				<ele>766.000000</ele>
			</trkpt>
			<trkpt lat="48.853589" lon="17.630534">
				<ele>767.000000</ele>
			</trkpt>
			<trkpt lat="48.853513" lon="17.630462">
				<ele>766.000000</ele>
			</trkpt>
			<trkpt lat="48.853377" lon="17.630255">
				<ele>765.000000</ele>
			</trkpt>
			<trkpt lat="48.853365" lon="17.630120">
				<ele>767.000000</ele>
			</trkpt>
			<trkpt lat="48.853134" lon="17.629716">
				<ele>768.000000</ele>
			</trkpt>
			<trkpt lat="48.852744" lon="17.629096">
				<ele>770.000000</ele>
			</trkpt>
			<trkpt lat="48.852401" lon="17.628557">
				<ele>771.000000</ele>
			</trkpt>
			<trkpt lat="48.851733" lon="17.627435">
				<ele>773.000000</ele>
			</trkpt>
			<trkpt lat="48.851544" lon="17.627129">
				<ele>774.000000</ele>
			</trkpt>
			<trkpt lat="48.851355" lon="17.626842">
				<ele>774.000000</ele>
			</trkpt>
			<trkpt lat="48.851248" lon="17.626697">
				<ele>779.000000</ele>
			</trkpt>
			<trkpt lat="48.851048" lon="17.626464">
				<ele>781.000000</ele>
			</trkpt>
			<trkpt lat="48.850882" lon="17.626240">
				<ele>783.000000</ele>
			</trkpt>
			<trkpt lat="48.850043" lon="17.625162">
				<ele>793.000000</ele>
			</trkpt>
			<trkpt lat="48.849789" lon="17.624758">
				<ele>797.000000</ele>
			</trkpt>
			<trkpt lat="48.849215" lon="17.623661">
				<ele>803.000000</ele>
			</trkpt>
			<trkpt lat="48.849062" lon="17.623391">
				<ele>804.000000</ele>
			</trkpt>
			<trkpt lat="48.846946" lon="17.620787">
				<ele>810.000000</ele>
			</trkpt>
			<trkpt lat="48.846791" lon="17.620598">
				<ele>810.000000</ele>
			</trkpt>
			<trkpt lat="48.846726" lon="17.620544">
				<ele>810.000000</ele>
			</trkpt>
			<trkpt lat="48.846738" lon="17.620588">
				<ele>813.000000</ele>
			</trkpt>
			<trkpt lat="48.846650" lon="17.620544">
				<ele>812.000000</ele>
			</trkpt>
			<trkpt lat="48.846549" lon="17.620535">
				<ele>812.000000</ele>
			</trkpt>
			<trkpt lat="48.846159" lon="17.620598">
				<ele>810.000000</ele>
			</trkpt>
			<trkpt lat="48.845414" lon="17.620670">
				<ele>803.000000</ele>
			</trkpt>
			<trkpt lat="48.844729" lon="17.620741">
				<ele>798.000000</ele>
			</trkpt>
			<trkpt lat="48.843286" lon="17.620831">
				<ele>790.000000</ele>
			</trkpt>
			<trkpt lat="48.842630" lon="17.620877">
				<ele>790.000000</ele>
			</trkpt>
			<trkpt lat="48.842500" lon="17.620976">
				<ele>795.000000</ele>
			</trkpt>
			<trkpt lat="48.842381" lon="17.620976">
				<ele>794.000000</ele>
			</trkpt>
			<trkpt lat="48.842311" lon="17.620967">
				<ele>794.000000</ele>
			</trkpt>
			<trkpt lat="48.842204" lon="17.620930">
				<ele>794.000000</ele>
			</trkpt>
			<trkpt lat="48.842103" lon="17.620913">
				<ele>794.000000</ele>
			</trkpt>
			<trkpt lat="48.842038" lon="17.620921">
				<ele>794.000000</ele>
			</trkpt>
			<trkpt lat="48.841920" lon="17.620948">
				<ele>793.000000</ele>
			</trkpt>
			<trkpt lat="48.841619" lon="17.620984">
				<ele>792.000000</ele>
			</trkpt>
			<trkpt lat="48.841234" lon="17.620967">
				<ele>792.000000</ele>
			</trkpt>
			<trkpt lat="48.841110" lon="17.620921">
				<ele>791.000000</ele>
			</trkpt>
			<trkpt lat="48.840797" lon="17.620777">
				<ele>790.000000</ele>
			</trkpt>
			<trkpt lat="48.840590" lon="17.620706">
				<ele>790.000000</ele>
			</trkpt>
			<trkpt lat="48.840531" lon="17.620697">
				<ele>789.000000</ele>
			</trkpt>
			<trkpt lat="48.840466" lon="17.620714">
				<ele>788.000000</ele>
			</trkpt>
			<trkpt lat="48.840412" lon="17.620751">
				<ele>788.000000</ele>
			</trkpt>
			<trkpt lat="48.840371" lon="17.620760">
				<ele>787.000000</ele>
			</trkpt>
			<trkpt lat="48.840342" lon="17.620760">
				<ele>787.000000</ele>
			</trkpt>
			<trkpt lat="48.840294" lon="17.620733">
				<ele>786.000000</ele>
			</trkpt>
			<trkpt lat="48.840247" lon="17.620697">
				<ele>785.000000</ele>
			</trkpt>
			<trkpt lat="48.840123" lon="17.620580">
				<ele>784.000000</ele>
			</trkpt>
			<trkpt lat="48.840040" lon="17.620500">
				<ele>783.000000</ele>
			</trkpt>
			<trkpt lat="48.839957" lon="17.620410">
				<ele>781.000000</ele>
			</trkpt>
			<trkpt lat="48.839851" lon="17.620265">
				<ele>779.000000</ele>
			</trkpt>
			<trkpt lat="48.839786" lon="17.620185">
				<ele>778.000000</ele>
			</trkpt>
			<trkpt lat="48.839727" lon="17.620140">
				<ele>777.000000</ele>
			</trkpt>
			<trkpt lat="48.839662" lon="17.620122">
				<ele>776.000000</ele>
			</trkpt>
			<trkpt lat="48.839602" lon="17.620112">
				<ele>776.000000</ele>
			</trkpt>
			<trkpt lat="48.839490" lon="17.620112">
				<ele>774.000000</ele>
			</trkpt>
			<trkpt lat="48.839431" lon="17.620131">
				<ele>773.000000</ele>
			</trkpt>
			<trkpt lat="48.839378" lon="17.620140">
				<ele>772.000000</ele>
			</trkpt>
			<trkpt lat="48.839331" lon="17.620131">
				<ele>772.000000</ele>
			</trkpt>
			<trkpt lat="48.839277" lon="17.620085">
				<ele>771.000000</ele>
			</trkpt>
			<trkpt lat="48.839124" lon="17.619862">
				<ele>768.000000</ele>
			</trkpt>
			<trkpt lat="48.839012" lon="17.619691">
				<ele>766.000000</ele>
			</trkpt>
			<trkpt lat="48.838816" lon="17.619439">
				<ele>763.000000</ele>
			</trkpt>
			<trkpt lat="48.838763" lon="17.619376">
				<ele>762.000000</ele>
			</trkpt>
			<trkpt lat="48.838716" lon="17.619286">
				<ele>761.000000</ele>
			</trkpt>
			<trkpt lat="48.838639" lon="17.619070">
				<ele>760.000000</ele>
			</trkpt>
			<trkpt lat="48.838609" lon="17.618990">
				<ele>759.000000</ele>
			</trkpt>
			<trkpt lat="48.838568" lon="17.618900">
				<ele>758.000000</ele>
			</trkpt>
			<trkpt lat="48.838544" lon="17.618873">
				<ele>758.000000</ele>
			</trkpt>
			<trkpt lat="48.838497" lon="17.618856">
				<ele>757.000000</ele>
			</trkpt>
			<trkpt lat="48.838420" lon="17.618873">
				<ele>756.000000</ele>
			</trkpt>
			<trkpt lat="48.838361" lon="17.618883">
				<ele>756.000000</ele>
			</trkpt>
			<trkpt lat="48.838278" lon="17.618873">
				<ele>755.000000</ele>
			</trkpt>
			<trkpt lat="48.838154" lon="17.618819">
				<ele>753.000000</ele>
			</trkpt>
			<trkpt lat="48.838077" lon="17.618783">
				<ele>752.000000</ele>
			</trkpt>
			<trkpt lat="48.837994" lon="17.618720">
				<ele>751.000000</ele>
			</trkpt>
			<trkpt lat="48.837953" lon="17.618667">
				<ele>751.000000</ele>
			</trkpt>
			<trkpt lat="48.837888" lon="17.618559">
				<ele>750.000000</ele>
			</trkpt>
			<trkpt lat="48.837852" lon="17.618496">
				<ele>749.000000</ele>
			</trkpt>
			<trkpt lat="48.837817" lon="17.618451">
				<ele>749.000000</ele>
			</trkpt>
			<trkpt lat="48.837717" lon="17.618397">
				<ele>748.000000</ele>
			</trkpt>
			<trkpt lat="48.837587" lon="17.618353">
				<ele>747.000000</ele>
			</trkpt>
			<trkpt lat="48.837492" lon="17.618271">
				<ele>746.000000</ele>
			</trkpt>
			<trkpt lat="48.837432" lon="17.618217">
				<ele>746.000000</ele>
			</trkpt>
			<trkpt lat="48.837379" lon="17.618137">
				<ele>745.000000</ele>
			</trkpt>
			<trkpt lat="48.837291" lon="17.618011">
				<ele>744.000000</ele>
			</trkpt>
			<trkpt lat="48.837214" lon="17.617894">
				<ele>743.000000</ele>
			</trkpt>
			<trkpt lat="48.837149" lon="17.617714">
				<ele>742.000000</ele>
			</trkpt>
			<trkpt lat="48.837107" lon="17.617625">
				<ele>741.000000</ele>
			</trkpt>
			<trkpt lat="48.837054" lon="17.617544">
				<ele>741.000000</ele>
			</trkpt>
			<trkpt lat="48.836960" lon="17.617427">
				<ele>740.000000</ele>
			</trkpt>
			<trkpt lat="48.836853" lon="17.617338">
				<ele>739.000000</ele>
			</trkpt>
			<trkpt lat="48.836794" lon="17.617284">
				<ele>738.000000</ele>
			</trkpt>
			<trkpt lat="48.836693" lon="17.617185">
				<ele>738.000000</ele>
			</trkpt>
			<trkpt lat="48.836622" lon="17.617085">
				<ele>737.000000</ele>
			</trkpt>
			<trkpt lat="48.836540" lon="17.616986">
				<ele>736.000000</ele>
			</trkpt>
			<trkpt lat="48.836433" lon="17.616915">
				<ele>735.000000</ele>
			</trkpt>
			<trkpt lat="48.836280" lon="17.616835">
				<ele>734.000000</ele>
			</trkpt>
			<trkpt lat="48.836209" lon="17.616780">
				<ele>734.000000</ele>
			</trkpt>
			<trkpt lat="48.836156" lon="17.616699">
				<ele>733.000000</ele>
			</trkpt>
			<trkpt lat="48.836073" lon="17.616600">
				<ele>732.000000</ele>
			</trkpt>
			<trkpt lat="48.835967" lon="17.616510">
				<ele>731.000000</ele>
			</trkpt>
			<trkpt lat="48.835753" lon="17.616376">
				<ele>730.000000</ele>
			</trkpt>
			<trkpt lat="48.835641" lon="17.616277">
				<ele>729.000000</ele>
			</trkpt>
			<trkpt lat="48.835535" lon="17.616187">
				<ele>728.000000</ele>
			</trkpt>
			<trkpt lat="48.835452" lon="17.616160">
				<ele>727.000000</ele>
			</trkpt>
			<trkpt lat="48.835387" lon="17.616160">
				<ele>727.000000</ele>
			</trkpt>
			<trkpt lat="48.835286" lon="17.616169">
				<ele>726.000000</ele>
			</trkpt>
			<trkpt lat="48.835221" lon="17.616160">
				<ele>726.000000</ele>
			</trkpt>
			<trkpt lat="48.835103" lon="17.616133">
				<ele>725.000000</ele>
			</trkpt>
			<trkpt lat="48.834961" lon="17.616070">
				<ele>724.000000</ele>
			</trkpt>
			<trkpt lat="48.834790" lon="17.615954">
				<ele>722.000000</ele>
			</trkpt>
			<trkpt lat="48.834671" lon="17.615917">
				<ele>721.000000</ele>
			</trkpt>
			<trkpt lat="48.834589" lon="17.615873">
				<ele>721.000000</ele>
			</trkpt>
			<trkpt lat="48.834500" lon="17.615783">
				<ele>720.000000</ele>
			</trkpt>
			<trkpt lat="48.834352" lon="17.615613">
				<ele>718.000000</ele>
			</trkpt>
			<trkpt lat="48.834240" lon="17.615487">
				<ele>716.000000</ele>
			</trkpt>
			<trkpt lat="48.834121" lon="17.615397">
				<ele>715.000000</ele>
			</trkpt>
			<trkpt lat="48.833785" lon="17.615190">
				<ele>711.000000</ele>
			</trkpt>
			<trkpt lat="48.833678" lon="17.615137">
				<ele>710.000000</ele>
			</trkpt>
			<trkpt lat="48.833542" lon="17.615091">
				<ele>709.000000</ele>
			</trkpt>
			<trkpt lat="48.833305" lon="17.615082">
				<ele>707.000000</ele>
			</trkpt>
			<trkpt lat="48.832690" lon="17.614930">
				<ele>703.000000</ele>
			</trkpt>
			<trkpt lat="48.832554" lon="17.614902">
				<ele>702.000000</ele>
			</trkpt>
			<trkpt lat="48.832501" lon="17.614902">
				<ele>701.000000</ele>
			</trkpt>
			<trkpt lat="48.832336" lon="17.614930">
				<ele>700.000000</ele>
			</trkpt>
			<trkpt lat="48.832211" lon="17.614938">
				<ele>699.000000</ele>
			</trkpt>
			<trkpt lat="48.831756" lon="17.614938">
				<ele>697.000000</ele>
			</trkpt>
			<trkpt lat="48.831656" lon="17.614902">
				<ele>696.000000</ele>
			</trkpt>
			<trkpt lat="48.831401" lon="17.614804">
				<ele>695.000000</ele>
			</trkpt>
			<trkpt lat="48.831265" lon="17.614768">
				<ele>694.000000</ele>
			</trkpt>
			<trkpt lat="48.831029" lon="17.614741">
				<ele>693.000000</ele>
			</trkpt>
			<trkpt lat="48.830887" lon="17.614732">
				<ele>692.000000</ele>
			</trkpt>
			<trkpt lat="48.830816" lon="17.614714">
				<ele>692.000000</ele>
			</trkpt>
			<trkpt lat="48.830768" lon="17.614678">
				<ele>691.000000</ele>
			</trkpt>
			<trkpt lat="48.830745" lon="17.614661">
				<ele>691.000000</ele>
			</trkpt>
			<trkpt lat="48.830722" lon="17.614633">
				<ele>691.000000</ele>
			</trkpt>
			<trkpt lat="48.830697" lon="17.614606">
				<ele>691.000000</ele>
			</trkpt>
			<trkpt lat="48.830668" lon="17.614561">
				<ele>691.000000</ele>
			</trkpt>
			<trkpt lat="48.830609" lon="17.614454">
				<ele>690.000000</ele>
			</trkpt>
			<trkpt lat="48.830544" lon="17.614301">
				<ele>688.000000</ele>
			</trkpt>
			<trkpt lat="48.830497" lon="17.614148">
				<ele>687.000000</ele>
			</trkpt>
			<trkpt lat="48.830467" lon="17.614068">
				<ele>686.000000</ele>
			</trkpt>
			<trkpt lat="48.830414" lon="17.613969">
				<ele>684.000000</ele>
			</trkpt>
			<trkpt lat="48.830166" lon="17.613502">
				<ele>678.000000</ele>
			</trkpt>
			<trkpt lat="48.830112" lon="17.613412">
				<ele>676.000000</ele>
			</trkpt>
			<trkpt lat="48.830011" lon="17.613304">
				<ele>674.000000</ele>
			</trkpt>
			<trkpt lat="48.829450" lon="17.612900">
				<ele>665.000000</ele>
			</trkpt>
			<trkpt lat="48.829385" lon="17.612873">
				<ele>664.000000</ele>
			</trkpt>
			<trkpt lat="48.829296" lon="17.612837">
				<ele>663.000000</ele>
			</trkpt>
			<trkpt lat="48.829178" lon="17.612818">
				<ele>661.000000</ele>
			</trkpt>
			<trkpt lat="48.829071" lon="17.612827">
				<ele>660.000000</ele>
			</trkpt>
			<trkpt lat="48.828977" lon="17.612837">
				<ele>658.000000</ele>
			</trkpt>
			<trkpt lat="48.828888" lon="17.612818">
				<ele>657.000000</ele>
			</trkpt>
			<trkpt lat="48.828681" lon="17.612728">
				<ele>654.000000</ele>
			</trkpt>
			<trkpt lat="48.828527" lon="17.612657">
				<ele>652.000000</ele>
			</trkpt>
			<trkpt lat="48.828326" lon="17.612504">
				<ele>649.000000</ele>
			</trkpt>
			<trkpt lat="48.828267" lon="17.612468">
				<ele>648.000000</ele>
			</trkpt>
			<trkpt lat="48.828190" lon="17.612432">
				<ele>646.000000</ele>
			</trkpt>
			<trkpt lat="48.828066" lon="17.612424">
				<ele>644.000000</ele>
			</trkpt>
			<trkpt lat="48.827983" lon="17.612397">
				<ele>643.000000</ele>
			</trkpt>
			<trkpt lat="48.827918" lon="17.612351">
				<ele>642.000000</ele>
			</trkpt>
			<trkpt lat="48.827752" lon="17.612162">
				<ele>638.000000</ele>
			</trkpt>
			<trkpt lat="48.827599" lon="17.612011">
				<ele>633.000000</ele>
			</trkpt>
			<trkpt lat="48.827463" lon="17.611929">
				<ele>630.000000</ele>
			</trkpt>
			<trkpt lat="48.827374" lon="17.611858">
				<ele>628.000000</ele>
			</trkpt>
			<trkpt lat="48.827321" lon="17.611804">
				<ele>627.000000</ele>
			</trkpt>
			<trkpt lat="48.827256" lon="17.611705">
				<ele>625.000000</ele>
			</trkpt>
			<trkpt lat="48.827196" lon="17.611624">
				<ele>623.000000</ele>
			</trkpt>
			<trkpt lat="48.827120" lon="17.611543">
				<ele>621.000000</ele>
			</trkpt>
			<trkpt lat="48.827055" lon="17.611480">
				<ele>620.000000</ele>
			</trkpt>
			<trkpt lat="48.826978" lon="17.611453">
				<ele>619.000000</ele>
			</trkpt>
			<trkpt lat="48.826824" lon="17.611426">
				<ele>617.000000</ele>
			</trkpt>
			<trkpt lat="48.826741" lon="17.611399">
				<ele>616.000000</ele>
			</trkpt>
			<trkpt lat="48.826671" lon="17.611363">
				<ele>616.000000</ele>
			</trkpt>
			<trkpt lat="48.826523" lon="17.611282">
				<ele>614.000000</ele>
			</trkpt>
			<trkpt lat="48.826451" lon="17.611246">
				<ele>613.000000</ele>
			</trkpt>
			<trkpt lat="48.826380" lon="17.611202">
				<ele>612.000000</ele>
			</trkpt>
			<trkpt lat="48.826280" lon="17.611139">
				<ele>611.000000</ele>
			</trkpt>
			<trkpt lat="48.826049" lon="17.610986">
				<ele>608.000000</ele>
			</trkpt>
			<trkpt lat="48.825949" lon="17.610887">
				<ele>607.000000</ele>
			</trkpt>
			<trkpt lat="48.825919" lon="17.610843">
				<ele>607.000000</ele>
			</trkpt>
			<trkpt lat="48.825849" lon="17.610762">
				<ele>606.000000</ele>
			</trkpt>
			<trkpt lat="48.825659" lon="17.610527">
				<ele>603.000000</ele>
			</trkpt>
			<trkpt lat="48.825541" lon="17.610384">
				<ele>602.000000</ele>
			</trkpt>
			<trkpt lat="48.824731" lon="17.609351">
				<ele>588.000000</ele>
			</trkpt>
			<trkpt lat="48.824276" lon="17.608785">
				<ele>581.000000</ele>
			</trkpt>
			<trkpt lat="48.824151" lon="17.608642">
				<ele>580.000000</ele>
			</trkpt>
			<trkpt lat="48.823891" lon="17.608282">
				<ele>577.000000</ele>
			</trkpt>
			<trkpt lat="48.823643" lon="17.608022">
				<ele>574.000000</ele>
			</trkpt>
			<trkpt lat="48.823483" lon="17.607914">
				<ele>573.000000</ele>
			</trkpt>
			<trkpt lat="48.823400" lon="17.607860">
				<ele>572.000000</ele>
			</trkpt>
			<trkpt lat="48.823299" lon="17.607797">
				<ele>571.000000</ele>
			</trkpt>
			<trkpt lat="48.823087" lon="17.607707">
				<ele>569.000000</ele>
			</trkpt>
			<trkpt lat="48.822856" lon="17.607627">
				<ele>568.000000</ele>
			</trkpt>
			<trkpt lat="48.822737" lon="17.607600">
				<ele>568.000000</ele>
			</trkpt>
			<trkpt lat="48.822613" lon="17.607581">
				<ele>567.000000</ele>
			</trkpt>
			<trkpt lat="48.822548" lon="17.607581">
				<ele>567.000000</ele>
			</trkpt>
			<trkpt lat="48.821217" lon="17.607581">
				<ele>561.000000</ele>
			</trkpt>
			<trkpt lat="48.820916" lon="17.607564">
				<ele>559.000000</ele>
			</trkpt>
			<trkpt lat="48.820614" lon="17.607474">
				<ele>559.000000</ele>
			</trkpt>
			<trkpt lat="48.820514" lon="17.607428">
				<ele>558.000000</ele>
			</trkpt>
			<trkpt lat="48.819993" lon="17.607240">
				<ele>557.000000</ele>
			</trkpt>
			<trkpt lat="48.819236" lon="17.606988">
				<ele>554.000000</ele>
			</trkpt>
			<trkpt lat="48.818302" lon="17.606665">
				<ele>551.000000</ele>
			</trkpt>
			<trkpt lat="48.818023" lon="17.606512">
				<ele>551.000000</ele>
			</trkpt>
			<trkpt lat="48.817781" lon="17.606342">
				<ele>549.000000</ele>
			</trkpt>
			<trkpt lat="48.817562" lon="17.606162">
				<ele>547.000000</ele>
			</trkpt>
			<trkpt lat="48.817355" lon="17.605992">
				<ele>545.000000</ele>
			</trkpt>
			<trkpt lat="48.817178" lon="17.605866">
				<ele>543.000000</ele>
			</trkpt>
			<trkpt lat="48.816958" lon="17.605713">
				<ele>541.000000</ele>
			</trkpt>
			<trkpt lat="48.816840" lon="17.605659">
				<ele>540.000000</ele>
			</trkpt>
			<trkpt lat="48.816781" lon="17.605632">
				<ele>540.000000</ele>
			</trkpt>
			<trkpt lat="48.816728" lon="17.605614">
				<ele>539.000000</ele>
			</trkpt>
			<trkpt lat="48.816663" lon="17.605596">
				<ele>539.000000</ele>
			</trkpt>
			<trkpt lat="48.816568" lon="17.605579">
				<ele>538.000000</ele>
			</trkpt>
			<trkpt lat="48.816237" lon="17.605543">
				<ele>536.000000</ele>
			</trkpt>
			<trkpt lat="48.816083" lon="17.605497">
				<ele>534.000000</ele>
			</trkpt>
			<trkpt lat="48.815983" lon="17.605453">
				<ele>534.000000</ele>
			</trkpt>
			<trkpt lat="48.815888" lon="17.605399">
				<ele>533.000000</ele>
			</trkpt>
			<trkpt lat="48.815782" lon="17.605309">
				<ele>532.000000</ele>
			</trkpt>
			<trkpt lat="48.815302" lon="17.604904">
				<ele>529.000000</ele>
			</trkpt>
			<trkpt lat="48.815102" lon="17.604734">
				<ele>529.000000</ele>
			</trkpt>
			<trkpt lat="48.814557" lon="17.604258">
				<ele>527.000000</ele>
			</trkpt>
			<trkpt lat="48.814368" lon="17.604122">
				<ele>527.000000</ele>
			</trkpt>
			<trkpt lat="48.814161" lon="17.604015">
				<ele>526.000000</ele>
			</trkpt>
			<trkpt lat="48.813889" lon="17.603862">
				<ele>526.000000</ele>
			</trkpt>
			<trkpt lat="48.813031" lon="17.603395">
				<ele>524.000000</ele>
			</trkpt>
			<trkpt lat="48.812824" lon="17.603288">
				<ele>523.000000</ele>
			</trkpt>
			<trkpt lat="48.812694" lon="17.603206">
				<ele>523.000000</ele>
			</trkpt>
			<trkpt lat="48.811854" lon="17.602766">
				<ele>521.000000</ele>
			</trkpt>
			<trkpt lat="48.810818" lon="17.602210">
				<ele>516.000000</ele>
			</trkpt>
			<trkpt lat="48.810653" lon="17.602120">
				<ele>515.000000</ele>
			</trkpt>
			<trkpt lat="48.810404" lon="17.601958">
				<ele>513.000000</ele>
			</trkpt>
			<trkpt lat="48.810085" lon="17.601742">
				<ele>511.000000</ele>
			</trkpt>
			<trkpt lat="48.810067" lon="17.601652">
				<ele>511.000000</ele>
			</trkpt>
			<trkpt lat="48.810061" lon="17.601590">
				<ele>510.000000</ele>
			</trkpt>
			<trkpt lat="48.810038" lon="17.601518">
				<ele>510.000000</ele>
			</trkpt>
			<trkpt lat="48.809949" lon="17.601428">
				<ele>510.000000</ele>
			</trkpt>
			<trkpt lat="48.809552" lon="17.601222">
				<ele>510.000000</ele>
			</trkpt>
			<trkpt lat="48.809411" lon="17.601158">
				<ele>510.000000</ele>
			</trkpt>
			<trkpt lat="48.808919" lon="17.600925">
				<ele>510.000000</ele>
			</trkpt>
			<trkpt lat="48.808783" lon="17.600862">
				<ele>510.000000</ele>
			</trkpt>
			<trkpt lat="48.808736" lon="17.600853">
				<ele>510.000000</ele>
			</trkpt>
			<trkpt lat="48.808636" lon="17.600862">
				<ele>510.000000</ele>
			</trkpt>
			<trkpt lat="48.808476" lon="17.600880">
				<ele>510.000000</ele>
			</trkpt>
			<trkpt lat="48.808281" lon="17.600871">
				<ele>510.000000</ele>
			</trkpt>
			<trkpt lat="48.808121" lon="17.600845">
				<ele>510.000000</ele>
			</trkpt>
			<trkpt lat="48.807594" lon="17.600656">
				<ele>510.000000</ele>
			</trkpt>
			<trkpt lat="48.807488" lon="17.600619">
				<ele>510.000000</ele>
			</trkpt>
			<trkpt lat="48.807322" lon="17.600556">
				<ele>510.000000</ele>
			</trkpt>
			<trkpt lat="48.807156" lon="17.600503">
				<ele>510.000000</ele>
			</trkpt>
			<trkpt lat="48.806938" lon="17.600440">
				<ele>510.000000</ele>
			</trkpt>
			<trkpt lat="48.806802" lon="17.600413">
				<ele>510.000000</ele>
			</trkpt>
			<trkpt lat="48.806683" lon="17.600413">
				<ele>510.000000</ele>
			</trkpt>
			<trkpt lat="48.805778" lon="17.600493">
				<ele>510.000000</ele>
			</trkpt>
			<trkpt lat="48.805624" lon="17.600520">
				<ele>510.000000</ele>
			</trkpt>
			<trkpt lat="48.805441" lon="17.600583">
				<ele>510.000000</ele>
			</trkpt>
			<trkpt lat="48.805174" lon="17.600700">
				<ele>510.000000</ele>
			</trkpt>
			<trkpt lat="48.804760" lon="17.600862">
				<ele>510.000000</ele>
			</trkpt>
			<trkpt lat="48.804470" lon="17.600961">
				<ele>510.000000</ele>
			</trkpt>
			<trkpt lat="48.804151" lon="17.601042">
				<ele>510.000000</ele>
			</trkpt>
			<trkpt lat="48.803897" lon="17.601078">
				<ele>510.000000</ele>
			</trkpt>
			<trkpt lat="48.803790" lon="17.601095">
				<ele>510.000000</ele>
			</trkpt>
			<trkpt lat="48.803654" lon="17.601095">
				<ele>510.000000</ele>
			</trkpt>
			<trkpt lat="48.803447" lon="17.601078">
				<ele>510.000000</ele>
			</trkpt>
			<trkpt lat="48.803246" lon="17.600988">
				<ele>510.000000</ele>
			</trkpt>
			<trkpt lat="48.802908" lon="17.600782">
				<ele>510.000000</ele>
			</trkpt>
			<trkpt lat="48.802636" lon="17.600566">
				<ele>510.000000</ele>
			</trkpt>
			<trkpt lat="48.802529" lon="17.600539">
				<ele>510.000000</ele>
			</trkpt>
			<trkpt lat="48.802388" lon="17.600520">
				<ele>510.000000</ele>
			</trkpt>
			<trkpt lat="48.802080" lon="17.600493">
				<ele>508.000000</ele>
			</trkpt>
			<trkpt lat="48.801825" lon="17.600485">
				<ele>506.000000</ele>
			</trkpt>
			<trkpt lat="48.801110" lon="17.600583">
				<ele>500.000000</ele>
			</trkpt>
			<trkpt lat="48.801009" lon="17.600575">
				<ele>499.000000</ele>
			</trkpt>
			<trkpt lat="48.798009" lon="17.600485">
				<ele>480.000000</ele>
			</trkpt>
			<trkpt lat="48.797708" lon="17.600485">
				<ele>480.000000</ele>
			</trkpt>
			<trkpt lat="48.797583" lon="17.600485">
				<ele>480.000000</ele>
			</trkpt>
			<trkpt lat="48.797465" lon="17.600458">
				<ele>480.000000</ele>
			</trkpt>
			<trkpt lat="48.797174" lon="17.600369">
				<ele>480.000000</ele>
			</trkpt>
			<trkpt lat="48.796725" lon="17.600009">
				<ele>480.000000</ele>
			</trkpt>
			<trkpt lat="48.796240" lon="17.599623">
				<ele>480.000000</ele>
			</trkpt>
			<trkpt lat="48.796074" lon="17.599533">
				<ele>480.000000</ele>
			</trkpt>
			<trkpt lat="48.795986" lon="17.599506">
				<ele>480.000000</ele>
			</trkpt>
			<trkpt lat="48.795873" lon="17.599506">
				<ele>480.000000</ele>
			</trkpt>
			<trkpt lat="48.795695" lon="17.599254">
				<ele>480.000000</ele>
			</trkpt>
			<trkpt lat="48.795447" lon="17.599030">
				<ele>480.000000</ele>
			</trkpt>
			<trkpt lat="48.795376" lon="17.598985">
				<ele>480.000000</ele>
			</trkpt>
			<trkpt lat="48.795299" lon="17.598940">
				<ele>480.000000</ele>
			</trkpt>
			<trkpt lat="48.795163" lon="17.598885">
				<ele>480.000000</ele>
			</trkpt>
			<trkpt lat="48.794618" lon="17.598769">
				<ele>480.000000</ele>
			</trkpt>
			<trkpt lat="48.794488" lon="17.598761">
				<ele>480.000000</ele>
			</trkpt>
			<trkpt lat="48.794399" lon="17.598769">
				<ele>480.000000</ele>
			</trkpt>
			<trkpt lat="48.794174" lon="17.598850">
				<ele>480.000000</ele>
			</trkpt>
			<trkpt lat="48.794092" lon="17.598868">
				<ele>480.000000</ele>
			</trkpt>
			<trkpt lat="48.793973" lon="17.598877">
				<ele>480.000000</ele>
			</trkpt>
			<trkpt lat="48.793808" lon="17.598904">
				<ele>480.000000</ele>
			</trkpt>
			<trkpt lat="48.793743" lon="17.598912">
				<ele>480.000000</ele>
			</trkpt>
			<trkpt lat="48.793653" lon="17.598885">
				<ele>480.000000</ele>
			</trkpt>
			<trkpt lat="48.793429" lon="17.598787">
				<ele>479.000000</ele>
			</trkpt>
			<trkpt lat="48.793370" lon="17.598769">
				<ele>479.000000</ele>
			</trkpt>
			<trkpt lat="48.793299" lon="17.598787">
				<ele>479.000000</ele>
			</trkpt>
			<trkpt lat="48.793009" lon="17.598841">
				<ele>478.000000</ele>
			</trkpt>
			<trkpt lat="48.792902" lon="17.598841">
				<ele>477.000000</ele>
			</trkpt>
			<trkpt lat="48.792825" lon="17.598858">
				<ele>477.000000</ele>
			</trkpt>
			<trkpt lat="48.792576" lon="17.598967">
				<ele>476.000000</ele>
			</trkpt>
			<trkpt lat="48.792151" lon="17.599092">
				<ele>475.000000</ele>
			</trkpt>
			<trkpt lat="48.791855" lon="17.599128">
				<ele>473.000000</ele>
			</trkpt>
			<trkpt lat="48.791494" lon="17.599191">
				<ele>472.000000</ele>
			</trkpt>
			<trkpt lat="48.791056" lon="17.599227">
				<ele>470.000000</ele>
			</trkpt>
			<trkpt lat="48.790949" lon="17.599218">
				<ele>470.000000</ele>
			</trkpt>
			<trkpt lat="48.790813" lon="17.599191">
				<ele>469.000000</ele>
			</trkpt>
			<trkpt lat="48.790695" lon="17.599128">
				<ele>468.000000</ele>
			</trkpt>
			<trkpt lat="48.790168" lon="17.598787">
				<ele>465.000000</ele>
			</trkpt>
			<trkpt lat="48.789908" lon="17.598706">
				<ele>463.000000</ele>
			</trkpt>
			<trkpt lat="48.789849" lon="17.598698">
				<ele>463.000000</ele>
			</trkpt>
			<trkpt lat="48.789807" lon="17.598724">
				<ele>463.000000</ele>
			</trkpt>
			<trkpt lat="48.789778" lon="17.598751">
				<ele>462.000000</ele>
			</trkpt>
			<trkpt lat="48.789736" lon="17.598778">
				<ele>462.000000</ele>
			</trkpt>
			<trkpt lat="48.789682" lon="17.598778">
				<ele>462.000000</ele>
			</trkpt>
			<trkpt lat="48.789470" lon="17.598715">
				<ele>461.000000</ele>
			</trkpt>
			<trkpt lat="48.789363" lon="17.598688">
				<ele>460.000000</ele>
			</trkpt>
			<trkpt lat="48.789263" lon="17.598652">
				<ele>459.000000</ele>
			</trkpt>
			<trkpt lat="48.789186" lon="17.598608">
				<ele>458.000000</ele>
			</trkpt>
			<trkpt lat="48.789037" lon="17.598508">
				<ele>457.000000</ele>
			</trkpt>
			<trkpt lat="48.788842" lon="17.598346">
				<ele>455.000000</ele>
			</trkpt>
			<trkpt lat="48.788659" lon="17.598221">
				<ele>454.000000</ele>
			</trkpt>
			<trkpt lat="48.788428" lon="17.598105">
				<ele>452.000000</ele>
			</trkpt>
			<trkpt lat="48.788180" lon="17.597979">
				<ele>450.000000</ele>
			</trkpt>
			<trkpt lat="48.787883" lon="17.597816">
				<ele>448.000000</ele>
			</trkpt>
			<trkpt lat="48.787635" lon="17.597682">
				<ele>446.000000</ele>
			</trkpt>
			<trkpt lat="48.787339" lon="17.597511">
				<ele>444.000000</ele>
			</trkpt>
			<trkpt lat="48.786842" lon="17.597260">
				<ele>440.000000</ele>
			</trkpt>
			<trkpt lat="48.786475" lon="17.597063">
				<ele>439.000000</ele>
			</trkpt>
			<trkpt lat="48.785948" lon="17.596801">
				<ele>437.000000</ele>
			</trkpt>
			<trkpt lat="48.785705" lon="17.596685">
				<ele>436.000000</ele>
			</trkpt>
			<trkpt lat="48.784877" lon="17.596290">
				<ele>434.000000</ele>
			</trkpt>
			<trkpt lat="48.784563" lon="17.596164">
				<ele>432.000000</ele>
			</trkpt>
			<trkpt lat="48.784160" lon="17.596048">
				<ele>431.000000</ele>
			</trkpt>
			<trkpt lat="48.783764" lon="17.595948">
				<ele>430.000000</ele>
			</trkpt>
			<trkpt lat="48.783367" lon="17.595832">
				<ele>428.000000</ele>
			</trkpt>
			<trkpt lat="48.783059" lon="17.595742">
				<ele>426.000000</ele>
			</trkpt>
			<trkpt lat="48.782918" lon="17.595688">
				<ele>426.000000</ele>
			</trkpt>
			<trkpt lat="48.782782" lon="17.595598">
				<ele>425.000000</ele>
			</trkpt>
			<trkpt lat="48.782628" lon="17.595472">
				<ele>424.000000</ele>
			</trkpt>
			<trkpt lat="48.782491" lon="17.595356">
				<ele>423.000000</ele>
			</trkpt>
			<trkpt lat="48.782373" lon="17.595229">
				<ele>423.000000</ele>
			</trkpt>
			<trkpt lat="48.782290" lon="17.595113">
				<ele>422.000000</ele>
			</trkpt>
			<trkpt lat="48.782184" lon="17.594906">
				<ele>421.000000</ele>
			</trkpt>
			<trkpt lat="48.782077" lon="17.594700">
				<ele>421.000000</ele>
			</trkpt>
			<trkpt lat="48.781870" lon="17.594537">
				<ele>419.000000</ele>
			</trkpt>
			<trkpt lat="48.781704" lon="17.594440">
				<ele>418.000000</ele>
			</trkpt>
			<trkpt lat="48.781639" lon="17.594403">
				<ele>417.000000</ele>
			</trkpt>
			<trkpt lat="48.781284" lon="17.594250">
				<ele>415.000000</ele>
			</trkpt>
			<trkpt lat="48.781035" lon="17.594143">
				<ele>413.000000</ele>
			</trkpt>
			<trkpt lat="48.780940" lon="17.594080">
				<ele>412.000000</ele>
			</trkpt>
			<trkpt lat="48.780863" lon="17.593998">
				<ele>412.000000</ele>
			</trkpt>
			<trkpt lat="48.780775" lon="17.593855">
				<ele>411.000000</ele>
			</trkpt>
			<trkpt lat="48.780686" lon="17.593667">
				<ele>410.000000</ele>
			</trkpt>
			<trkpt lat="48.780597" lon="17.593352">
				<ele>408.000000</ele>
			</trkpt>
			<trkpt lat="48.780455" lon="17.592956">
				<ele>406.000000</ele>
			</trkpt>
			<trkpt lat="48.780283" lon="17.592516">
				<ele>404.000000</ele>
			</trkpt>
			<trkpt lat="48.780195" lon="17.592292">
				<ele>403.000000</ele>
			</trkpt>
			<trkpt lat="48.780153" lon="17.592211">
				<ele>402.000000</ele>
			</trkpt>
			<trkpt lat="48.780088" lon="17.592103">
				<ele>402.000000</ele>
			</trkpt>
			<trkpt lat="48.780000" lon="17.591977">
				<ele>401.000000</ele>
			</trkpt>
			<trkpt lat="48.779828" lon="17.591690">
				<ele>399.000000</ele>
			</trkpt>
			<trkpt lat="48.779615" lon="17.591367">
				<ele>397.000000</ele>
			</trkpt>
			<trkpt lat="48.779567" lon="17.591268">
				<ele>397.000000</ele>
			</trkpt>
			<trkpt lat="48.779532" lon="17.591178">
				<ele>397.000000</ele>
			</trkpt>
			<trkpt lat="48.779508" lon="17.591107">
				<ele>396.000000</ele>
			</trkpt>
			<trkpt lat="48.779485" lon="17.590990">
				<ele>396.000000</ele>
			</trkpt>
			<trkpt lat="48.779460" lon="17.590908">
				<ele>396.000000</ele>
			</trkpt>
			<trkpt lat="48.779431" lon="17.590837">
				<ele>395.000000</ele>
			</trkpt>
			<trkpt lat="48.779389" lon="17.590782">
				<ele>395.000000</ele>
			</trkpt>
			<trkpt lat="48.779342" lon="17.590747">
				<ele>395.000000</ele>
			</trkpt>
			<trkpt lat="48.779283" lon="17.590747">
				<ele>394.000000</ele>
			</trkpt>
			<trkpt lat="48.779046" lon="17.590765">
				<ele>393.000000</ele>
			</trkpt>
			<trkpt lat="48.778632" lon="17.590811">
				<ele>391.000000</ele>
			</trkpt>
			<trkpt lat="48.777312" lon="17.590962">
				<ele>385.000000</ele>
			</trkpt>
			<trkpt lat="48.777176" lon="17.590971">
				<ele>385.000000</ele>
			</trkpt>
			<trkpt lat="48.777022" lon="17.590945">
				<ele>384.000000</ele>
			</trkpt>
			<trkpt lat="48.776886" lon="17.590891">
				<ele>383.000000</ele>
			</trkpt>
			<trkpt lat="48.776737" lon="17.590801">
				<ele>383.000000</ele>
			</trkpt>
			<trkpt lat="48.776595" lon="17.590702">
				<ele>382.000000</ele>
			</trkpt>
			<trkpt lat="48.776270" lon="17.590369">
				<ele>380.000000</ele>
			</trkpt>
			<trkpt lat="48.776098" lon="17.590216">
				<ele>380.000000</ele>
			</trkpt>
			<trkpt lat="48.776021" lon="17.590155">
				<ele>379.000000</ele>
			</trkpt>
			<trkpt lat="48.775939" lon="17.590118">
				<ele>379.000000</ele>
			</trkpt>
			<trkpt lat="48.775873" lon="17.590100">
				<ele>379.000000</ele>
			</trkpt>
			<trkpt lat="48.775767" lon="17.590082">
				<ele>378.000000</ele>
			</trkpt>
			<trkpt lat="48.775684" lon="17.590055">
				<ele>378.000000</ele>
			</trkpt>
			<trkpt lat="48.775619" lon="17.590046">
				<ele>378.000000</ele>
			</trkpt>
			<trkpt lat="48.775524" lon="17.589948">
				<ele>377.000000</ele>
			</trkpt>
			<trkpt lat="48.775453" lon="17.590002">
				<ele>377.000000</ele>
			</trkpt>
			<trkpt lat="48.775388" lon="17.590019">
				<ele>378.000000</ele>
			</trkpt>
			<trkpt lat="48.775228" lon="17.590073">
				<ele>378.000000</ele>
			</trkpt>
			<trkpt lat="48.774962" lon="17.590073">
				<ele>379.000000</ele>
			</trkpt>
			<trkpt lat="48.774826" lon="17.590082">
				<ele>380.000000</ele>
			</trkpt>
			<trkpt lat="48.774719" lon="17.590092">
				<ele>380.000000</ele>
			</trkpt>
			<trkpt lat="48.774612" lon="17.590136">
				<ele>381.000000</ele>
			</trkpt>
			<trkpt lat="48.774488" lon="17.590216">
				<ele>382.000000</ele>
			</trkpt>
			<trkpt lat="48.774328" lon="17.590396">
				<ele>384.000000</ele>
			</trkpt>
			<trkpt lat="48.774109" lon="17.590692">
				<ele>387.000000</ele>
			</trkpt>
			<trkpt lat="48.773926" lon="17.590971">
				<ele>389.000000</ele>
			</trkpt>
			<trkpt lat="48.773760" lon="17.591268">
				<ele>391.000000</ele>
			</trkpt>
			<trkpt lat="48.773677" lon="17.591385">
				<ele>392.000000</ele>
			</trkpt>
			<trkpt lat="48.773558" lon="17.591501">
				<ele>394.000000</ele>
			</trkpt>
			<trkpt lat="48.773411" lon="17.591618">
				<ele>395.000000</ele>
			</trkpt>
			<trkpt lat="48.773298" lon="17.591673">
				<ele>396.000000</ele>
			</trkpt>
			<trkpt lat="48.773150" lon="17.591700">
				<ele>397.000000</ele>
			</trkpt>
			<trkpt lat="48.773032" lon="17.591681">
				<ele>398.000000</ele>
			</trkpt>
			<trkpt lat="48.772913" lon="17.591645">
				<ele>399.000000</ele>
			</trkpt>
			<trkpt lat="48.772783" lon="17.591574">
				<ele>400.000000</ele>
			</trkpt>
			<trkpt lat="48.772208" lon="17.591224">
				<ele>404.000000</ele>
			</trkpt>
			<trkpt lat="48.772114" lon="17.591124">
				<ele>405.000000</ele>
			</trkpt>
			<trkpt lat="48.772061" lon="17.591061">
				<ele>405.000000</ele>
			</trkpt>
			<trkpt lat="48.772007" lon="17.590971">
				<ele>406.000000</ele>
			</trkpt>
			<trkpt lat="48.771871" lon="17.590675">
				<ele>407.000000</ele>
			</trkpt>
			<trkpt lat="48.771587" lon="17.589983">
				<ele>411.000000</ele>
			</trkpt>
			<trkpt lat="48.771362" lon="17.589490">
				<ele>413.000000</ele>
			</trkpt>
			<trkpt lat="48.771273" lon="17.589247">
				<ele>414.000000</ele>
			</trkpt>
			<trkpt lat="48.771172" lon="17.588905">
				<ele>415.000000</ele>
			</trkpt>
			<trkpt lat="48.771084" lon="17.588582">
				<ele>416.000000</ele>
			</trkpt>
			<trkpt lat="48.771007" lon="17.588304">
				<ele>417.000000</ele>
			</trkpt>
			<trkpt lat="48.770894" lon="17.587855">
				<ele>418.000000</ele>
			</trkpt>
			<trkpt lat="48.770859" lon="17.587729">
				<ele>419.000000</ele>
			</trkpt>
			<trkpt lat="48.770835" lon="17.587666">
				<ele>419.000000</ele>
			</trkpt>
			<trkpt lat="48.770782" lon="17.587576">
				<ele>419.000000</ele>
			</trkpt>
			<trkpt lat="48.770687" lon="17.587505">
				<ele>420.000000</ele>
			</trkpt>
			<trkpt lat="48.770676" lon="17.587396">
				<ele>420.000000</ele>
			</trkpt>
			<trkpt lat="48.770651" lon="17.587289">
				<ele>420.000000</ele>
			</trkpt>
			<trkpt lat="48.770616" lon="17.587199">
				<ele>420.000000</ele>
			</trkpt>
			<trkpt lat="48.770563" lon="17.587090">
				<ele>420.000000</ele>
			</trkpt>
			<trkpt lat="48.770456" lon="17.586920">
				<ele>420.000000</ele>
			</trkpt>
			<trkpt lat="48.770279" lon="17.586660">
				<ele>420.000000</ele>
			</trkpt>
			<trkpt lat="48.770149" lon="17.586498">
				<ele>420.000000</ele>
			</trkpt>
			<trkpt lat="48.770036" lon="17.586408">
				<ele>420.000000</ele>
			</trkpt>
			<trkpt lat="48.769858" lon="17.586291">
				<ele>420.000000</ele>
			</trkpt>
			<trkpt lat="48.769178" lon="17.585924">
				<ele>420.000000</ele>
			</trkpt>
			<trkpt lat="48.768663" lon="17.585627">
				<ele>420.000000</ele>
			</trkpt>
			<trkpt lat="48.768005" lon="17.585249">
				<ele>420.000000</ele>
			</trkpt>
			<trkpt lat="48.766951" lon="17.584666">
				<ele>416.000000</ele>
			</trkpt>
			<trkpt lat="48.766690" lon="17.584522">
				<ele>414.000000</ele>
			</trkpt>
			<trkpt lat="48.766104" lon="17.584199">
				<ele>410.000000</ele>
			</trkpt>
			<trkpt lat="48.765945" lon="17.584100">
				<ele>409.000000</ele>
			</trkpt>
			<trkpt lat="48.765838" lon="17.584019">
				<ele>409.000000</ele>
			</trkpt>
			<trkpt lat="48.765696" lon="17.583902">
				<ele>408.000000</ele>
			</trkpt>
			<trkpt lat="48.765518" lon="17.583740">
				<ele>408.000000</ele>
			</trkpt>
			<trkpt lat="48.765400" lon="17.583624">
				<ele>407.000000</ele>
			</trkpt>
			<trkpt lat="48.765311" lon="17.583524">
				<ele>407.000000</ele>
			</trkpt>
			<trkpt lat="48.765192" lon="17.583363">
				<ele>406.000000</ele>
			</trkpt>
			<trkpt lat="48.765015" lon="17.583102">
				<ele>405.000000</ele>
			</trkpt>
			<trkpt lat="48.764879" lon="17.582878">
				<ele>404.000000</ele>
			</trkpt>
			<trkpt lat="48.764612" lon="17.582455">
				<ele>403.000000</ele>
			</trkpt>
			<trkpt lat="48.764192" lon="17.581719">
				<ele>400.000000</ele>
			</trkpt>
			<trkpt lat="48.764085" lon="17.581530">
				<ele>400.000000</ele>
			</trkpt>
			<trkpt lat="48.763973" lon="17.581350">
				<ele>399.000000</ele>
			</trkpt>
			<trkpt lat="48.763831" lon="17.581163">
				<ele>397.000000</ele>
			</trkpt>
			<trkpt lat="48.763766" lon="17.581073">
				<ele>397.000000</ele>
			</trkpt>
			<trkpt lat="48.763659" lon="17.580928">
				<ele>396.000000</ele>
			</trkpt>
			<trkpt lat="48.763387" lon="17.580551">
				<ele>394.000000</ele>
			</trkpt>
			<trkpt lat="48.763209" lon="17.580335">
				<ele>393.000000</ele>
			</trkpt>
			<trkpt lat="48.762753" lon="17.579796">
				<ele>389.000000</ele>
			</trkpt>
			<trkpt lat="48.761812" lon="17.578719">
				<ele>383.000000</ele>
			</trkpt>
			<trkpt lat="48.761687" lon="17.578574">
				<ele>383.000000</ele>
			</trkpt>
			<trkpt lat="48.761616" lon="17.578484">
				<ele>382.000000</ele>
			</trkpt>
			<trkpt lat="48.761551" lon="17.578377">
				<ele>382.000000</ele>
			</trkpt>
			<trkpt lat="48.761379" lon="17.578027">
				<ele>380.000000</ele>
			</trkpt>
			<trkpt lat="48.761320" lon="17.577901">
				<ele>380.000000</ele>
			</trkpt>
			<trkpt lat="48.760900" lon="17.577048">
				<ele>375.000000</ele>
			</trkpt>
			<trkpt lat="48.760810" lon="17.576876">
				<ele>375.000000</ele>
			</trkpt>
			<trkpt lat="48.760592" lon="17.576482">
				<ele>372.000000</ele>
			</trkpt>
			<trkpt lat="48.760515" lon="17.576356">
				<ele>372.000000</ele>
			</trkpt>
			<trkpt lat="48.760396" lon="17.576194">
				<ele>371.000000</ele>
			</trkpt>
			<trkpt lat="48.760236" lon="17.576006">
				<ele>370.000000</ele>
			</trkpt>
			<trkpt lat="48.759147" lon="17.574676">
				<ele>361.000000</ele>
			</trkpt>
			<trkpt lat="48.758590" lon="17.573949">
				<ele>355.000000</ele>
			</trkpt>
			<trkpt lat="48.758430" lon="17.573769">
				<ele>353.000000</ele>
			</trkpt>
			<trkpt lat="48.758341" lon="17.573626">
				<ele>352.000000</ele>
			</trkpt>
			<trkpt lat="48.758264" lon="17.573473">
				<ele>350.000000</ele>
			</trkpt>
			<trkpt lat="48.758205" lon="17.573364">
				<ele>350.000000</ele>
			</trkpt>
			<trkpt lat="48.758122" lon="17.573239">
				<ele>349.000000</ele>
			</trkpt>
			<trkpt lat="48.758128" lon="17.573104">
				<ele>349.000000</ele>
			</trkpt>
			<trkpt lat="48.758140" lon="17.572997">
				<ele>348.000000</ele>
			</trkpt>
			<trkpt lat="48.758170" lon="17.572880">
				<ele>348.000000</ele>
			</trkpt>
			<trkpt lat="48.758187" lon="17.572880">
				<ele>349.000000</ele>
			</trkpt>
			<trkpt lat="48.758187" lon="17.572825">
				<ele>349.000000</ele>
			</trkpt>
			<trkpt lat="48.758187" lon="17.572817">
				<ele>349.000000</ele>
			</trkpt>
			<trkpt lat="48.758341" lon="17.572781">
				<ele>350.000000</ele>
			</trkpt>
			<trkpt lat="48.758555" lon="17.572736">
				<ele>351.000000</ele>
			</trkpt>
			<trkpt lat="48.758915" lon="17.572637">
				<ele>353.000000</ele>
			</trkpt>
			<trkpt lat="48.759123" lon="17.572538">
				<ele>355.000000</ele>
			</trkpt>
			<trkpt lat="48.759170" lon="17.572521">
				<ele>355.000000</ele>
			</trkpt>
			<trkpt lat="48.761444" lon="17.571433">
				<ele>360.000000</ele>
			</trkpt>
			<trkpt lat="48.761456" lon="17.571505">
				<ele>360.000000</ele>
			</trkpt>
			<trkpt lat="48.762528" lon="17.570913">
				<ele>360.000000</ele>
			</trkpt>
			<trkpt lat="48.762563" lon="17.571065">
				<ele>360.000000</ele>
			</trkpt>
			<trkpt lat="48.763132" lon="17.570804">
				<ele>360.000000</ele>
			</trkpt>
			<trkpt lat="48.763161" lon="17.570966">
				<ele>360.000000</ele>
			</trkpt>
			<trkpt lat="48.763434" lon="17.570831">
				<ele>366.000000</ele>
			</trkpt>
			<trkpt lat="48.763647" lon="17.570733">
				<ele>367.000000</ele>
			</trkpt>
			<trkpt lat="48.763665" lon="17.570796">
				<ele>367.000000</ele>
			</trkpt>
			<trkpt lat="48.763671" lon="17.570831">
				<ele>367.000000</ele>
			</trkpt>
			<trkpt lat="48.763677" lon="17.570859">
				<ele>367.000000</ele>
			</trkpt>
			<trkpt lat="48.763682" lon="17.570894">
				<ele>368.000000</ele>
			</trkpt>
			<trkpt lat="48.763688" lon="17.570921">
				<ele>368.000000</ele>
			</trkpt>
			<trkpt lat="48.763694" lon="17.570957">
				<ele>368.000000</ele>
			</trkpt>
			<trkpt lat="48.763772" lon="17.570921">
				<ele>368.000000</ele>
			</trkpt>
		</trkseg>
	</trk>
</gpx>

